Question,Image,Option A,Option B,Option C,Option D,Option E,Answer,Difficulty,Topic,Type,Ref
Which value does the 9 in 38594 represent?,,90,90000,9,9000,900,90,1,Place Value,Multiple Choice,P2Q1_1
Which value does the 1 in 87816 represent?,,100,1000,10000,10,1,10,1,Place Value,Multiple Choice,P2Q1_2
Which value does the 3 in 37745 represent?,,3000,300,3,30000,30,30000,1,Place Value,Multiple Choice,P2Q1_3
Which value does the 5 in 44459 represent?,,50000,5,500,50,5000,50,1,Place Value,Multiple Choice,P2Q1_4
Which value does the 6 in 67028 represent?,,60000,6000,6,60,600,60000,1,Place Value,Multiple Choice,P2Q1_5
Which value does the 6 in 63879 represent?,,60000,6000,60,6,600,60000,1,Place Value,Multiple Choice,P2Q1_6
Which value does the 5 in 42795 represent?,,5000,50,50000,5,500,5,1,Place Value,Multiple Choice,P2Q1_7
Which value does the 5 in 59979 represent?,,5000,50000,500,5,50,50000,1,Place Value,Multiple Choice,P2Q1_8
Which value does the 8 in 85216 represent?,,80,8,8000,80000,800,80000,1,Place Value,Multiple Choice,P2Q1_9
Which value does the 6 in 65394 represent?,,600,6,6000,60,60000,60000,1,Place Value,Multiple Choice,P2Q1_10
Which value does the 5 in 85216 represent?,,50000,5000,500,5,50,50000,1,Place Value,Multiple Choice,P2Q1_11
Which value does the 3 in 42537 represent?,,30,3000,300,3,30000,30,1,Place Value,Multiple Choice,P2Q1_12
Which value does the 1 in 88431 represent?,,1000,10,100,10000,1,1,1,Place Value,Multiple Choice,P2Q1_13
Which value does the 3 in 17631 represent?,,30000,3000,300,3,30,30,1,Place Value,Multiple Choice,P2Q1_14
Which value does the 9 in 49047 represent?,,900,90000,9000,9,90,9000,1,Place Value,Multiple Choice,P2Q1_15
Which value does the 2 in 27089 represent?,,20,200,2,2000,20000,20000,1,Place Value,Multiple Choice,P2Q1_16
Which value does the 4 in 70884 represent?,,4000,40,4,400,40000,4,1,Place Value,Multiple Choice,P2Q1_17
Which value does the 7 in 97423 represent?,,7000,70000,7,70,700,7000,1,Place Value,Multiple Choice,P2Q1_18
Which value does the 2 in 27591 represent?,,20,200,2000,2,20000,20000,1,Place Value,Multiple Choice,P2Q1_19
Which value does the 4 in 69274 represent?,,4000,400,40000,40,4,4,1,Place Value,Multiple Choice,P2Q1_20
Which value does the 1 in 31060 represent?,,100,10,10000,1000,1,1000,1,Place Value,Multiple Choice,P2Q1_21
Which value does the 6 in 67917 represent?,,6,6000,60,60000,600,60000,1,Place Value,Multiple Choice,P2Q1_22
Which value does the 5 in 83475 represent?,,50,500,50000,5,5000,5,1,Place Value,Multiple Choice,P2Q1_23
Which value does the 2 in 61253 represent?,,20000,2,200,20,2000,200,1,Place Value,Multiple Choice,P2Q1_24
Which value does the 4 in 45276 represent?,,40000,40,4000,4,400,40000,1,Place Value,Multiple Choice,P2Q1_25
Which value does the 7 in 53897 represent?,,7000,700,7,70,70000,7,1,Place Value,Multiple Choice,P2Q1_26
Which value does the 1 in 16058 represent?,,10000,1000,100,10,1,10000,1,Place Value,Multiple Choice,P2Q1_27
Which value does the 4 in 30246 represent?,,40,400,4,4000,40000,40,1,Place Value,Multiple Choice,P2Q1_28
Which value does the 2 in 32175 represent?,,2,200,20,20000,2000,2000,1,Place Value,Multiple Choice,P2Q1_29
Which value does the 9 in 19338 represent?,,90000,900,9000,9,90,9000,1,Place Value,Multiple Choice,P2Q1_30
Which value does the 5 in 10542 represent?,,5000,50,50000,5,500,500,1,Place Value,Multiple Choice,P2Q1_31
Which value does the 2 in 23866 represent?,,20000,20,2000,200,2,20000,1,Place Value,Multiple Choice,P2Q1_32
Which value does the 8 in 83799 represent?,,800,8,80,8000,80000,80000,1,Place Value,Multiple Choice,P2Q1_33
Which value does the 9 in 29070 represent?,,900,9,9000,90,90000,9000,1,Place Value,Multiple Choice,P2Q1_34
Which value does the 4 in 71248 represent?,,40000,400,40,4,4000,40,1,Place Value,Multiple Choice,P2Q1_35
Which value does the 1 in 90132 represent?,,1000,1,10000,10,100,100,1,Place Value,Multiple Choice,P2Q1_36
Which value does the 6 in 64532 represent?,,6,60000,60,6000,600,60000,1,Place Value,Multiple Choice,P2Q1_37
Which value does the 6 in 91697 represent?,,60,6,6000,60000,600,600,1,Place Value,Multiple Choice,P2Q1_38
Which value does the 4 in 75425 represent?,,4,40,40000,400,4000,400,1,Place Value,Multiple Choice,P2Q1_39
Which value does the 5 in 50363 represent?,,50000,5,5000,50,500,50000,1,Place Value,Multiple Choice,P2Q1_40
Which value does the 6 in 60709 represent?,,600,6,6000,60000,60,60000,1,Place Value,Multiple Choice,P2Q1_41
Which value does the 8 in 58157 represent?,,8000,80000,8,800,80,8000,1,Place Value,Multiple Choice,P2Q1_42
Which value does the 2 in 13482 represent?,,20000,200,2000,2,20,2,1,Place Value,Multiple Choice,P2Q1_43
Which value does the 2 in 52065 represent?,,20000,20,200,2,2000,2000,1,Place Value,Multiple Choice,P2Q1_44
Which value does the 8 in 54078 represent?,,8000,800,80,8,80000,8,1,Place Value,Multiple Choice,P2Q1_45
Which value does the 3 in 13926 represent?,,3000,300,30,30000,3,3000,1,Place Value,Multiple Choice,P2Q1_46
Which value does the 3 in 36210 represent?,,3,30000,30,3000,300,30000,1,Place Value,Multiple Choice,P2Q1_47
Which value does the 1 in 99107 represent?,,1000,10,10000,100,1,100,1,Place Value,Multiple Choice,P2Q1_48
Which value does the 7 in 78045 represent?,,700,70,7000,7,70000,70000,1,Place Value,Multiple Choice,P2Q1_49
Which value does the 8 in 48023 represent?,,80000,80,8,8000,800,8000,1,Place Value,Multiple Choice,P2Q1_50
84615. The 8 in this number is worth 80000. What is the 6 worth?,,60,600,6000,6,84600,600,1,Place Value,Text,P3Q1_1
29745. The 4 in this number is worth 40. What is the 2 worth?,,20000,200,2,2000,20,20000,1,Place Value,Text,P3Q1_2
51876. The 1 in this number is worth 1000. What is the 7 worth?,,7,70000,70,700,51870,70,1,Place Value,Text,P3Q1_3
47361. The 3 in this number is worth 300. What is the 1 worth?,,10000,1,47361,1000,10,1,1,Place Value,Text,P3Q1_4
84215. The 4 in this number is worth 4000. What is the 2 worth?,,2000,84200,200,2,20,200,1,Place Value,Text,P3Q1_5
95716. The 6 in this number is worth 6. What is the 5 worth?,,50000,95000,5000,500,5,5000,1,Place Value,Text,P3Q1_6
73569. The 3 in this number is worth 3000. What is the 5 worth?,,5000,500,5,73500,50,500,1,Place Value,Text,P3Q1_7
96527. The 5 in this number is worth 500. What is the 2 worth?,,2000,200,20,2,96520,20,1,Place Value,Text,P3Q1_8
94637. The 6 in this number is worth 600. What is the 4 worth?,,94000,4,4000,400,40000,4000,1,Place Value,Text,P3Q1_9
61472. The 4 in this number is worth 400. What is the 1 worth?,,10000,1000,61000,100,1,1000,1,Place Value,Text,P3Q1_10
16732. The 1 in this number is worth 10000. What is the 7 worth?,,16700,7,7000,70,700,700,1,Place Value,Text,P3Q1_11
67135. The 6 in this number is worth 60000. What is the 5 worth?,,500,50,67135,5,50000,5,1,Place Value,Text,P3Q1_12
48139. The 8 in this number is worth 8000. What is the 3 worth?,,3,30,48130,300,30000,30,1,Place Value,Text,P3Q1_13
81239. The 3 in this number is worth 30. What is the 2 worth?,,2000,200,20,2,81200,200,1,Place Value,Text,P3Q1_14
56738. The 3 in this number is worth 30. What is the 8 worth?,,80000,80,8,8000,56738,8,1,Place Value,Text,P3Q1_15
62748. The 2 in this number is worth 2000. What is the 4 worth?,,400,62740,4,4000,40,40,1,Place Value,Text,P3Q1_16
86231. The 1 in this number is worth 1. What is the 2 worth?,,20,200,2,86200,2000,200,1,Place Value,Text,P3Q1_17
89473. The 7 in this number is worth 70. What is the 8 worth?,,80,8,8000,80000,800,80000,1,Place Value,Text,P3Q1_18
51426. The 4 in this number is worth 400. What is the 6 worth?,,60,600,60000,6,51426,6,1,Place Value,Text,P3Q1_19
34685. The 5 in this number is worth 5. What is the 3 worth?,,3,30000,30,300,3000,30000,1,Place Value,Text,P3Q1_20
35748. The 3 in this number is worth 30000. What is the 4 worth?,,4,40,4000,400,35740,40,1,Place Value,Text,P3Q1_21
68729. The 6 in this number is worth 60000. What is the 9 worth?,,90000,90,900,9,68729,9,1,Place Value,Text,P3Q1_22
16423. The 3 in this number is worth 3. What is the 2 worth?,,16420,2,20000,20,200,20,1,Place Value,Text,P3Q1_23
19438. The 4 in this number is worth 400. What is the 3 worth?,,30000,30,3,19430,300,30,1,Place Value,Text,P3Q1_24
92374. The 3 in this number is worth 300. What is the 9 worth?,,9,9000,90000,90,900,90000,1,Place Value,Text,P3Q1_25
41237. The 4 in this number is worth 40000. What is the 7 worth?,,41237,7,700,70,70000,7,1,Place Value,Text,P3Q1_26
92438. The 3 in this number is worth 30. What is the 9 worth?,,90000,900,9,9000,90,90000,1,Place Value,Text,P3Q1_27
42691. The 1 in this number is worth 1. What is the 4 worth?,,4000,40,4,400,40000,40000,1,Place Value,Text,P3Q1_28
83721. The 8 in this number is worth 80000. What is the 2 worth?,,200,20,2,2000,83720,20,1,Place Value,Text,P3Q1_29
61275. The 6 in this number is worth 60000. What is the 5 worth?,,5000,50000,50,61275,5,5,1,Place Value,Text,P3Q1_30
78213. The 3 in this number is worth 3. What is the 8 worth?,,800,8,80000,78000,8000,8000,1,Place Value,Text,P3Q1_31
25871. The 5 in this number is worth 5000. What is the 8 worth?,,8000,8,25800,800,80,800,1,Place Value,Text,P3Q1_32
86257. The 7 in this number is worth 7. What is the 6 worth?,,60000,6,600,86000,6000,6000,1,Place Value,Text,P3Q1_33
87365. The 3 in this number is worth 300. What is the 8 worth?,,8000,8,80,80000,800,80000,1,Place Value,Text,P3Q1_34
65927. The 5 in this number is worth 5000. What is the 7 worth?,,7000,70000,65927,7,70,7,1,Place Value,Text,P3Q1_35
58632. The 5 in this number is worth 50000. What is the 2 worth?,,58632,2,20,200,20000,2,1,Place Value,Text,P3Q1_36
14263. The 3 in this number is worth 3. What is the 4 worth?,,14000,4000,400,4,40000,4000,1,Place Value,Text,P3Q1_37
29571. The 1 in this number is worth 1. What is the 2 worth?,,20,20000,2,200,2000,20000,1,Place Value,Text,P3Q1_38
29567. The 7 in this number is worth 7. What is the 5 worth?,,29500,50,5000,5,500,500,1,Place Value,Text,P3Q1_39
28914. The 9 in this number is worth 900. What is the 2 worth?,,2,200,2000,20000,20,20000,1,Place Value,Text,P3Q1_40
62947. The 4 in this number is worth 40. What is the 9 worth?,,90,62900,9,9000,900,900,1,Place Value,Text,P3Q1_41
41657. The 1 in this number is worth 1000. What is the 4 worth?,,40000,4000,4,400,40,40000,1,Place Value,Text,P3Q1_42
54267. The 2 in this number is worth 200. What is the 6 worth?,,6000,60,6,600,54260,60,1,Place Value,Text,P3Q1_43
21845. The 2 in this number is worth 20000. What is the 4 worth?,,40000,40,4,400,21840,40,1,Place Value,Text,P3Q1_44
47526. The 7 in this number is worth 7000. What is the 4 worth?,,4000,40000,400,4,40,40000,1,Place Value,Text,P3Q1_45
87943. The 7 in this number is worth 7000. What is the 9 worth?,,90,9000,900,9,87900,900,1,Place Value,Text,P3Q1_46
83294. The 4 in this number is worth 4. What is the 8 worth?,,80000,8000,8,80,800,80000,1,Place Value,Text,P3Q1_47
59631. The 3 in this number is worth 30. What is the 1 worth?,,59631,10000,10,1000,1,1,1,Place Value,Text,P3Q1_48
34671. The 7 in this number is worth 70. What is the 6 worth?,,34600,6,6000,600,60,600,1,Place Value,Text,P3Q1_49
75924. The 2 in this number is worth 20. What is the 7 worth?,,70,7000,700,7,70000,70000,1,Place Value,Text,P3Q1_50
Which value does the 1 in 42913 represent?,,5508,1,100,378,10,10,1,Place Value,Multiple Choice,P4Q1_1
Which value does the 3 in 30874 represent?,,300000,30000,300,3,30,30000,1,Place Value,Multiple Choice,P4Q1_2
Which value does the 9 in 96841 represent?,,90,90000,900,9,900000,90000,1,Place Value,Multiple Choice,P4Q1_3
Which value does the 2 in 76152 represent?,,200,2,20,1606,3195,2,1,Place Value,Multiple Choice,P4Q1_4
Which value does the 6 in 36029 represent?,,60000,600,60,6,6000,6000,1,Place Value,Multiple Choice,P4Q1_5
Which value does the 1 in 71042 represent?,,10,1,10000,1000,100,1000,1,Place Value,Multiple Choice,P4Q1_6
Which value does the 2 in 31298 represent?,,2,2000,8836,20,200,200,1,Place Value,Multiple Choice,P4Q1_7
Which value does the 4 in 74698 represent?,,400,4,4000,40,40000,4000,1,Place Value,Multiple Choice,P4Q1_8
Which value does the 8 in 90867 represent?,,367,8,80,8000,800,800,1,Place Value,Multiple Choice,P4Q1_9
Which value does the 4 in 30487 represent?,,4000,4,3768,40,400,400,1,Place Value,Multiple Choice,P4Q1_10
Which value does the 2 in 82710 represent?,,2000,2,200,20,20000,2000,1,Place Value,Multiple Choice,P4Q1_11
Which value does the 3 in 16384 represent?,,300,5662,3000,30,3,300,1,Place Value,Multiple Choice,P4Q1_12
Which value does the 9 in 56392 represent?,,215,90,900,612,9,90,1,Place Value,Multiple Choice,P4Q1_13
Which value does the 7 in 12497 represent?,,2624,7,70,6315,700,7,1,Place Value,Multiple Choice,P4Q1_14
Which value does the 4 in 40562 represent?,,400,400000,40000,4,40,40000,1,Place Value,Multiple Choice,P4Q1_15
Which value does the 1 in 34617 represent?,,1113,10,1,100,780,10,1,Place Value,Multiple Choice,P4Q1_16
Which value does the 4 in 16804 represent?,,1948,4,2952,400,40,4,1,Place Value,Multiple Choice,P4Q1_17
Which value does the 5 in 90581 represent?,,3404,500,5000,50,5,500,1,Place Value,Multiple Choice,P4Q1_18
Which value does the 8 in 48760 represent?,,8000,8,80,80000,800,8000,1,Place Value,Multiple Choice,P4Q1_19
Which value does the 5 in 25134 represent?,,5000,5,50000,50,500,5000,1,Place Value,Multiple Choice,P4Q1_20
Which value does the 4 in 34590 represent?,,40000,4000,4,40,400,4000,1,Place Value,Multiple Choice,P4Q1_21
Which value does the 9 in 95081 represent?,,9,900000,90,900,90000,90000,1,Place Value,Multiple Choice,P4Q1_22
Which value does the 3 in 87390 represent?,,3,3000,300,8526,30,300,1,Place Value,Multiple Choice,P4Q1_23
Which value does the 7 in 81047 represent?,,4739,7,5055,700,70,7,1,Place Value,Multiple Choice,P4Q1_24
Which value does the 8 in 75816 represent?,,800,8000,5715,80,8,800,1,Place Value,Multiple Choice,P4Q1_25
Which value does the 3 in 56073 represent?,,8041,3103,300,3,30,3,1,Place Value,Multiple Choice,P4Q1_26
Which value does the 5 in 21659 represent?,,5,3349,50,500,2880,50,1,Place Value,Multiple Choice,P4Q1_27
Which value does the 2 in 42597 represent?,,2000,200,2,20,20000,2000,1,Place Value,Multiple Choice,P4Q1_28
Which value does the 5 in 52617 represent?,,50000,50,500,5,500000,50000,1,Place Value,Multiple Choice,P4Q1_29
Which value does the 4 in 83046 represent?,,400,1439,40,4,4966,40,1,Place Value,Multiple Choice,P4Q1_30
Which value does the 7 in 81793 represent?,,700,7000,7,70,1739,700,1,Place Value,Multiple Choice,P4Q1_31
Which value does the 4 in 45701 represent?,,40,4,400,400000,40000,40000,1,Place Value,Multiple Choice,P4Q1_32
Which value does the 7 in 16739 represent?,,700,2349,70,7,7000,700,1,Place Value,Multiple Choice,P4Q1_33
Which value does the 1 in 12560 represent?,,10000,100,100000,1,10,10000,1,Place Value,Multiple Choice,P4Q1_34
Which value does the 6 in 61245 represent?,,600,600000,60000,60,6,60000,1,Place Value,Multiple Choice,P4Q1_35
Which value does the 7 in 87460 represent?,,7,7000,70000,700,70,7000,1,Place Value,Multiple Choice,P4Q1_36
Which value does the 4 in 41079 represent?,,4,400,40000,40,400000,40000,1,Place Value,Multiple Choice,P4Q1_37
Which value does the 1 in 41065 represent?,,1000,10000,1,100,10,1000,1,Place Value,Multiple Choice,P4Q1_38
Which value does the 9 in 73986 represent?,,6055,9000,9,90,900,900,1,Place Value,Multiple Choice,P4Q1_39
Which value does the 2 in 47320 represent?,,20,2,6384,3843,200,20,1,Place Value,Multiple Choice,P4Q1_40
Which value does the 6 in 25360 represent?,,6,600,60,5316,4407,60,1,Place Value,Multiple Choice,P4Q1_41
Which value does the 3 in 52837 represent?,,2661,30,300,115,3,30,1,Place Value,Multiple Choice,P4Q1_42
Which value does the 1 in 93521 represent?,,100,1,10,2738,4825,1,1,Place Value,Multiple Choice,P4Q1_43
Which value does the 9 in 95140 represent?,,90000,9,90,900,900000,90000,1,Place Value,Multiple Choice,P4Q1_44
Which value does the 4 in 83764 represent?,,4,6177,5186,400,40,4,1,Place Value,Multiple Choice,P4Q1_45
Which value does the 6 in 63409 represent?,,60,600000,60000,600,6,60000,1,Place Value,Multiple Choice,P4Q1_46
Which value does the 1 in 60187 represent?,,100,1000,1,7412,10,100,1,Place Value,Multiple Choice,P4Q1_47
Which value does the 8 in 83650 represent?,,80,80000,8,800000,800,80000,1,Place Value,Multiple Choice,P4Q1_48
Which value does the 1 in 92185 represent?,,1,100,7021,1000,10,100,1,Place Value,Multiple Choice,P4Q1_49
Which value does the 8 in 17689 represent?,,6229,800,62,80,8,80,1,Place Value,Multiple Choice,P4Q1_50
The graph below shows the number of toys sold on five days. How many more toys were sold on Fri than on Thu?,P2Q2_1.png,86,108,105,85,95,95,2,Data Handling,Multiple Choice,P2Q2_1
The graph below shows the number of books sold on five days. How many more books were sold on Thu than on Mon?,P2Q2_2.png,50,60,58,44,40,50,2,Data Handling,Multiple Choice,P2Q2_2
The graph below shows the number of toys sold on five days. How many more toys were sold on Fri than on Mon?,P2Q2_3.png,34,35,25,19,15,25,2,Data Handling,Multiple Choice,P2Q2_3
The graph below shows the number of pies sold on five days. How many more pies were sold on Fri than on Tue?,P2Q2_4.png,76,85,75,78,95,85,2,Data Handling,Multiple Choice,P2Q2_4
The graph below shows the number of tickets sold on five days. How many more tickets were sold on Mon than on Thu?,P2Q2_5.png,1,3,5,4,7,5,2,Data Handling,Multiple Choice,P2Q2_5
The graph below shows the number of books sold on five days. How many more books were sold on Thu than on Mon?,P2Q2_6.png,90,75,80,70,71,80,2,Data Handling,Multiple Choice,P2Q2_6
The graph below shows the number of pies sold on five days. How many more pies were sold on Mon than on Tue?,P2Q2_7.png,106,85,103,95,105,95,2,Data Handling,Multiple Choice,P2Q2_7
The graph below shows the number of tickets sold on five days. How many more tickets were sold on Fri than on Wed?,P2Q2_8.png,60,50,64,70,49,60,2,Data Handling,Multiple Choice,P2Q2_8
The graph below shows the number of tickets sold on five days. How many more tickets were sold on Tue than on Fri?,P2Q2_9.png,50,60,58,40,47,50,2,Data Handling,Multiple Choice,P2Q2_9
The graph below shows the number of pies sold on five days. How many more pies were sold on Fri than on Thu?,P2Q2_10.png,25,15,16,40,35,25,2,Data Handling,Multiple Choice,P2Q2_10
The graph below shows the number of pies sold on five days. How many more pies were sold on Tue than on Mon?,P2Q2_11.png,38,35,40,25,15,25,2,Data Handling,Multiple Choice,P2Q2_11
The graph below shows the number of trees sold on five days. How many more trees were sold on Tue than on Fri?,P2Q2_12.png,11,5,1,9,7,5,2,Data Handling,Multiple Choice,P2Q2_12
The graph below shows the number of toys sold on five days. How many more toys were sold on Mon than on Fri?,P2Q2_13.png,10,23,30,20,16,20,2,Data Handling,Multiple Choice,P2Q2_13
The graph below shows the number of pies sold on five days. How many more pies were sold on Tue than on Thu?,P2Q2_14.png,35,40,22,20,30,30,2,Data Handling,Multiple Choice,P2Q2_14
The graph below shows the number of tickets sold on five days. How many more tickets were sold on Wed than on Mon?,P2Q2_15.png,30,37,35,40,20,30,2,Data Handling,Multiple Choice,P2Q2_15
The graph below shows the number of tickets sold on five days. How many more tickets were sold on Wed than on Tue?,P2Q2_16.png,75,89,61,69,84,75,2,Data Handling,Multiple Choice,P2Q2_16
The graph below shows the number of trees sold on five days. How many more trees were sold on Thu than on Mon?,P2Q2_17.png,65,44,59,55,45,55,2,Data Handling,Multiple Choice,P2Q2_17
The graph below shows the number of toys sold on five days. How many more toys were sold on Fri than on Mon?,P2Q2_18.png,60,80,64,77,70,70,2,Data Handling,Multiple Choice,P2Q2_18
The graph below shows the number of toys sold on five days. How many more toys were sold on Fri than on Thu?,P2Q2_19.png,22,35,25,15,28,25,2,Data Handling,Multiple Choice,P2Q2_19
The graph below shows the number of trees sold on five days. How many more trees were sold on Wed than on Fri?,P2Q2_20.png,6,21,25,15,5,15,2,Data Handling,Multiple Choice,P2Q2_20
This graph shows the number of books borrowed at the library. How many more books were borrowed in Apr than in Feb?,P3Q2_1.png,15,40,10,25,20,20,2,Data Handling,Multiple Choice,P3Q2_1
This graph shows the number of cakes baked at the bakery. How many more cakes were baked in Sam than in Ali?,P3Q2_2.png,60,110,50,30,80,50,2,Data Handling,Multiple Choice,P3Q2_2
This graph shows the number of points earned at a quiz. How many more points were earned in Rd 2 than in Rd 3?,P3Q2_3.png,22,16,2,20,18,18,2,Data Handling,Multiple Choice,P3Q2_3
This graph shows the number of books borrowed at the library. How many more books were borrowed in Apr than in Feb?,P3Q2_4.png,40,10,30,50,25,30,2,Data Handling,Multiple Choice,P3Q2_4
This graph shows the number of cars washed at the fundraiser. How many more cars were washed in Blue than in Yellow?,P3Q2_5.png,30,10,12,8,20,10,2,Data Handling,Multiple Choice,P3Q2_5
This graph shows the number of points earned at a quiz. How many more points were earned in Rd 1 than in Rd 4?,P3Q2_6.png,1,5,15,10,25,5,2,Data Handling,Multiple Choice,P3Q2_6
The chart shows the visitors recorded over four different times. What is the difference between the number of visitors for 11am and 12pm?,P3Q2_7.png,60,130,40,50,90,50,2,Data Handling,Multiple Choice,P3Q2_7
The chart shows the books borrowed over four different times. What is the difference between the number of books for Feb and Jan?,P3Q2_8.png,30,75,50,20,25,25,2,Data Handling,Multiple Choice,P3Q2_8
The chart shows the cakes baked over four different times. What is the difference between the number of cakes for Pat and Jo?,P3Q2_9.png,50,100,60,150,40,50,2,Data Handling,Multiple Choice,P3Q2_9
This graph shows the number of computer games sold at a shop. How many more computer games were sold in Week 3 than in Week 4?,P3Q2_10.png,70,40,30,10,20,10,2,Data Handling,Multiple Choice,P3Q2_10
The chart shows the cars washed over four different times. What is the difference between the number of cars for Red and Blue?,P3Q2_11.png,22,14,4,8,6,6,2,Data Handling,Multiple Choice,P3Q2_11
The chart shows the visitors recorded over four different times. What is the difference between the number of visitors for 12pm and 1pm?,P3Q2_12.png,100,40,50,60,30,40,2,Data Handling,Multiple Choice,P3Q2_12
The chart shows the books borrowed over four different times. What is the difference between the number of books for Apr and Feb?,P3Q2_13.png,90,170,10,20,80,10,2,Data Handling,Multiple Choice,P3Q2_13
The chart shows the goals scored over four different times. What is the difference between the number of goals for Game 4 and Game 2?,P3Q2_14.png,20,30,40,10,70,10,2,Data Handling,Multiple Choice,P3Q2_14
This graph shows the number of books borrowed at the library. How many more books were borrowed in Mar than in Apr?,P3Q2_15.png,50,10,15,40,90,10,2,Data Handling,Multiple Choice,P3Q2_15
The chart shows the cars washed over four different times. What is the difference between the number of cars for Blue and Yellow?,P3Q2_16.png,40,30,10,55,35,35,2,Data Handling,Multiple Choice,P3Q2_16
This graph shows the number of visitors recorded at the museum. How many more visitors were recorded in 1pm than in 10am?,P3Q2_17.png,100,30,70,80,130,70,2,Data Handling,Multiple Choice,P3Q2_17
This graph shows the number of visitors recorded at the museum. How many more visitors were recorded in 12pm than in 1pm?,P3Q2_18.png,8,6,10,12,2,8,2,Data Handling,Multiple Choice,P3Q2_18
The chart shows the goals scored over four different times. What is the difference between the number of goals for Game 4 and Game 2?,P3Q2_19.png,20,11,5,10,15,10,2,Data Handling,Multiple Choice,P3Q2_19
The chart shows the books borrowed over four different times. What is the difference between the number of books for Mar and Feb?,P3Q2_20.png,20,50,30,7,10,10,2,Data Handling,Multiple Choice,P3Q2_20
"The graph shows the number of trees sold on five days.
How many more trees were sold on Fri than on Tues?",P4Q2_1.png,50,60,49,40,48,50,2,Data Handling,Multiple Choice,P4Q2_1
"The graph shows the number of burgers sold on five days.
How many more burgers were sold on Wed than on Thu?",P4Q2_2.png,77,73,175,75,70,75,2,Data Handling,Multiple Choice,P4Q2_2
"The graph shows the number of tickets sold on five days.
How many more tickets were sold on Tues than on Thu?",P4Q2_3.png,65,75,175,70,77,75,2,Data Handling,Multiple Choice,P4Q2_3
"The graph shows the number of tickets sold on five days.
How many more tickets were sold on Wed than on Fri?",P4Q2_4.png,50,60,51,40,49,50,2,Data Handling,Multiple Choice,P4Q2_4
"The graph shows the number of trees sold on five days.
How many more trees were sold on Wed than on Mon?",P4Q2_5.png,76,75,70,85,175,75,2,Data Handling,Multiple Choice,P4Q2_5
"The graph shows the number of trees sold on five days.
How many more trees were sold on Fri than on Thu?",P4Q2_6.png,125,127,130,225,126,125,2,Data Handling,Multiple Choice,P4Q2_6
"The graph shows the number of tickets sold on five days.
How many more tickets were sold on Tues than on Mon?",P4Q2_7.png,52,48,51,50,55,50,2,Data Handling,Multiple Choice,P4Q2_7
"The graph shows the number of tickets sold on five days.
How many more tickets were sold on Tues than on Fri?",P4Q2_8.png,100,90,95,105,102,100,2,Data Handling,Multiple Choice,P4Q2_8
"The graph shows the number of toys sold on five days.
How many more toys were sold on Thu than on Wed?",P4Q2_9.png,23,125,26,25,30,25,2,Data Handling,Multiple Choice,P4Q2_9
"The graph shows the number of tickets sold on five days.
How many more tickets were sold on Mon than on Thu?",P4Q2_10.png,110,105,98,95,100,100,2,Data Handling,Multiple Choice,P4Q2_10
"The graph shows the number of tickets sold on five days.
How many more tickets were sold on Tues than on Thu?",P4Q2_11.png,27,24,25,125,23,25,2,Data Handling,Multiple Choice,P4Q2_11
"The graph shows the number of books sold on five days.
How many more books were sold on Mon than on Thu?",P4Q2_12.png,50,40,60,51,52,50,2,Data Handling,Multiple Choice,P4Q2_12
"The graph shows the number of books sold on five days.
How many more books were sold on Mon than on Thu?",P4Q2_13.png,175,75,76,70,80,75,2,Data Handling,Multiple Choice,P4Q2_13
"The graph shows the number of toys sold on five days.
How many more toys were sold on Mon than on Tues?",P4Q2_14.png,25,27,15,20,30,25,2,Data Handling,Multiple Choice,P4Q2_14
"The graph shows the number of tickets sold on five days.
How many more tickets were sold on Mon than on Tues?",P4Q2_15.png,26,23,35,25,125,25,2,Data Handling,Multiple Choice,P4Q2_15
"The graph shows the number of toys sold on five days.
How many more toys were sold on Thu than on Fri?",P4Q2_16.png,25,30,24,35,23,25,2,Data Handling,Multiple Choice,P4Q2_16
"The graph shows the number of burgers sold on five days.
How many more burgers were sold on Mon than on Wed?",P4Q2_17.png,25,20,27,125,15,25,2,Data Handling,Multiple Choice,P4Q2_17
"The graph shows the number of books sold on five days.
How many more books were sold on Fri than on Wed?",P4Q2_18.png,74,85,75,70,77,75,2,Data Handling,Multiple Choice,P4Q2_18
"The graph shows the number of burgers sold on five days.
How many more burgers were sold on Thu than on Fri?",P4Q2_19.png,125,25,24,35,20,25,2,Data Handling,Multiple Choice,P4Q2_19
"The graph shows the number of trees sold on five days.
How many more trees were sold on Fri than on Tues?",P4Q2_20.png,20,24,27,25,30,25,2,Data Handling,Multiple Choice,P4Q2_20
"In a class of 16 children, 1/2 of them like swimming. How many children do NOT like swimming?",,8,10,4,3,12,8,3,Fractions,Multiple Choice,P2Q3_1
"In a class of 21 children, 2/3 of them like painting. How many children do NOT like painting?",,1,7,9,14,6,7,3,Fractions,Multiple Choice,P2Q3_2
"In a class of 18 children, 2/3 of them like swimming. How many children do NOT like swimming?",,6,12,13,9,7,6,3,Fractions,Multiple Choice,P2Q3_3
"In a class of 30 children, 1/3 of them like swimming. How many children do NOT like swimming?",,23,24,10,6,20,20,3,Fractions,Multiple Choice,P2Q3_4
"In a class of 20 children, 1/4 of them like swimming. How many children do NOT like swimming?",,5,1,16,11,15,15,3,Fractions,Multiple Choice,P2Q3_5
"In a class of 50 children, 1/10 of them like football. How many children do NOT like football?",,5,3,43,33,45,45,3,Fractions,Multiple Choice,P2Q3_6
"In a class of 56 children, 3/8 of them like reading. How many children do NOT like reading?",,46,35,21,2,36,35,3,Fractions,Multiple Choice,P2Q3_7
"In a class of 48 children, 3/4 of them like dancing. How many children do NOT like dancing?",,48,14,7,36,12,12,3,Fractions,Multiple Choice,P2Q3_8
"In a class of 40 children, 7/10 of them like dancing. How many children do NOT like dancing?",,9,28,27,12,14,12,3,Fractions,Multiple Choice,P2Q3_9
"In a class of 40 children, 4/5 of them like football. How many children do NOT like football?",,8,4,10,32,3,8,3,Fractions,Multiple Choice,P2Q3_10
"In a class of 35 children, 4/5 of them like football. How many children do NOT like football?",,7,17,5,18,10,7,3,Fractions,Multiple Choice,P2Q3_11
"In a class of 40 children, 1/4 of them like reading. How many children do NOT like reading?",,7,10,3,30,33,30,3,Fractions,Multiple Choice,P2Q3_12
"In a class of 24 children, 2/3 of them like reading. How many children do NOT like reading?",,7,6,13,8,16,8,3,Fractions,Multiple Choice,P2Q3_13
"In a class of 110 children, 1//5 of them like dancing. How many children do NOT like dancing?",,22,89,88,105,70,88,3,Fractions,Multiple Choice,P2Q3_14
"In a class of 110 children, 3/5 of them like swimming. How many children do NOT like swimming?",,66,1,49,56,44,44,3,Fractions,Multiple Choice,P2Q3_15
"In a class of 44 children, 1/2 of them like football. How many children do NOT like football?",,22,30,21,8,27,22,3,Fractions,Multiple Choice,P2Q3_16
"In a class of 80 children, 4/5 of them like swimming. How many children do NOT like swimming?",,16,15,18,64,17,16,3,Fractions,Multiple Choice,P2Q3_17
"In a class of 32 children, 1/2 of them like reading. How many children do NOT like reading?",,17,14,32,11,16,16,3,Fractions,Multiple Choice,P2Q3_18
"In a class of 100 children, 3/10 of them like reading. How many children do NOT like reading?",,65,24,70,56,30,70,3,Fractions,Multiple Choice,P2Q3_19
"In a class of 44 children, 1/2 of them like painting. How many children do NOT like painting?",,22,23,33,20,24,22,3,Fractions,Multiple Choice,P2Q3_20
"In a class of 30 children, 1/3 of them like swimming. How many children do NOT like swimming?",,24,19,3,20,10,20,3,Fractions,Multiple Choice,P2Q3_21
"In a class of 44 children, 1/2 of them like football. How many children do NOT like football?",,20,7,22,38,18,22,3,Fractions,Multiple Choice,P2Q3_22
"In a class of 55 children, 4/5 of them like painting. How many children do NOT like painting?",,44,11,42,6,13,11,3,Fractions,Multiple Choice,P2Q3_23
"In a class of 30 children, 1/5 of them like football. How many children do NOT like football?",,6,30,24,18,21,24,3,Fractions,Multiple Choice,P2Q3_24
"In a class of 15 children, 2/3 of them like football. How many children do NOT like football?",,1,5,11,10,6,5,3,Fractions,Multiple Choice,P2Q3_25
"In a class of 80 children, 4/5 of them like painting. How many children do NOT like painting?",,14,11,16,64,32,16,3,Fractions,Multiple Choice,P2Q3_26
"In a class of 36 children, 1/2 of them like painting. How many children do NOT like painting?",,18,2,17,23,13,18,3,Fractions,Multiple Choice,P2Q3_27
"In a class of 40 children, 1/2 of them like football. How many children do NOT like football?",,8,20,24,25,23,20,3,Fractions,Multiple Choice,P2Q3_28
"In a class of 80 children, 7/10 of them like painting. How many children do NOT like painting?",,56,77,20,24,3,24,3,Fractions,Multiple Choice,P2Q3_29
"In a class of 120 children, 1/2 of them like swimming. How many children do NOT like swimming?",,35,38,60,109,58,60,3,Fractions,Multiple Choice,P2Q3_30
"In a class of 50 children, 3/10 of them like swimming. How many children do NOT like swimming?",,30,15,33,35,40,35,3,Fractions,Multiple Choice,P2Q3_31
"In a class of 12 children, 2/3 of them like football. How many children do NOT like football?",,1,8,9,4,3,4,3,Fractions,Multiple Choice,P2Q3_32
"In a class of 28 children, 3/4 of them like dancing. How many children do NOT like dancing?",,19,21,12,10,7,7,3,Fractions,Multiple Choice,P2Q3_33
"In a class of 64 children, 3/8 of them like football. How many children do NOT like football?",,48,44,40,24,39,40,3,Fractions,Multiple Choice,P2Q3_34
"In a class of 48 children, 5/8 of them like painting. How many children do NOT like painting?",,4,18,30,15,21,18,3,Fractions,Multiple Choice,P2Q3_35
"In a class of 24 children, 1/2 of them like painting. How many children do NOT like painting?",,6,10,14,12,8,12,3,Fractions,Multiple Choice,P2Q3_36
"In a class of 32 children, 3/4 of them like reading. How many children do NOT like reading?",,4,12,8,5,24,8,3,Fractions,Multiple Choice,P2Q3_37
"In a class of 33 children, 1/3 of them like reading. How many children do NOT like reading?",,11,17,1,14,22,22,3,Fractions,Multiple Choice,P2Q3_38
"In a class of 44 children, 1/2 of them like football. How many children do NOT like football?",,44,23,37,8,22,22,3,Fractions,Multiple Choice,P2Q3_39
"In a class of 56 children, 7/8 of them like football. How many children do NOT like football?",,49,24,3,7,55,7,3,Fractions,Multiple Choice,P2Q3_40
"In a class of 40 children, 4/5 of them like dancing. How many children do NOT like dancing?",,11,27,9,32,8,8,3,Fractions,Multiple Choice,P2Q3_41
"In a class of 70 children, 4/5 of them like dancing. How many children do NOT like dancing?",,56,12,15,14,47,14,3,Fractions,Multiple Choice,P2Q3_42
"In a class of 15 children, 1/3 of them like reading. How many children do NOT like reading?",,13,10,11,5,9,10,3,Fractions,Multiple Choice,P2Q3_43
"In a class of 18 children, 1/3 of them like painting. How many children do NOT like painting?",,15,12,6,14,7,12,3,Fractions,Multiple Choice,P2Q3_44
"In a class of 16 children, 3/4 of them like football. How many children do NOT like football?",,1,2,12,4,14,4,3,Fractions,Multiple Choice,P2Q3_45
"In a class of 80 children, 4/5 of them like swimming. How many children do NOT like swimming?",,16,64,29,11,30,16,3,Fractions,Multiple Choice,P2Q3_46
"In a class of 60 children, 3/10 of them like dancing. How many children do NOT like dancing?",,42,18,46,47,25,42,3,Fractions,Multiple Choice,P2Q3_47
"In a class of 90 children, 4/5 of them like dancing. How many children do NOT like dancing?",,18,17,72,77,23,18,3,Fractions,Multiple Choice,P2Q3_48
"In a class of 35 children, 2/5 of them like football. How many children do NOT like football?",,9,21,23,22,14,21,3,Fractions,Multiple Choice,P2Q3_49
"In a class of 80 children, 1/2 of them like dancing. How many children do NOT like dancing?",,40,41,4,39,72,40,3,Fractions,Multiple Choice,P2Q3_50
"Fifty-eight thousand, one hundred and five. Which answer shows this written as a number?",,5810.5,58100.5,5815,581050,58105,58105,3,Number Words,Text,P3Q3_1
"Sixteen thousand, eight hundred and five. Which answer shows this written as a number?",,168050,16800.5,1680.5,1685,16805,16805,3,Number Words,Text,P3Q3_2
"Fifty-eight thousand, eight hundred and eight. Which answer shows this written as a number?",,588080,58808,5888,5880.8,58800.8,58808,3,Number Words,Text,P3Q3_3
"Sixty-eight thousand, one hundred and nine. Which answer shows this written as a number?",,68100.9,6810.9,6819,68109,681090,68109,3,Number Words,Text,P3Q3_4
"Seventeen thousand, nine hundred and sixty-seven. Which answer shows this written as a number?",,179670,17960.7,17967,1796.7,1796,17967,3,Number Words,Text,P3Q3_5
Eighty-seven thousand and twenty-six. Which answer shows this written as a number?,,87020.6,8702.6,8726,87026,870260,87026,3,Number Words,Text,P3Q3_6
"Fifty-seven thousand, nine hundred and eight. Which answer shows this written as a number?",,57908,579080,57900.8,5790.8,5798,57908,3,Number Words,Text,P3Q3_7
Fifteen thousand and seventy-nine. Which answer shows this written as a number?,,150790,1507.9,15070.9,15079,1579,15079,3,Number Words,Text,P3Q3_8
Fifty-one thousand and fourteen. Which answer shows this written as a number?,,51010.4,510140,5114,51014,5101.4,51014,3,Number Words,Text,P3Q3_9
"Thirty-five thousand, seven hundred and seventy-two. Which answer shows this written as a number?",,3577,35772,35770.2,3577.2,357720,35772,3,Number Words,Text,P3Q3_10
"Sixty-three thousand, four hundred and six. Which answer shows this written as a number?",,63406,6346,634060,63400.6,6340.6,63406,3,Number Words,Text,P3Q3_11
"Ninety-nine thousand, four hundred and eight. Which answer shows this written as a number?",,99400.8,994080,9948,9940.8,99408,99408,3,Number Words,Text,P3Q3_12
Thirty-eight thousand and forty-nine. Which answer shows this written as a number?,,3849,38049,38040.9,3804.9,380490,38049,3,Number Words,Text,P3Q3_13
"Sixty-five thousand, nine hundred and seven. Which answer shows this written as a number?",,6597,65907,6590.7,659070,65900.7,65907,3,Number Words,Text,P3Q3_14
Thirty-three thousand and forty-four. Which answer shows this written as a number?,,3344,33040.4,330440,3304.4,33044,33044,3,Number Words,Text,P3Q3_15
Sixty-four thousand and thirty-six. Which answer shows this written as a number?,,6403.6,6436,64036,640360,64030.6,64036,3,Number Words,Text,P3Q3_16
"Forty-eight thousand, four hundred and five. Which answer shows this written as a number?",,48400.5,48405,4840.5,4845,484050,48405,3,Number Words,Text,P3Q3_17
"Eighty-three thousand, five hundred and one. Which answer shows this written as a number?",,835010,8351,83501,8350.1,83500.1,83501,3,Number Words,Text,P3Q3_18
"Sixty-eight thousand, three hundred and five. Which answer shows this written as a number?",,68300.5,6835,6830.5,68305,683050,68305,3,Number Words,Text,P3Q3_19
Forty-seven thousand and fifty-three. Which answer shows this written as a number?,,47053,47050.3,4705.3,4753,470530,47053,3,Number Words,Text,P3Q3_20
Thirteen thousand and eighty-one. Which answer shows this written as a number?,,1381,13080.1,13081,130810,1308.1,13081,3,Number Words,Text,P3Q3_21
"Eighty-nine thousand, seven hundred and fifty-one. Which answer shows this written as a number?",,8975,89750.1,89751,8975.1,897510,89751,3,Number Words,Text,P3Q3_22
Eighty-one thousand and fourteen. Which answer shows this written as a number?,,81014,8114,81010.4,810140,8101.4,81014,3,Number Words,Text,P3Q3_23
"Sixteen thousand, seven hundred and four. Which answer shows this written as a number?",,1674,16700.4,167040,16704,1670.4,16704,3,Number Words,Text,P3Q3_24
"Sixty-five thousand, seven hundred and one. Which answer shows this written as a number?",,65701,6570.1,657010,6571,65700.1,65701,3,Number Words,Text,P3Q3_25
Nineteen thousand and eighty-five. Which answer shows this written as a number?,,190850,1908.5,19085,1985,19080.5,19085,3,Number Words,Text,P3Q3_26
"Ninety-seven thousand, seven hundred and sixty-three. Which answer shows this written as a number?",,97760.3,977630,97763,9776,9776.3,97763,3,Number Words,Text,P3Q3_27
"Eighteen thousand, two hundred and eight. Which answer shows this written as a number?",,18208,1828,1820.8,182080,18200.8,18208,3,Number Words,Text,P3Q3_28
"Twenty-eight thousand, eight hundred and seven. Which answer shows this written as a number?",,28807,2887,288070,2880.7,28800.7,28807,3,Number Words,Text,P3Q3_29
"Sixty-six thousand, one hundred and forty-seven. Which answer shows this written as a number?",,6614,661470,66147,66140.7,6614.7,66147,3,Number Words,Text,P3Q3_30
"Forty-nine thousand, five hundred and nine. Which answer shows this written as a number?",,4950.9,495090,4959,49509,49500.9,49509,3,Number Words,Text,P3Q3_31
"Forty thousand, seven hundred and three. Which answer shows this written as a number?",,40700.3,473,407030,4070.3,40703,40703,3,Number Words,Text,P3Q3_32
"Ten thousand, six hundred and eighty-five. Which answer shows this written as a number?",,10680.5,106850,1685,10685,1068.5,10685,3,Number Words,Text,P3Q3_33
"Thirty-four thousand, seven hundred and ninety-five. Which answer shows this written as a number?",,3495,34790.5,3479.5,347950,34795,34795,3,Number Words,Text,P3Q3_34
"Ten thousand, eight hundred and sixty. Which answer shows this written as a number?",,186,108600,10860,10960,1086,10860,3,Number Words,Text,P3Q3_35
"Forty-three thousand, one hundred and twenty-seven. Which answer shows this written as a number?",,4327,43127,43120.7,4312.7,431270,43127,3,Number Words,Text,P3Q3_36
"Fifty-seven thousand, nine hundred and eight. Which answer shows this written as a number?",,57908,5790.8,57900.8,579080,5798,57908,3,Number Words,Text,P3Q3_37
"Seventy-seven thousand, three hundred and four. Which answer shows this written as a number?",,773040,77304,77300.4,7734,7730.4,77304,3,Number Words,Text,P3Q3_38
"Fifty-three thousand, seven hundred and six. Which answer shows this written as a number?",,53700.6,53706,537060,5376,5370.6,53706,3,Number Words,Text,P3Q3_39
"Eighty-eight thousand, three hundred and thirty-six. Which answer shows this written as a number?",,8833.6,8336,88330.6,883360,88336,88336,3,Number Words,Text,P3Q3_40
Fifty thousand and sixteen. Which answer shows this written as a number?,,50016,516,5001.6,50010.6,500160,50016,3,Number Words,Text,P3Q3_41
"Thirty-eight thousand, five hundred and seventeen. Which answer shows this written as a number?",,3851.7,385170,38517,3857,38510.7,38517,3,Number Words,Text,P3Q3_42
Twenty-five thousand and fifty-seven. Which answer shows this written as a number?,,25057,2557,2505.7,250570,25050.7,25057,3,Number Words,Text,P3Q3_43
Forty-three thousand and thirty-seven. Which answer shows this written as a number?,,4337,43030.7,4303.7,430370,43037,43037,3,Number Words,Text,P3Q3_44
"Seventy-seven thousand, three hundred and twenty-nine. Which answer shows this written as a number?",,773290,7732.9,77320.9,77329,7732,77329,3,Number Words,Text,P3Q3_45
"Eighteen thousand, six hundred and four. Which answer shows this written as a number?",,186040,18600.4,1860.4,18604,1864,18604,3,Number Words,Text,P3Q3_46
Sixty-two thousand and forty-one. Which answer shows this written as a number?,,62040.1,6204.1,620410,62041,6241,62041,3,Number Words,Text,P3Q3_47
Forty-nine thousand and seventy-six. Which answer shows this written as a number?,,4907.6,49076,49070.6,490760,4976,49076,3,Number Words,Text,P3Q3_48
Ten thousand and forty. Which answer shows this written as a number?,,1004,10040,10140,100400,14,10040,3,Number Words,Text,P3Q3_49
"Forty-two thousand, four hundred and eight. Which answer shows this written as a number?",,42400.8,42408,424080,4248,4240.8,42408,3,Number Words,Text,P3Q3_50
"In a class of 30 children, one-fifth of them like football.
How many children do NOT like football?",,124,6,23,34,14,24,3,Fractions,Multiple Choice,P4Q3_1
"In a class of 20 children, three-fifths of them like swimming.
How many children do NOT like swimming?",,8,12,10,18,7,8,3,Fractions,Multiple Choice,P4Q3_2
"In a class of 64 children, 6/8 of them like swimming.
How many children do NOT like swimming?",,6,48,21,16,15,16,3,Fractions,Multiple Choice,P4Q3_3
"In a class of 16 children, three-quarters of them like swimming.
How many children do NOT like swimming?",,104,12,3,6,4,4,3,Fractions,Multiple Choice,P4Q3_4
"In a class of 28 children, three-quarters of them like swimming.
How many children do NOT like swimming?",,5,9,21,12,7,7,3,Fractions,Multiple Choice,P4Q3_5
"In a class of 90 children, 6/10 of them like swimming.
How many children do NOT like swimming?",,38,35,37,46,54,36,3,Fractions,Multiple Choice,P4Q3_6
"In a class of 32 children, half of them like swimming.
How many children do NOT like swimming?",,18,14,21,16,11,16,3,Fractions,Multiple Choice,P4Q3_7
"In a class of 50 children, 2/10 of them like painting.
How many children do NOT like painting?",,40,41,50,10,140,40,3,Fractions,Multiple Choice,P4Q3_8
"In a class of 50 children, 3/10 of them like painting.
How many children do NOT like painting?",,34,33,15,30,40,35,3,Fractions,Multiple Choice,P4Q3_9
"In a class of 56 children, 4/8 of them like painting.
How many children do NOT like painting?",,26,18,28,33,23,28,3,Fractions,Multiple Choice,P4Q3_10
"In a class of 45 children, one-fifth of them like dancing.
How many children do NOT like dancing?",,9,136,38,36,34,36,3,Fractions,Multiple Choice,P4Q3_11
"In a class of 16 children, three-quarters of them like swimming.
How many children do NOT like swimming?",,12,2,4,6,104,4,3,Fractions,Multiple Choice,P4Q3_12
"In a class of 28 children, three-quarters of them like swimming.
How many children do NOT like swimming?",,2,21,6,8,17,7,3,Fractions,Multiple Choice,P4Q3_13
"In a class of 25 children, one-fifth of them like swimming.
How many children do NOT like swimming?",,30,10,20,18,5,20,3,Fractions,Multiple Choice,P4Q3_14
"In a class of 70 children, 4/10 of them like football.
How many children do NOT like football?",,37,43,47,52,28,42,3,Fractions,Multiple Choice,P4Q3_15
"In a class of 35 children, two-fifths of them like dancing.
How many children do NOT like dancing?",,11,19,22,14,121,21,3,Fractions,Multiple Choice,P4Q3_16
"In a class of 32 children, three-quarters of them like football.
How many children do NOT like football?",,24,8,3,108,18,8,3,Fractions,Multiple Choice,P4Q3_17
"In a class of 30 children, two-fifths of them like dancing.
How many children do NOT like dancing?",,8,12,118,20,18,18,3,Fractions,Multiple Choice,P4Q3_18
"In a class of 32 children, one-quarter of them like swimming.
How many children do NOT like swimming?",,8,24,25,26,124,24,3,Fractions,Multiple Choice,P4Q3_19
"In a class of 40 children, two-fifths of them like football.
How many children do NOT like football?",,26,25,14,16,124,24,3,Fractions,Multiple Choice,P4Q3_20
"In a class of 70 children, 8/10 of them like football.
How many children do NOT like football?",,15,14,114,24,56,14,3,Fractions,Multiple Choice,P4Q3_21
"In a class of 20 children, one-quarter of them like dancing.
How many children do NOT like dancing?",,5,17,15,25,10,15,3,Fractions,Multiple Choice,P4Q3_22
"In a class of 36 children, three-quarters of them like dancing.
How many children do NOT like dancing?",,9,4,27,14,10,9,3,Fractions,Multiple Choice,P4Q3_23
"In a class of 60 children, 9/10 of them like football.
How many children do NOT like football?",,54,106,6,8,5,6,3,Fractions,Multiple Choice,P4Q3_24
"In a class of 40 children, 2/8 of them like swimming.
How many children do NOT like swimming?",,130,30,40,10,32,30,3,Fractions,Multiple Choice,P4Q3_25
"In a class of 32 children, 6/8 of them like football.
How many children do NOT like football?",,108,18,8,9,24,8,3,Fractions,Multiple Choice,P4Q3_26
"In a class of 40 children, 6/10 of them like swimming.
How many children do NOT like swimming?",,15,24,116,16,21,16,3,Fractions,Multiple Choice,P4Q3_27
"In a class of 56 children, 7/8 of them like painting.
How many children do NOT like painting?",,8,2,49,12,7,7,3,Fractions,Multiple Choice,P4Q3_28
"In a class of 32 children, 7/8 of them like swimming.
How many children do NOT like swimming?",,28,4,104,14,2,4,3,Fractions,Multiple Choice,P4Q3_29
"In a class of 20 children, three-fifths of them like dancing.
How many children do NOT like dancing?",,12,6,8,7,13,8,3,Fractions,Multiple Choice,P4Q3_30
"In a class of 40 children, four-fifths of them like football.
How many children do NOT like football?",,32,8,13,108,9,8,3,Fractions,Multiple Choice,P4Q3_31
"In a class of 24 children, one-quarter of them like swimming.
How many children do NOT like swimming?",,19,6,118,18,23,18,3,Fractions,Multiple Choice,P4Q3_32
"In a class of 20 children, one-quarter of them like dancing.
How many children do NOT like dancing?",,10,15,16,115,5,15,3,Fractions,Multiple Choice,P4Q3_33
"In a class of 72 children, 5/8 of them like painting.
How many children do NOT like painting?",,45,27,37,28,127,27,3,Fractions,Multiple Choice,P4Q3_34
"In a class of 80 children, 8/10 of them like dancing.
How many children do NOT like dancing?",,16,14,64,116,21,16,3,Fractions,Multiple Choice,P4Q3_35
"In a class of 50 children, 2/10 of them like swimming.
How many children do NOT like swimming?",,45,140,10,39,42,40,3,Fractions,Multiple Choice,P4Q3_36
"In a class of 20 children, three-quarters of them like dancing.
How many children do NOT like dancing?",,105,4,5,6,15,5,3,Fractions,Multiple Choice,P4Q3_37
"In a class of 25 children, three-fifths of them like swimming.
How many children do NOT like swimming?",,15,10,110,9,5,10,3,Fractions,Multiple Choice,P4Q3_38
"In a class of 70 children, 9/10 of them like football.
How many children do NOT like football?",,63,7,107,9,5,7,3,Fractions,Multiple Choice,P4Q3_39
"In a class of 30 children, three-fifths of them like swimming.
How many children do NOT like swimming?",,13,18,10,12,112,12,3,Fractions,Multiple Choice,P4Q3_40
"In a class of 32 children, 4/8 of them like football.
How many children do NOT like football?",,116,21,16,18,11,16,3,Fractions,Multiple Choice,P4Q3_41
"In a class of 48 children, 2/8 of them like painting.
How many children do NOT like painting?",,26,34,36,12,31,36,3,Fractions,Multiple Choice,P4Q3_42
"In a class of 56 children, 1/8 of them like swimming.
How many children do NOT like swimming?",,39,54,44,47,7,49,3,Fractions,Multiple Choice,P4Q3_43
"In a class of 64 children, 2/8 of them like swimming.
How many children do NOT like swimming?",,148,50,46,16,43,48,3,Fractions,Multiple Choice,P4Q3_44
"In a class of 90 children, 8/10 of them like football.
How many children do NOT like football?",,8,72,18,118,13,18,3,Fractions,Multiple Choice,P4Q3_45
"In a class of 32 children, 2/8 of them like dancing.
How many children do NOT like dancing?",,8,14,24,29,23,24,3,Fractions,Multiple Choice,P4Q3_46
"In a class of 40 children, 7/10 of them like football.
How many children do NOT like football?",,112,28,12,22,14,12,3,Fractions,Multiple Choice,P4Q3_47
"In a class of 36 children, one-quarter of them like swimming.
How many children do NOT like swimming?",,32,127,9,17,27,27,3,Fractions,Multiple Choice,P4Q3_48
"In a class of 16 children, one-quarter of them like football.
How many children do NOT like football?",,2,17,13,12,4,12,3,Fractions,Multiple Choice,P4Q3_49
"In a class of 36 children, one-quarter of them like swimming.
How many children do NOT like swimming?",,32,127,29,27,9,27,3,Fractions,Multiple Choice,P4Q3_50
Jack collected the following data. 105 pupils completed the survey. How many Girls chose Email?,P2Q4_1.png,16,9,6,20,26,16,4,Data Handling,Multiple Choice,P2Q4_1
Jack collected the following data. 71 pupils completed the survey. How many Girls chose Telephone?,P2Q4_2.png,25,20,7,17,27,17,4,Data Handling,Multiple Choice,P2Q4_2
Jack collected the following data. 117 pupils completed the survey. How many Girls chose Email?,P2Q4_3.png,23,13,3,19,14,13,4,Data Handling,Multiple Choice,P2Q4_3
Jack collected the following data. 75 pupils completed the survey. How many Girls chose Post?,P2Q4_4.png,7,5,0,15,4,5,4,Data Handling,Multiple Choice,P2Q4_4
Jack collected the following data. 127 pupils completed the survey. How many Girls chose Post?,P2Q4_5.png,14,32,34,24,31,24,4,Data Handling,Multiple Choice,P2Q4_5
Jack collected the following data. 99 pupils completed the survey. How many Girls chose Visit?,P2Q4_6.png,8,18,9,11,28,18,4,Data Handling,Multiple Choice,P2Q4_6
Jack collected the following data. 68 pupils completed the survey. How many Girls chose Post?,P2Q4_7.png,15,12,22,6,2,12,4,Data Handling,Multiple Choice,P2Q4_7
Jack collected the following data. 110 pupils completed the survey. How many Girls chose Visit?,P2Q4_8.png,14,24,7,4,23,14,4,Data Handling,Multiple Choice,P2Q4_8
Jack collected the following data. 96 pupils completed the survey. How many Girls chose Visit?,P2Q4_9.png,20,18,15,5,25,15,4,Data Handling,Multiple Choice,P2Q4_9
Jack collected the following data. 83 pupils completed the survey. How many Girls chose Text?,P2Q4_10.png,21,3,1,14,11,11,4,Data Handling,Multiple Choice,P2Q4_10
Jack collected the following data. 83 pupils completed the survey. How many Girls chose Email?,P2Q4_11.png,22,27,17,9,7,17,4,Data Handling,Multiple Choice,P2Q4_11
Jack collected the following data. 87 pupils completed the survey. How many Girls chose Telephone?,P2Q4_12.png,4,1,8,10,17,8,4,Data Handling,Multiple Choice,P2Q4_12
Jack collected the following data. 93 pupils completed the survey. How many Girls chose Email?,P2Q4_13.png,32,22,24,12,15,22,4,Data Handling,Multiple Choice,P2Q4_13
Jack collected the following data. 103 pupils completed the survey. How many Girls chose Email?,P2Q4_14.png,18,15,25,5,12,15,4,Data Handling,Multiple Choice,P2Q4_14
Jack collected the following data. 110 pupils completed the survey. How many Girls chose Visit?,P2Q4_15.png,17,31,27,37,33,27,4,Data Handling,Multiple Choice,P2Q4_15
Jack collected the following data. 91 pupils completed the survey. How many Girls chose Text?,P2Q4_16.png,4,11,5,6,13,5,4,Data Handling,Multiple Choice,P2Q4_16
Jack collected the following data. 102 pupils completed the survey. How many Girls chose Visit?,P2Q4_17.png,15,22,12,31,32,22,4,Data Handling,Multiple Choice,P2Q4_17
Jack collected the following data. 96 pupils completed the survey. How many Girls chose Email?,P2Q4_18.png,5,15,12,9,25,15,4,Data Handling,Multiple Choice,P2Q4_18
Jack collected the following data. 95 pupils completed the survey. How many Girls chose Visit?,P2Q4_19.png,8,9,28,20,18,18,4,Data Handling,Multiple Choice,P2Q4_19
Jack collected the following data. 79 pupils completed the survey. How many Girls chose Post?,P2Q4_20.png,11,22,26,16,6,16,4,Data Handling,Multiple Choice,P2Q4_20
How many twenty-fives are there in 4325?,,346,183,173,177,168,173,4,Division,Text,P3Q4_1
How many twenty-fives are there in 6375?,,255,510,250,265,241,255,4,Division,Text,P3Q4_2
How many twenties are there in 3380?,,169,164,338,179,172,169,4,Division,Text,P3Q4_3
How many twenties are there in 960?,,32,48,43,24,96,48,4,Division,Text,P3Q4_4
How many twos are there in 120?,,59,55,120,12,60,60,4,Division,Text,P3Q4_5
How many fives are there in 130?,,52,22,26,21,13,26,4,Division,Text,P3Q4_6
How many twos are there in 496?,,244,248,258,243,496,248,4,Division,Text,P3Q4_7
How many fives are there in 630?,,136,126,121,252,63,126,4,Division,Text,P3Q4_8
How many fours are there in 488?,,122,132,244,117,141,122,4,Division,Text,P3Q4_9
How many twos are there in 490?,,240,246,490,49,245,245,4,Division,Text,P3Q4_10
How many tens are there in 960?,,48,192,97,96,106,96,4,Division,Text,P3Q4_11
How many fives are there in 475?,,85,105,90,190,95,95,4,Division,Text,P3Q4_12
How many tens are there in 1440?,,144,288,154,139,72,144,4,Division,Text,P3Q4_13
How many twenties are there in 5180?,,254,518,273,259,269,259,4,Division,Text,P3Q4_14
How many fives are there in 560?,,107,112,122,224,56,112,4,Division,Text,P3Q4_15
How many fives are there in 360?,,36,144,82,72,67,72,4,Division,Text,P3Q4_16
How many fives are there in 365?,,146,73,72,83,68,73,4,Division,Text,P3Q4_17
How many fours are there in 308?,,77,78,72,87,154,77,4,Division,Text,P3Q4_18
How many fifties are there in 8500?,,850,170,173,165,180,170,4,Division,Text,P3Q4_19
How many fours are there in 244?,,61,65,56,71,122,61,4,Division,Text,P3Q4_20
How many fours are there in 668?,,173,162,334,177,167,167,4,Division,Text,P3Q4_21
How many fives are there in 1115?,,233,446,223,218,210,223,4,Division,Text,P3Q4_22
How many fives are there in 550?,,120,110,55,100,105,110,4,Division,Text,P3Q4_23
How many tens are there in 1300?,,140,116,65,260,130,130,4,Division,Text,P3Q4_24
How many twenty-fives are there in 2925?,,112,135,127,117,234,117,4,Division,Text,P3Q4_25
How many fives are there in 530?,,116,212,106,53,101,106,4,Division,Text,P3Q4_26
How many eights are there in 1384?,,346,168,173,183,193,173,4,Division,Text,P3Q4_27
How many tens are there in 2040?,,199,214,204,193,102,204,4,Division,Text,P3Q4_28
How many fours are there in 336?,,79,102,84,168,42,84,4,Division,Text,P3Q4_29
How many twos are there in 114?,,114,37,67,52,57,57,4,Division,Text,P3Q4_30
How many eights are there in 2312?,,289,578,284,299,274,289,4,Division,Text,P3Q4_31
How many fives are there in 530?,,212,106,101,105,116,106,4,Division,Text,P3Q4_32
How many twos are there in 494?,,257,241,242,247,494,247,4,Division,Text,P3Q4_33
How many twos are there in 332?,,83,166,176,161,332,166,4,Division,Text,P3Q4_34
How many eights are there in 2312?,,309,578,284,289,299,289,4,Division,Text,P3Q4_35
How many tens are there in 2860?,,286,572,296,281,143,286,4,Division,Text,P3Q4_36
How many twos are there in 398?,,199,194,203,398,209,199,4,Division,Text,P3Q4_37
How many tens are there in 380?,,33,38,48,19,76,38,4,Division,Text,P3Q4_38
How many tens are there in 1710?,,342,151,181,166,171,171,4,Division,Text,P3Q4_39
How many fives are there in 1380?,,281,138,552,276,271,276,4,Division,Text,P3Q4_40
How many tens are there in 2480?,,496,248,243,258,246,248,4,Division,Text,P3Q4_41
How many fives are there in 1495?,,309,294,399,299,598,299,4,Division,Text,P3Q4_42
How many eights are there in 1336?,,167,174,334,177,162,167,4,Division,Text,P3Q4_43
How many twenty-fives are there in 1250?,,25,45,60,50,100,50,4,Division,Text,P3Q4_44
How many fives are there in 1285?,,248,257,252,267,514,257,4,Division,Text,P3Q4_45
How many fives are there in 1480?,,304,296,306,592,291,296,4,Division,Text,P3Q4_46
How many fifties are there in 13300?,,133,261,266,276,1330,266,4,Division,Text,P3Q4_47
How many tens are there in 2710?,,271,266,274,542,281,271,4,Division,Text,P3Q4_48
How many twenties are there in 5580?,,289,558,283,274,279,279,4,Division,Text,P3Q4_49
How many fifties are there in 3450?,,79,69,138,64,83,69,4,Division,Text,P3Q4_50
"Jack collected data from 100 pupils shown in the table.
How many girls gave Text as their favourite way of sending messages?",P4Q4_1.png,110,12,20,10,8,10,4,Data Handling,Multiple Choice,P4Q4_1
"Jack collected data from 100 pupils shown in the table.
How many girls gave Text as their favourite way of sending messages?",P4Q4_2.png,1,3,101,2,6,1,4,Data Handling,Multiple Choice,P4Q4_2
"Jack collected data from 100 pupils shown in the table.
How many girls gave Text as their favourite way of sending messages?",P4Q4_3.png,14,11,17,16,6,16,4,Data Handling,Multiple Choice,P4Q4_3
"Jack collected data from 100 pupils shown in the table.
How many girls gave Text as their favourite way of sending messages?",P4Q4_4.png,12,11,1,6,10,11,4,Data Handling,Multiple Choice,P4Q4_4
"Jack collected data from 100 pupils shown in the table.
How many girls gave Text as their favourite way of sending messages?",P4Q4_5.png,25,22,30,20,18,20,4,Data Handling,Multiple Choice,P4Q4_5
"Jack collected data from 100 pupils shown in the table.
How many girls gave Text as their favourite way of sending messages?",P4Q4_6.png,26,17,11,16,6,16,4,Data Handling,Multiple Choice,P4Q4_6
"Jack collected data from 100 pupils shown in the table.
How many girls gave Text as their favourite way of sending messages?",P4Q4_7.png,3,13,1,4,5,3,4,Data Handling,Multiple Choice,P4Q4_7
"Jack collected data from 100 pupils shown in the table.
How many girls gave Text as their favourite way of sending messages?",P4Q4_8.png,50,140,38,40,39,40,4,Data Handling,Multiple Choice,P4Q4_8
"Jack collected data from 100 pupils shown in the table.
How many girls gave Text as their favourite way of sending messages?",P4Q4_9.png,28,26,126,21,25,26,4,Data Handling,Multiple Choice,P4Q4_9
"Jack collected data from 100 pupils shown in the table.
How many girls gave Text as their favourite way of sending messages?",P4Q4_10.png,110,11,9,20,10,10,4,Data Handling,Multiple Choice,P4Q4_10
"Jack collected data from 100 pupils shown in the table.
How many girls gave Text as their favourite way of sending messages?",P4Q4_11.png,19,18,17,16,23,18,4,Data Handling,Multiple Choice,P4Q4_11
"Jack collected data from 100 pupils shown in the table.
How many girls gave Text as their favourite way of sending messages?",P4Q4_12.png,127,17,27,28,26,27,4,Data Handling,Multiple Choice,P4Q4_12
"Jack collected data from 100 pupils shown in the table.
How many girls gave Text as their favourite way of sending messages?",P4Q4_13.png,8,13,4,3,5,3,4,Data Handling,Multiple Choice,P4Q4_13
"Jack collected data from 100 pupils shown in the table.
How many girls gave Text as their favourite way of sending messages?",P4Q4_14.png,42,41,43,47,40,42,4,Data Handling,Multiple Choice,P4Q4_14
"Jack collected data from 100 pupils shown in the table.
How many girls gave Text as their favourite way of sending messages?",P4Q4_15.png,6,17,9,7,2,7,4,Data Handling,Multiple Choice,P4Q4_15
"Jack collected data from 100 pupils shown in the table.
How many girls gave Text as their favourite way of sending messages?",P4Q4_16.png,3,6,15,105,5,5,4,Data Handling,Multiple Choice,P4Q4_16
"Jack collected data from 100 pupils shown in the table.
How many girls gave Text as their favourite way of sending messages?",P4Q4_17.png,51,44,46,146,45,46,4,Data Handling,Multiple Choice,P4Q4_17
"Jack collected data from 100 pupils shown in the table.
How many girls gave Text as their favourite way of sending messages?",P4Q4_18.png,35,25,31,30,130,30,4,Data Handling,Multiple Choice,P4Q4_18
"Jack collected data from 100 pupils shown in the table.
How many girls gave Text as their favourite way of sending messages?",P4Q4_19.png,11,16,14,18,15,16,4,Data Handling,Multiple Choice,P4Q4_19
"Jack collected data from 100 pupils shown in the table.
How many girls gave Text as their favourite way of sending messages?",P4Q4_20.png,101,2,3,11,1,1,4,Data Handling,Multiple Choice,P4Q4_20
Mr Smith spent £101.60 on 80 pens. What was the cost of each item?,,£1.17,£1.27,£1.22,£1.37,£5.08,£1.27,5,Money,Multiple Choice,P2Q5_1
Mrs Patel spent £7.20 on 10 pens. What was the cost of each item?,,73p,74p,82p,62p,£2.88,72p,5,Money,Multiple Choice,P2Q5_2
Mrs Patel spent £26.00 on 50 pens. What was the cost of each item?,,52p,62p,42p,60p,£2.08,52p,5,Money,Multiple Choice,P2Q5_3
Mr Smith spent £47.20 on 80 plants. What was the cost of each item?,,69p,49p,67p,59p,£2.36,59p,5,Money,Multiple Choice,P2Q5_4
Mrs Patel spent £84.60 on 60 cakes. What was the cost of each item?,,£1.46,£1.31,£1.51,£1.48,£5.64,£1.41,5,Money,Multiple Choice,P2Q5_5
Mr Smith spent £18.60 on 60 cakes. What was the cost of each item?,,27p,21p,31p,40p,£1.24,31p,5,Money,Multiple Choice,P2Q5_6
Ms Jones spent £4.20 on 20 pens. What was the cost of each item?,,21p,11p,12p,30p,84p,21p,5,Money,Multiple Choice,P2Q5_7
Ms Jones spent £54.40 on 80 markers. What was the cost of each item?,,68p,78p,77p,58p,£2.72,68p,5,Money,Multiple Choice,P2Q5_8
Mr Brown spent £26.00 on 50 plants. What was the cost of each item?,,52p,53p,54p,62p,£2.08,52p,5,Money,Multiple Choice,P2Q5_9
Mr Smith spent £35.40 on 30 plants. What was the cost of each item?,,£1.24,£1.08,£1.13,£1.18,£4.72,£1.18,5,Money,Multiple Choice,P2Q5_10
Ms Jones spent £6.80 on 20 plants. What was the cost of each item?,,27p,24p,34p,44p,£1.36,34p,5,Money,Multiple Choice,P2Q5_11
Mr Brown spent £56.50 on 50 notebooks. What was the cost of each item?,,£1.23,£1.03,£1.10,£1.18,£4.52,£1.13,5,Money,Multiple Choice,P2Q5_12
Mr Brown spent £28.00 on 20 cakes. What was the cost of each item?,,£1.40,£1.50,£1.37,£1.30,£5.60,£1.40,5,Money,Multiple Choice,P2Q5_13
Mr Brown spent £20.00 on 50 notebooks. What was the cost of each item?,,45p,30p,50p,31p,£1.60,40p,5,Money,Multiple Choice,P2Q5_14
Mr Smith spent £80.80 on 80 plants. What was the cost of each item?,,99p,£1.01,£1.05,£1.11,£4.04,£1.01,5,Money,Multiple Choice,P2Q5_15
Ms Jones spent £9.00 on 50 notebooks. What was the cost of each item?,,26p,15p,18p,28p,72p,18p,5,Money,Multiple Choice,P2Q5_16
Mrs Patel spent £21.60 on 40 notebooks. What was the cost of each item?,,54p,55p,58p,64p,£2.16,54p,5,Money,Multiple Choice,P2Q5_17
Mrs Patel spent £17.40 on 60 notebooks. What was the cost of each item?,,20p,19p,31p,29p,£1.16,29p,5,Money,Multiple Choice,P2Q5_18
Ms Jones spent £9.80 on 20 notebooks. What was the cost of each item?,,59p,50p,49p,39p,£1.96,49p,5,Money,Multiple Choice,P2Q5_19
Mr Brown spent £52.80 on 40 cakes. What was the cost of each item?,,£1.40,£1.33,£1.32,£1.42,£5.28,£1.32,5,Money,Multiple Choice,P2Q5_20
Mrs Patel spent £36.00 on 40 plants. What was the cost of each item?,,80p,£1.00,90p,96p,£3.60,90p,5,Money,Multiple Choice,P2Q5_21
Mr Brown spent £86.40 on 80 notebooks. What was the cost of each item?,,98p,£1.09,£1.18,£1.02,£4.32,£1.08,5,Money,Multiple Choice,P2Q5_22
Mr Smith spent £64.80 on 80 notebooks. What was the cost of each item?,,79p,89p,71p,91p,£3.24,81p,5,Money,Multiple Choice,P2Q5_23
Mr Smith spent £75.20 on 80 markers. What was the cost of each item?,,99p,84p,94p,£1.04,£3.76,94p,5,Money,Multiple Choice,P2Q5_24
Mrs Patel spent £23.50 on 50 pens. What was the cost of each item?,,47p,38p,37p,42p,£1.88,47p,5,Money,Multiple Choice,P2Q5_25
Mr Brown spent £20.00 on 50 plants. What was the cost of each item?,,30p,48p,40p,44p,£1.60,40p,5,Money,Multiple Choice,P2Q5_26
Ms Jones spent £41.70 on 30 plants. What was the cost of each item?,,£1.39,£1.49,£1.40,£1.29,£5.56,£1.39,5,Money,Multiple Choice,P2Q5_27
Mr Brown spent £7.50 on 50 notebooks. What was the cost of each item?,,21p,23p,5p,15p,60p,15p,5,Money,Multiple Choice,P2Q5_28
Mr Smith spent £25.60 on 80 notebooks. What was the cost of each item?,,32p,33p,22p,28p,£1.28,32p,5,Money,Multiple Choice,P2Q5_29
Mrs Patel spent £7.20 on 20 notebooks. What was the cost of each item?,,36p,46p,26p,45p,£1.44,36p,5,Money,Multiple Choice,P2Q5_30
Mrs Patel spent £70.00 on 50 cakes. What was the cost of each item?,,£1.37,£1.30,£1.32,£1.40,£5.60,£1.40,5,Money,Multiple Choice,P2Q5_31
Mr Brown spent £49.20 on 40 notebooks. What was the cost of each item?,,£1.13,£1.33,£1.19,£1.23,£4.92,£1.23,5,Money,Multiple Choice,P2Q5_32
Mr Brown spent £18.60 on 60 notebooks. What was the cost of each item?,,21p,41p,30p,31p,£1.24,31p,5,Money,Multiple Choice,P2Q5_33
Mr Brown spent £57.60 on 60 plants. What was the cost of each item?,,96p,92p,99p,£1.06,£3.84,96p,5,Money,Multiple Choice,P2Q5_34
Ms Jones spent £12.80 on 20 pens. What was the cost of each item?,,58p,74p,54p,72p,£2.56,64p,5,Money,Multiple Choice,P2Q5_35
Mr Smith spent £12.80 on 20 cakes. What was the cost of each item?,,64p,59p,73p,74p,£2.56,64p,5,Money,Multiple Choice,P2Q5_36
Mr Smith spent £46.80 on 60 pens. What was the cost of each item?,,79p,78p,73p,68p,£3.12,78p,5,Money,Multiple Choice,P2Q5_37
Mr Smith spent £85.20 on 60 notebooks. What was the cost of each item?,,£1.52,£1.38,£1.39,£1.42,£5.68,£1.42,5,Money,Multiple Choice,P2Q5_38
Mrs Patel spent £34.40 on 80 markers. What was the cost of each item?,,53p,38p,33p,43p,£1.72,43p,5,Money,Multiple Choice,P2Q5_39
Mrs Patel spent £113.60 on 80 cakes. What was the cost of each item?,,£1.52,£1.43,£1.34,£1.42,£5.68,£1.42,5,Money,Multiple Choice,P2Q5_40
Mr Brown spent £15.60 on 30 pens. What was the cost of each item?,,62p,56p,52p,42p,£2.08,52p,5,Money,Multiple Choice,P2Q5_41
Mr Brown spent £6.10 on 10 markers. What was the cost of each item?,,61p,71p,52p,68p,£2.44,61p,5,Money,Multiple Choice,P2Q5_42
Mr Smith spent £32.80 on 80 notebooks. What was the cost of each item?,,31p,41p,46p,34p,£1.64,41p,5,Money,Multiple Choice,P2Q5_43
Ms Jones spent £39.00 on 60 pens. What was the cost of each item?,,65p,55p,75p,63p,£2.60,65p,5,Money,Multiple Choice,P2Q5_44
Mr Brown spent £26.10 on 30 cakes. What was the cost of each item?,,85p,87p,77p,97p,£3.48,87p,5,Money,Multiple Choice,P2Q5_45
Mr Brown spent £23.40 on 30 markers. What was the cost of each item?,,88p,68p,70p,78p,£3.12,78p,5,Money,Multiple Choice,P2Q5_46
Mr Brown spent £51.20 on 40 notebooks. What was the cost of each item?,,£1.22,£1.38,£1.18,£1.30,£5.12,£1.28,5,Money,Multiple Choice,P2Q5_47
Mr Smith spent £37.60 on 80 cakes. What was the cost of each item?,,47p,57p,51p,37p,£1.88,47p,5,Money,Multiple Choice,P2Q5_48
Ms Jones spent £18.80 on 40 pens. What was the cost of each item?,,57p,40p,37p,47p,£1.88,47p,5,Money,Multiple Choice,P2Q5_49
Mr Brown spent £19.50 on 30 notebooks. What was the cost of each item?,,58p,55p,71p,65p,£2.60,65p,5,Money,Multiple Choice,P2Q5_50
Which of these numbers has the smallest value?,,1.05,0.97,1.86,0.3,0.02,0.02,5,Decimals,Text,P3Q5_1
Which of these numbers has the smallest value?,,0.68,1.44,1.08,0.03,0.91,0.03,5,Decimals,Text,P3Q5_2
Which of these numbers has the smallest value?,,0.05,1.79,0.92,0.26,1.03,0.05,5,Decimals,Text,P3Q5_3
Which of these numbers has the smallest value?,,1.98,0.5,0.09,1.06,0.92,0.09,5,Decimals,Text,P3Q5_4
Which of these numbers has the smallest value?,,1.7,0.91,0.18,0.06,1.07,0.06,5,Decimals,Text,P3Q5_5
Which of these numbers has the smallest value?,,0.7,0.06,0.93,1.02,1.67,0.06,5,Decimals,Text,P3Q5_6
Which of these numbers has the smallest value?,,1.43,1.08,0.06,0.98,0.74,0.06,5,Decimals,Text,P3Q5_7
Which of these numbers has the smallest value?,,1.76,0.2,0.96,0.03,1.08,0.03,5,Decimals,Text,P3Q5_8
Which of these numbers has the smallest value?,,1.94,1.02,0.09,0.6,0.92,0.09,5,Decimals,Text,P3Q5_9
Which of these numbers has the smallest value?,,0.02,1.08,1.94,0.6,0.97,0.02,5,Decimals,Text,P3Q5_10
Which of these numbers has the smallest value?,,0.06,0.98,0.3,1.09,1.47,0.06,5,Decimals,Text,P3Q5_11
Which of these numbers has the smallest value?,,0.99,1.36,1.03,0.07,0.64,0.07,5,Decimals,Text,P3Q5_12
Which of these numbers has the smallest value?,,1.03,0.02,0.94,1.64,0.6,0.02,5,Decimals,Text,P3Q5_13
Which of these numbers has the smallest value?,,0.44,0.94,1.93,0.08,1.03,0.08,5,Decimals,Text,P3Q5_14
Which of these numbers has the smallest value?,,1.02,0.05,0.47,1.72,0.96,0.05,5,Decimals,Text,P3Q5_15
Which of these numbers has the smallest value?,,0.11,1.83,0.01,1.03,0.95,0.01,5,Decimals,Text,P3Q5_16
Which of these numbers has the smallest value?,,0.07,0.97,1.96,0.6,1.03,0.07,5,Decimals,Text,P3Q5_17
Which of these numbers has the smallest value?,,0.91,0.04,0.6,1.85,1.04,0.04,5,Decimals,Text,P3Q5_18
Which of these numbers has the smallest value?,,0.13,0.91,1.11,1.01,0.04,0.04,5,Decimals,Text,P3Q5_19
Which of these numbers has the smallest value?,,0.22,1.03,1.89,0.03,0.99,0.03,5,Decimals,Text,P3Q5_20
Which of these numbers has the smallest value?,,0.98,1.09,1.97,0.06,0.23,0.06,5,Decimals,Text,P3Q5_21
Which of these numbers has the smallest value?,,1.26,0.91,0.24,1.07,0.07,0.07,5,Decimals,Text,P3Q5_22
Which of these numbers has the smallest value?,,0.08,1.02,0.41,1.86,0.95,0.08,5,Decimals,Text,P3Q5_23
Which of these numbers has the smallest value?,,1.35,0.4,0.07,0.96,1.08,0.07,5,Decimals,Text,P3Q5_24
Which of these numbers has the smallest value?,,0.96,1.78,1.02,0.61,0.05,0.05,5,Decimals,Text,P3Q5_25
Which of these numbers has the smallest value?,,0.06,1.06,1.44,0.62,0.95,0.06,5,Decimals,Text,P3Q5_26
Which of these numbers has the smallest value?,,0.5,0.91,1.16,0.05,1.02,0.05,5,Decimals,Text,P3Q5_27
Which of these numbers has the smallest value?,,1.04,0.02,1.33,0.1,0.97,0.02,5,Decimals,Text,P3Q5_28
Which of these numbers has the smallest value?,,1.08,0.03,0.93,0.4,1.33,0.03,5,Decimals,Text,P3Q5_29
Which of these numbers has the smallest value?,,1.05,0.02,0.97,0.67,1.33,0.02,5,Decimals,Text,P3Q5_30
"Mr Smith spent £14.50 on 50 plants.
What was the cost of each item?",,£1.87,£2.90,24p,3p,29p,29p,5,Money,Multiple Choice,P4Q5_1
"Mr Smith spent £21.00 on 60 pencils.
What was the cost of each item?",,4p,£3.50,52p,£1.22,35p,35p,5,Money,Multiple Choice,P4Q5_2
"Mr Smith spent £21.00 on 60 pencils.
What was the cost of each item?",,£3.50,35p,4p,£1.15,59p,35p,5,Money,Multiple Choice,P4Q5_3
"Sarah spent £14.50 on 50 plants.
What was the cost of each item?",,3p,29p,26p,£1.27,£2.90,29p,5,Money,Multiple Choice,P4Q5_4
"Mrs Patel spent £3.00 on 20 rubbers.
What was the cost of each item?",,£1.40,£1.50,£1.09,2p,15p,15p,5,Money,Multiple Choice,P4Q5_5
"Sarah spent £17.50 on 50 pens.
What was the cost of each item?",,4p,£1.10,78p,35p,£3.50,35p,5,Money,Multiple Choice,P4Q5_6
"Mr Smith spent £10.50 on 30 pencils.
What was the cost of each item?",,35p,£1.05,4p,£3.50,£1.73,35p,5,Money,Multiple Choice,P4Q5_7
"Mr Smith spent £14.50 on 50 rubbers.
What was the cost of each item?",,£1.22,19p,3p,29p,£2.90,29p,5,Money,Multiple Choice,P4Q5_8
"Mr Smith spent £59.40 on 60 rubbers.
What was the cost of each item?",,£9.90,£1.62,99p,10p,£1.01,99p,5,Money,Multiple Choice,P4Q5_9
"Mrs Patel spent £21.00 on 60 plants.
What was the cost of each item?",,88p,35p,£1.34,£3.50,4p,35p,5,Money,Multiple Choice,P4Q5_10
"Mr Smith spent £29.70 on 30 pencils.
What was the cost of each item?",,10p,£1.71,86p,£9.90,99p,99p,5,Money,Multiple Choice,P4Q5_11
"Mr Smith spent £29.70 on 30 pencils.
What was the cost of each item?",,57p,99p,10p,£1.73,£9.90,99p,5,Money,Multiple Choice,P4Q5_12
"Mr Smith spent £11.00 on 20 pencils.
What was the cost of each item?",,£1.24,£5.50,55p,£1.97,6p,55p,5,Money,Multiple Choice,P4Q5_13
"Mrs Patel spent £4.50 on 30 pencils.
What was the cost of each item?",,2p,15p,£1.50,£1.04,35p,15p,5,Money,Multiple Choice,P4Q5_14
"Mr Smith spent £22.50 on 50 pencils.
What was the cost of each item?",,45p,£1.64,£4.50,4p,£1.24,45p,5,Money,Multiple Choice,P4Q5_15
"Mrs Patel spent £49.50 on 50 plants.
What was the cost of each item?",,10p,£9.90,99p,£1.72,56p,99p,5,Money,Multiple Choice,P4Q5_16
"John spent £18.00 on 40 plants.
What was the cost of each item?",,£4.50,16p,45p,4p,£1.79,45p,5,Money,Multiple Choice,P4Q5_17
"John spent £5.80 on 20 pens.
What was the cost of each item?",,£2.90,85p,69p,29p,3p,29p,5,Money,Multiple Choice,P4Q5_18
"John spent £14.50 on 50 plants.
What was the cost of each item?",,29p,£2.90,£1.32,£1.40,3p,29p,5,Money,Multiple Choice,P4Q5_19
"Mr Smith spent £22.00 on 40 rubbers.
What was the cost of each item?",,62p,55p,£5.50,6p,£1.40,55p,5,Money,Multiple Choice,P4Q5_20
"Mr Smith spent £17.40 on 60 pens.
What was the cost of each item?",,£1.88,3p,£2.90,29p,£1.53,29p,5,Money,Multiple Choice,P4Q5_21
"Mrs Patel spent £16.50 on 30 pencils.
What was the cost of each item?",,55p,£1.74,£1.28,£5.50,6p,55p,5,Money,Multiple Choice,P4Q5_22
"John spent £22.50 on 50 rubbers.
What was the cost of each item?",,£4.50,45p,59p,94p,4p,45p,5,Money,Multiple Choice,P4Q5_23
"John spent £49.50 on 50 plants.
What was the cost of each item?",,14p,£1.05,99p,10p,£9.90,99p,5,Money,Multiple Choice,P4Q5_24
"Mrs Patel spent £27.50 on 50 rubbers.
What was the cost of each item?",,£1.20,£1.79,£5.50,55p,6p,55p,5,Money,Multiple Choice,P4Q5_25
"Mrs Patel spent £9.00 on 60 plants.
What was the cost of each item?",,£1.73,2p,15p,39p,£1.50,15p,5,Money,Multiple Choice,P4Q5_26
"Sarah spent £19.80 on 20 pencils.
What was the cost of each item?",,£9.90,£1.89,99p,£1.36,10p,99p,5,Money,Multiple Choice,P4Q5_27
"Mr Smith spent £11.60 on 40 pencils.
What was the cost of each item?",,£1.60,45p,£2.90,29p,3p,29p,5,Money,Multiple Choice,P4Q5_28
"Mrs Patel spent £5.80 on 20 rubbers.
What was the cost of each item?",,£2.90,27p,3p,£1.17,29p,29p,5,Money,Multiple Choice,P4Q5_29
"John spent £9.00 on 60 pens.
What was the cost of each item?",,85p,15p,2p,£1.50,62p,15p,5,Money,Multiple Choice,P4Q5_30
"John spent £13.50 on 30 pens.
What was the cost of each item?",,45p,£4.50,4p,£1.22,£1.49,45p,5,Money,Multiple Choice,P4Q5_31
"Mrs Patel spent £9.00 on 60 plants.
What was the cost of each item?",,2p,£1.50,85p,15p,36p,15p,5,Money,Multiple Choice,P4Q5_32
"Mrs Patel spent £4.50 on 30 pens.
What was the cost of each item?",,£1.50,2p,37p,£1.14,15p,15p,5,Money,Multiple Choice,P4Q5_33
"Mrs Patel spent £4.50 on 30 pens.
What was the cost of each item?",,2p,£1.50,£1.71,£1.57,15p,15p,5,Money,Multiple Choice,P4Q5_34
"Sarah spent £8.70 on 30 pens.
What was the cost of each item?",,3p,£2.90,70p,£1.10,29p,29p,5,Money,Multiple Choice,P4Q5_35
"Mr Smith spent £22.00 on 40 plants.
What was the cost of each item?",,£5.50,£1.51,55p,16p,6p,55p,5,Money,Multiple Choice,P4Q5_36
"John spent £14.00 on 40 pencils.
What was the cost of each item?",,35p,£1.99,£3.50,£1.78,4p,35p,5,Money,Multiple Choice,P4Q5_37
"Mr Smith spent £22.50 on 50 plants.
What was the cost of each item?",,£1.93,45p,4p,19p,£4.50,45p,5,Money,Multiple Choice,P4Q5_38
"Sarah spent £7.00 on 20 pencils.
What was the cost of each item?",,£3.50,4p,£1.68,£1.05,35p,35p,5,Money,Multiple Choice,P4Q5_39
"John spent £3.00 on 20 pens.
What was the cost of each item?",,£1.47,97p,2p,15p,£1.50,15p,5,Money,Multiple Choice,P4Q5_40
"Sarah spent £39.60 on 40 rubbers.
What was the cost of each item?",,£9.90,10p,14p,99p,£1.68,99p,5,Money,Multiple Choice,P4Q5_41
"John spent £3.00 on 20 pens.
What was the cost of each item?",,£1.13,2p,15p,£1.89,£1.50,15p,5,Money,Multiple Choice,P4Q5_42
"John spent £22.00 on 40 rubbers.
What was the cost of each item?",,£1.37,£1.40,6p,55p,£5.50,55p,5,Money,Multiple Choice,P4Q5_43
"Mrs Patel spent £3.00 on 20 pens.
What was the cost of each item?",,2p,£1.50,£1.08,52p,15p,15p,5,Money,Multiple Choice,P4Q5_44
"Mr Smith spent £22.50 on 50 plants.
What was the cost of each item?",,£4.50,4p,36p,£1.71,45p,45p,5,Money,Multiple Choice,P4Q5_45
"Mr Smith spent £17.50 on 50 pencils.
What was the cost of each item?",,£1.22,£3.50,35p,11p,4p,35p,5,Money,Multiple Choice,P4Q5_46
"Sarah spent £22.00 on 40 pens.
What was the cost of each item?",,55p,6p,£1.60,75p,£5.50,55p,5,Money,Multiple Choice,P4Q5_47
"Mrs Patel spent £39.60 on 40 pens.
What was the cost of each item?",,10p,£1.72,99p,£9.90,37p,99p,5,Money,Multiple Choice,P4Q5_48
"Sarah spent £5.80 on 20 pencils.
What was the cost of each item?",,£2.90,3p,29p,£1.67,72p,29p,5,Money,Multiple Choice,P4Q5_49
"Mr Smith spent £9.00 on 20 pencils.
What was the cost of each item?",,£4.50,£1.54,4p,59p,45p,45p,5,Money,Multiple Choice,P4Q5_50
A ribbon is 6 m 6 cm long. It is cut into two equal pieces. How long is each piece?,,3.04 m,3.13 m,3.30 m,3.03 m,2.93 m,3.03 m,6,Measures,Multiple Choice,P2Q6_1
A ribbon is 4 m 8 cm long. It is cut into two equal pieces. How long is each piece?,,2.14 m,2.40 m,2.05 m,2.04 m,2.03 m,2.04 m,6,Measures,Multiple Choice,P2Q6_2
A string is 16 m 6 cm long. It is cut into two equal pieces. How long is each piece?,,8.03 m,8.02 m,8.30 m,8.04 m,8.13 m,8.03 m,6,Measures,Multiple Choice,P2Q6_3
A cable is 4 m 8 cm long. It is cut into two equal pieces. How long is each piece?,,2.40 m,2.05 m,2.04 m,2.14 m,1.94 m,2.04 m,6,Measures,Multiple Choice,P2Q6_4
A cable is 8 m 8 cm long. It is cut into two equal pieces. How long is each piece?,,4.40 m,4.05 m,3.94 m,4.04 m,4.03 m,4.04 m,6,Measures,Multiple Choice,P2Q6_5
A ribbon is 16 m 24 cm long. It is cut into two equal pieces. How long is each piece?,,8.12 m,8.02 m,8.13 m,8.11 m,9.20 m,8.12 m,6,Measures,Multiple Choice,P2Q6_6
A string is 12 m 16 cm long. It is cut into two equal pieces. How long is each piece?,,6.80 m,6.08 m,6.18 m,6.07 m,5.98 m,6.08 m,6,Measures,Multiple Choice,P2Q6_7
A rope is 10 m 8 cm long. It is cut into two equal pieces. How long is each piece?,,5.14 m,4.94 m,5.40 m,5.04 m,5.03 m,5.04 m,6,Measures,Multiple Choice,P2Q6_8
A ribbon is 6 m 8 cm long. It is cut into two equal pieces. How long is each piece?,,3.05 m,3.14 m,3.03 m,3.40 m,3.04 m,3.04 m,6,Measures,Multiple Choice,P2Q6_9
A ribbon is 4 m 2 cm long. It is cut into two equal pieces. How long is each piece?,,2.10 m,2.11 m,2.01 m,1.91 m,2.02 m,2.01 m,6,Measures,Multiple Choice,P2Q6_10
A cable is 16 m 2 cm long. It is cut into two equal pieces. How long is each piece?,,8.00 m,7.91 m,8.10 m,8.02 m,8.01 m,8.01 m,6,Measures,Multiple Choice,P2Q6_11
A string is 8 m 4 cm long. It is cut into two equal pieces. How long is each piece?,,4.03 m,4.02 m,4.20 m,4.01 m,4.12 m,4.02 m,6,Measures,Multiple Choice,P2Q6_12
A cable is 16 m 12 cm long. It is cut into two equal pieces. How long is each piece?,,7.96 m,8.06 m,8.07 m,8.60 m,8.05 m,8.06 m,6,Measures,Multiple Choice,P2Q6_13
A ribbon is 4 m 18 cm long. It is cut into two equal pieces. How long is each piece?,,2.90 m,2.09 m,2.19 m,2.08 m,2.10 m,2.09 m,6,Measures,Multiple Choice,P2Q6_14
A ribbon is 10 m 18 cm long. It is cut into two equal pieces. How long is each piece?,,5.08 m,4.99 m,5.90 m,5.19 m,5.09 m,5.09 m,6,Measures,Multiple Choice,P2Q6_15
A rope is 8 m 18 cm long. It is cut into two equal pieces. How long is each piece?,,4.19 m,4.09 m,4.08 m,4.90 m,4.10 m,4.09 m,6,Measures,Multiple Choice,P2Q6_16
A wire is 8 m 14 cm long. It is cut into two equal pieces. How long is each piece?,,4.70 m,4.08 m,4.06 m,4.07 m,4.17 m,4.07 m,6,Measures,Multiple Choice,P2Q6_17
A ribbon is 10 m 6 cm long. It is cut into two equal pieces. How long is each piece?,,5.30 m,5.03 m,5.02 m,5.04 m,4.93 m,5.03 m,6,Measures,Multiple Choice,P2Q6_18
A rope is 4 m 6 cm long. It is cut into two equal pieces. How long is each piece?,,2.04 m,2.02 m,2.30 m,1.93 m,2.03 m,2.03 m,6,Measures,Multiple Choice,P2Q6_19
A wire is 6 m 4 cm long. It is cut into two equal pieces. How long is each piece?,,3.03 m,3.20 m,3.12 m,3.01 m,3.02 m,3.02 m,6,Measures,Multiple Choice,P2Q6_20
A cable is 8 m 2 cm long. It is cut into two equal pieces. How long is each piece?,,4.01 m,4.00 m,4.11 m,4.10 m,4.02 m,4.01 m,6,Measures,Multiple Choice,P2Q6_21
A rope is 12 m 6 cm long. It is cut into two equal pieces. How long is each piece?,,5.93 m,6.13 m,6.30 m,6.03 m,6.04 m,6.03 m,6,Measures,Multiple Choice,P2Q6_22
A ribbon is 12 m 8 cm long. It is cut into two equal pieces. How long is each piece?,,6.04 m,5.94 m,6.40 m,6.03 m,6.05 m,6.04 m,6,Measures,Multiple Choice,P2Q6_23
A ribbon is 10 m 18 cm long. It is cut into two equal pieces. How long is each piece?,,5.90 m,5.19 m,4.99 m,5.08 m,5.09 m,5.09 m,6,Measures,Multiple Choice,P2Q6_24
A wire is 16 m 8 cm long. It is cut into two equal pieces. How long is each piece?,,8.04 m,8.40 m,8.05 m,7.94 m,8.03 m,8.04 m,6,Measures,Multiple Choice,P2Q6_25
A wire is 12 m 8 cm long. It is cut into two equal pieces. How long is each piece?,,6.40 m,6.05 m,6.14 m,6.04 m,6.03 m,6.04 m,6,Measures,Multiple Choice,P2Q6_26
A rope is 8 m 4 cm long. It is cut into two equal pieces. How long is each piece?,,3.92 m,4.01 m,4.02 m,4.20 m,4.12 m,4.02 m,6,Measures,Multiple Choice,P2Q6_27
A wire is 8 m 12 cm long. It is cut into two equal pieces. How long is each piece?,,4.60 m,4.06 m,4.05 m,4.07 m,3.96 m,4.06 m,6,Measures,Multiple Choice,P2Q6_28
A string is 4 m 24 cm long. It is cut into two equal pieces. How long is each piece?,,3.20 m,2.02 m,2.22 m,2.12 m,2.11 m,2.12 m,6,Measures,Multiple Choice,P2Q6_29
A string is 16 m 4 cm long. It is cut into two equal pieces. How long is each piece?,,8.01 m,8.12 m,8.03 m,8.20 m,8.02 m,8.02 m,6,Measures,Multiple Choice,P2Q6_30
"Sarah packed their gym bag for a workout. It contained a towel, a bottle of water, a pair of trainers, a change of clothes. They also packed shower gel and shampoo. Roughly, how much is the gym bag likely to weigh?",,3 g,30 kg,300 kg,300 g,3 kg,3 kg,6,Measures,Text,P3Q6_1
"Leo packed their school bag for a day at school. It contained three textbooks, an exercise book, a pencil case, a packed lunch box. They also packed a PE kit with trainers. Roughly, how much is the school bag likely to weigh?",,500 kg,500 g,5 kg,50 kg,5 g,5 kg,6,Measures,Text,P3Q6_2
"Leo packed their gym bag for a workout. It contained a towel, a bottle of water, a pair of trainers, a change of clothes. They also packed shower gel and shampoo. Roughly, how much is the gym bag likely to weigh?",,300 kg,300 g,30 kg,3 g,3 kg,3 kg,6,Measures,Text,P3Q6_3
"Ben packed their school bag for a day at school. It contained three textbooks, an exercise book, a pencil case, a packed lunch box. They also packed a PE kit with trainers. Roughly, how much is the school bag likely to weigh?",,50 kg,500 kg,5 g,500 g,5 kg,5 kg,6,Measures,Text,P3Q6_4
"Chloe packed their shopping bag for a trip to the supermarket. It contained a loaf of bread, a 4-pint bottle of milk, a bag of apples, a box of cereal. They also packed a tin of beans. Roughly, how much is the shopping bag likely to weigh?",,4 g,40 kg,4 kg,400 kg,400 g,4 kg,6,Measures,Text,P3Q6_5
"Ben packed their large suitcase for a two-week holiday. It contained ten t-shirts, three pairs of jeans, two jumpers, a washbag, three pairs of shoes. They also packed a heavy coat and some books. Roughly, how much is the large suitcase likely to weigh?",,20 kg,2000 kg,2000 g,20 g,200 kg,20 kg,6,Measures,Text,P3Q6_6
"Amara packed their pencil case for an art exam. It contained three pencils, a rubber, a sharpener, a plastic ruler. They also packed a couple of highlighters. Roughly, how much is the pencil case likely to weigh?",,20 g,2 g,20000 g,200 g,2000 g,200 g,6,Measures,Text,P3Q6_7
"Claire packed their school bag for a day at school. It contained three textbooks, an exercise book, a pencil case, a packed lunch box. They also packed a PE kit with trainers. Roughly, how much is the school bag likely to weigh?",,5 g,500 g,50 kg,500 kg,5 kg,5 kg,6,Measures,Text,P3Q6_8
"Megan packed their school bag for a day at school. It contained three textbooks, an exercise book, a pencil case, a packed lunch box. They also packed a PE kit with trainers. Roughly, how much is the school bag likely to weigh?",,50 kg,5 kg,500 kg,500 g,5 g,5 kg,6,Measures,Text,P3Q6_9
"David packed their large suitcase for a two-week holiday. It contained ten t-shirts, three pairs of jeans, two jumpers, a washbag, three pairs of shoes. They also packed a heavy coat and some books. Roughly, how much is the large suitcase likely to weigh?",,2000 kg,200 kg,2000 g,20 kg,20 g,20 kg,6,Measures,Text,P3Q6_10
"Sam packed their shopping bag for a trip to the supermarket. It contained a loaf of bread, a 4-pint bottle of milk, a bag of apples, a box of cereal. They also packed a tin of beans. Roughly, how much is the shopping bag likely to weigh?",,40 kg,4 g,400 kg,4 kg,400 g,4 kg,6,Measures,Text,P3Q6_11
"Leo packed their gym bag for a workout. It contained a towel, a bottle of water, a pair of trainers, a change of clothes. They also packed shower gel and shampoo. Roughly, how much is the gym bag likely to weigh?",,3 kg,3 g,300 g,300 kg,30 kg,3 kg,6,Measures,Text,P3Q6_12
"Ben packed their shopping bag for a trip to the supermarket. It contained a loaf of bread, a 4-pint bottle of milk, a bag of apples, a box of cereal. They also packed a tin of beans. Roughly, how much is the shopping bag likely to weigh?",,4 g,4 kg,400 kg,40 kg,400 g,4 kg,6,Measures,Text,P3Q6_13
"Claire packed their school bag for a day at school. It contained three textbooks, an exercise book, a pencil case, a packed lunch box. They also packed a PE kit with trainers. Roughly, how much is the school bag likely to weigh?",,500 kg,500 g,5 kg,5 g,50 kg,5 kg,6,Measures,Text,P3Q6_14
"Amara packed their pencil case for an art exam. It contained three pencils, a rubber, a sharpener, a plastic ruler. They also packed a couple of highlighters. Roughly, how much is the pencil case likely to weigh?",,20000 g,2 g,20 g,200 g,2000 g,200 g,6,Measures,Text,P3Q6_15
"Mia packed their gym bag for a workout. It contained a towel, a bottle of water, a pair of trainers, a change of clothes. They also packed shower gel and shampoo. Roughly, how much is the gym bag likely to weigh?",,30 kg,3 g,300 g,300 kg,3 kg,3 kg,6,Measures,Text,P3Q6_16
"Jack packed their pencil case for an art exam. It contained three pencils, a rubber, a sharpener, a plastic ruler. They also packed a couple of highlighters. Roughly, how much is the pencil case likely to weigh?",,20000 g,20 g,200 g,2000 g,2 g,200 g,6,Measures,Text,P3Q6_17
"Harry packed their rucksack for a day's hike. It contained a flask of hot tea, some sandwiches, two apples, a banana, a bar of chocolate. They also packed some waterproof clothes. Roughly, how much is the rucksack likely to weigh?",,300 kg,300 g,3 kg,3 g,30 kg,3 kg,6,Measures,Text,P3Q6_18
"David packed their large suitcase for a two-week holiday. It contained ten t-shirts, three pairs of jeans, two jumpers, a washbag, three pairs of shoes. They also packed a heavy coat and some books. Roughly, how much is the large suitcase likely to weigh?",,200 kg,2000 g,2000 kg,20 kg,20 g,20 kg,6,Measures,Text,P3Q6_19
"Mia packed their shopping bag for a trip to the supermarket. It contained a loaf of bread, a 4-pint bottle of milk, a bag of apples, a box of cereal. They also packed a tin of beans. Roughly, how much is the shopping bag likely to weigh?",,4 g,400 kg,4 kg,40 kg,400 g,4 kg,6,Measures,Text,P3Q6_20
"Sarah packed their large suitcase for a two-week holiday. It contained ten t-shirts, three pairs of jeans, two jumpers, a washbag, three pairs of shoes. They also packed a heavy coat and some books. Roughly, how much is the large suitcase likely to weigh?",,2000 kg,20 kg,2000 g,20 g,200 kg,20 kg,6,Measures,Text,P3Q6_21
"David packed their school bag for a day at school. It contained three textbooks, an exercise book, a pencil case, a packed lunch box. They also packed a PE kit with trainers. Roughly, how much is the school bag likely to weigh?",,5 kg,50 kg,500 g,5 g,500 kg,5 kg,6,Measures,Text,P3Q6_22
"Mia packed their shopping bag for a trip to the supermarket. It contained a loaf of bread, a 4-pint bottle of milk, a bag of apples, a box of cereal. They also packed a tin of beans. Roughly, how much is the shopping bag likely to weigh?",,40 kg,400 g,4 g,400 kg,4 kg,4 kg,6,Measures,Text,P3Q6_23
"Tom packed their rucksack for a day's hike. It contained a flask of hot tea, some sandwiches, two apples, a banana, a bar of chocolate. They also packed some waterproof clothes. Roughly, how much is the rucksack likely to weigh?",,3 g,30 kg,3 kg,300 kg,300 g,3 kg,6,Measures,Text,P3Q6_24
"Priya packed their large suitcase for a two-week holiday. It contained ten t-shirts, three pairs of jeans, two jumpers, a washbag, three pairs of shoes. They also packed a heavy coat and some books. Roughly, how much is the large suitcase likely to weigh?",,2000 g,20 kg,200 kg,20 g,2000 kg,20 kg,6,Measures,Text,P3Q6_25
"A rope is 6 m 34 cm long. It is cut into two equal pieces.
How long is each piece?",,4.70 m,3.34 m,3.17 m,4.90 m,6.17 m,3.17 m,6,Measures,Multiple Choice,P4Q6_1
"A rope is 7 m 2 cm long. It is cut into two equal pieces.
How long is each piece?",,3.60 m,3.52 m,3.51 m,3.11 m,7.01 m,3.51 m,6,Measures,Multiple Choice,P4Q6_2
"A rope is 8 m 22 cm long. It is cut into two equal pieces.
How long is each piece?",,4.77 m,5.10 m,4.11 m,4.22 m,8.11 m,4.11 m,6,Measures,Multiple Choice,P4Q6_3
"A rope is 5 m 8 cm long. It is cut into two equal pieces.
How long is each piece?",,2.90 m,4.91 m,2.58 m,2.54 m,5.04 m,2.54 m,6,Measures,Multiple Choice,P4Q6_4
"A rope is 6 m 4 cm long. It is cut into two equal pieces.
How long is each piece?",,6.02 m,1.84 m,3.04 m,3.20 m,3.02 m,3.02 m,6,Measures,Multiple Choice,P4Q6_5
"A rope is 7 m 2 cm long. It is cut into two equal pieces.
How long is each piece?",,3.52 m,5.60 m,7.01 m,3.51 m,3.60 m,3.51 m,6,Measures,Multiple Choice,P4Q6_6
"A rope is 4 m 22 cm long. It is cut into two equal pieces.
How long is each piece?",,2.13 m,3.10 m,2.11 m,4.11 m,2.22 m,2.11 m,6,Measures,Multiple Choice,P4Q6_7
"A rope is 7 m 46 cm long. It is cut into two equal pieces.
How long is each piece?",,7.23 m,5.80 m,1.83 m,3.96 m,3.73 m,3.73 m,6,Measures,Multiple Choice,P4Q6_8
"A rope is 8 m 2 cm long. It is cut into two equal pieces.
How long is each piece?",,4.01 m,8.01 m,4.10 m,4.02 m,1.13 m,4.01 m,6,Measures,Multiple Choice,P4Q6_9
"A rope is 2 m 8 cm long. It is cut into two equal pieces.
How long is each piece?",,1.08 m,1.40 m,1.82 m,2.04 m,1.04 m,1.04 m,6,Measures,Multiple Choice,P4Q6_10
"A rope is 6 m 8 cm long. It is cut into two equal pieces.
How long is each piece?",,3.08 m,3.40 m,1.77 m,6.04 m,3.04 m,3.04 m,6,Measures,Multiple Choice,P4Q6_11
"A rope is 3 m 2 cm long. It is cut into two equal pieces.
How long is each piece?",,1.51 m,1.60 m,5.76 m,3.01 m,1.52 m,1.51 m,6,Measures,Multiple Choice,P4Q6_12
"A rope is 4 m 46 cm long. It is cut into two equal pieces.
How long is each piece?",,5.85 m,2.46 m,4.30 m,4.23 m,2.23 m,2.23 m,6,Measures,Multiple Choice,P4Q6_13
"A rope is 8 m 4 cm long. It is cut into two equal pieces.
How long is each piece?",,8.02 m,4.02 m,5.42 m,4.20 m,4.04 m,4.02 m,6,Measures,Multiple Choice,P4Q6_14
"A rope is 4 m 22 cm long. It is cut into two equal pieces.
How long is each piece?",,3.10 m,2.11 m,2.22 m,4.11 m,3.25 m,2.11 m,6,Measures,Multiple Choice,P4Q6_15
"A rope is 5 m 14 cm long. It is cut into two equal pieces.
How long is each piece?",,5.07 m,3.20 m,2.57 m,1.90 m,2.64 m,2.57 m,6,Measures,Multiple Choice,P4Q6_16
"A rope is 3 m 58 cm long. It is cut into two equal pieces.
How long is each piece?",,2.08 m,1.79 m,1.51 m,3.29 m,4.40 m,1.79 m,6,Measures,Multiple Choice,P4Q6_17
"A rope is 2 m 22 cm long. It is cut into two equal pieces.
How long is each piece?",,1.22 m,2.12 m,2.11 m,1.11 m,2.10 m,1.11 m,6,Measures,Multiple Choice,P4Q6_18
"A rope is 4 m 46 cm long. It is cut into two equal pieces.
How long is each piece?",,2.46 m,2.23 m,4.23 m,4.30 m,4.70 m,2.23 m,6,Measures,Multiple Choice,P4Q6_19
"A rope is 3 m 46 cm long. It is cut into two equal pieces.
How long is each piece?",,3.23 m,4.74 m,1.73 m,1.96 m,3.80 m,1.73 m,6,Measures,Multiple Choice,P4Q6_20
"A rope is 7 m 4 cm long. It is cut into two equal pieces.
How long is each piece?",,3.52 m,3.70 m,3.10 m,7.02 m,3.54 m,3.52 m,6,Measures,Multiple Choice,P4Q6_21
"A rope is 7 m 58 cm long. It is cut into two equal pieces.
How long is each piece?",,4.08 m,2.75 m,6.40 m,7.29 m,3.79 m,3.79 m,6,Measures,Multiple Choice,P4Q6_22
"A rope is 8 m 8 cm long. It is cut into two equal pieces.
How long is each piece?",,4.08 m,2.46 m,8.04 m,4.04 m,4.40 m,4.04 m,6,Measures,Multiple Choice,P4Q6_23
"A rope is 7 m 58 cm long. It is cut into two equal pieces.
How long is each piece?",,4.08 m,6.40 m,3.79 m,7.29 m,5.86 m,3.79 m,6,Measures,Multiple Choice,P4Q6_24
"A rope is 7 m 34 cm long. It is cut into two equal pieces.
How long is each piece?",,3.84 m,7.17 m,5.20 m,1.13 m,3.67 m,3.67 m,6,Measures,Multiple Choice,P4Q6_25
"A rope is 2 m 6 cm long. It is cut into two equal pieces.
How long is each piece?",,1.03 m,1.06 m,4.83 m,1.30 m,2.03 m,1.03 m,6,Measures,Multiple Choice,P4Q6_26
"A rope is 7 m 4 cm long. It is cut into two equal pieces.
How long is each piece?",,3.70 m,3.52 m,1.22 m,3.54 m,7.02 m,3.52 m,6,Measures,Multiple Choice,P4Q6_27
"A rope is 4 m 2 cm long. It is cut into two equal pieces.
How long is each piece?",,2.02 m,4.01 m,2.10 m,2.01 m,4.65 m,2.01 m,6,Measures,Multiple Choice,P4Q6_28
"A rope is 7 m 2 cm long. It is cut into two equal pieces.
How long is each piece?",,3.61 m,3.52 m,7.01 m,3.60 m,3.51 m,3.51 m,6,Measures,Multiple Choice,P4Q6_29
"A rope is 4 m 22 cm long. It is cut into two equal pieces.
How long is each piece?",,2.22 m,2.11 m,3.10 m,2.11 m,4.11 m,2.11 m,6,Measures,Multiple Choice,P4Q6_30
"A rope is 2 m 4 cm long. It is cut into two equal pieces.
How long is each piece?",,1.20 m,1.04 m,1.02 m,5.22 m,2.02 m,1.02 m,6,Measures,Multiple Choice,P4Q6_31
"A rope is 7 m 22 cm long. It is cut into two equal pieces.
How long is each piece?",,3.61 m,4.60 m,4.40 m,7.11 m,3.72 m,3.61 m,6,Measures,Multiple Choice,P4Q6_32
"A rope is 2 m 58 cm long. It is cut into two equal pieces.
How long is each piece?",,3.90 m,1.58 m,2.61 m,2.29 m,1.29 m,1.29 m,6,Measures,Multiple Choice,P4Q6_33
"A rope is 4 m 2 cm long. It is cut into two equal pieces.
How long is each piece?",,2.02 m,2.01 m,2.10 m,4.01 m,4.84 m,2.01 m,6,Measures,Multiple Choice,P4Q6_34
"A rope is 2 m 12 cm long. It is cut into two equal pieces.
How long is each piece?",,1.06 m,4.94 m,2.06 m,1.12 m,1.60 m,1.06 m,6,Measures,Multiple Choice,P4Q6_35
"A rope is 5 m 6 cm long. It is cut into two equal pieces.
How long is each piece?",,2.80 m,5.49 m,5.03 m,2.56 m,2.53 m,2.53 m,6,Measures,Multiple Choice,P4Q6_36
"A rope is 4 m 12 cm long. It is cut into two equal pieces.
How long is each piece?",,2.51 m,2.60 m,2.06 m,4.06 m,2.12 m,2.06 m,6,Measures,Multiple Choice,P4Q6_37
"A rope is 4 m 46 cm long. It is cut into two equal pieces.
How long is each piece?",,4.25 m,4.23 m,2.23 m,2.46 m,4.30 m,2.23 m,6,Measures,Multiple Choice,P4Q6_38
"A rope is 2 m 8 cm long. It is cut into two equal pieces.
How long is each piece?",,3.63 m,1.04 m,1.08 m,2.04 m,1.40 m,1.04 m,6,Measures,Multiple Choice,P4Q6_39
"A rope is 5 m 34 cm long. It is cut into two equal pieces.
How long is each piece?",,2.70 m,2.67 m,5.17 m,4.20 m,2.84 m,2.67 m,6,Measures,Multiple Choice,P4Q6_40
"A rope is 2 m 4 cm long. It is cut into two equal pieces.
How long is each piece?",,2.02 m,1.20 m,4.88 m,1.04 m,1.02 m,1.02 m,6,Measures,Multiple Choice,P4Q6_41
"A rope is 7 m 22 cm long. It is cut into two equal pieces.
How long is each piece?",,7.11 m,3.72 m,3.61 m,4.60 m,1.31 m,3.61 m,6,Measures,Multiple Choice,P4Q6_42
"A rope is 6 m 34 cm long. It is cut into two equal pieces.
How long is each piece?",,4.70 m,3.17 m,6.17 m,2.26 m,3.34 m,3.17 m,6,Measures,Multiple Choice,P4Q6_43
"A rope is 5 m 8 cm long. It is cut into two equal pieces.
How long is each piece?",,5.04 m,2.58 m,4.26 m,2.54 m,2.90 m,2.54 m,6,Measures,Multiple Choice,P4Q6_44
"A rope is 2 m 4 cm long. It is cut into two equal pieces.
How long is each piece?",,4.45 m,2.02 m,1.04 m,1.20 m,1.02 m,1.02 m,6,Measures,Multiple Choice,P4Q6_45
"A rope is 4 m 2 cm long. It is cut into two equal pieces.
How long is each piece?",,2.11 m,4.01 m,2.02 m,2.10 m,2.01 m,2.01 m,6,Measures,Multiple Choice,P4Q6_46
"A rope is 7 m 46 cm long. It is cut into two equal pieces.
How long is each piece?",,3.73 m,3.96 m,7.23 m,2.64 m,5.80 m,3.73 m,6,Measures,Multiple Choice,P4Q6_47
"A rope is 7 m 4 cm long. It is cut into two equal pieces.
How long is each piece?",,7.02 m,3.70 m,3.52 m,2.28 m,3.54 m,3.52 m,6,Measures,Multiple Choice,P4Q6_48
"A rope is 4 m 14 cm long. It is cut into two equal pieces.
How long is each piece?",,2.07 m,2.14 m,2.70 m,1.97 m,4.07 m,2.07 m,6,Measures,Multiple Choice,P4Q6_49
"A rope is 5 m 2 cm long. It is cut into two equal pieces.
How long is each piece?",,2.51 m,5.01 m,2.60 m,1.64 m,2.52 m,2.51 m,6,Measures,Multiple Choice,P4Q6_50
Look at this table showing the performance of the school netball team. How many matches in total did the team NOT win?,P2Q7_1.png,40,38,21,59,43,38,7,Data Handling,Multiple Choice,P2Q7_1
Look at this table showing the performance of the school cricket team. How many matches in total did the team NOT win?,P2Q7_2.png,37,38,39,60,21,39,7,Data Handling,Multiple Choice,P2Q7_2
Look at this table showing the performance of the school cricket team. How many matches in total did the team NOT win?,P2Q7_3.png,14,42,40,44,56,42,7,Data Handling,Multiple Choice,P2Q7_3
Look at this table showing the performance of the school rugby team. How many matches in total did the team NOT win?,P2Q7_4.png,37,30,34,23,57,34,7,Data Handling,Multiple Choice,P2Q7_4
Look at this table showing the performance of the school rugby team. How many matches in total did the team NOT win?,P2Q7_5.png,43,42,26,47,73,47,7,Data Handling,Multiple Choice,P2Q7_5
Look at this table showing the performance of the school football team. How many matches in total did the team NOT win?,P2Q7_6.png,19,35,39,58,36,39,7,Data Handling,Multiple Choice,P2Q7_6
Look at this table showing the performance of the school netball team. How many matches in total did the team NOT win?,P2Q7_7.png,37,55,32,20,35,35,7,Data Handling,Multiple Choice,P2Q7_7
Look at this table showing the performance of the school netball team. How many matches in total did the team NOT win?,P2Q7_8.png,41,17,24,20,27,24,7,Data Handling,Multiple Choice,P2Q7_8
Look at this table showing the performance of the school cricket team. How many matches in total did the team NOT win?,P2Q7_9.png,54,45,50,14,64,50,7,Data Handling,Multiple Choice,P2Q7_9
Look at this table showing the performance of the school rugby team. How many matches in total did the team NOT win?,P2Q7_10.png,38,18,41,59,43,41,7,Data Handling,Multiple Choice,P2Q7_10
Look at this table showing the performance of the school cricket team. How many matches in total did the team NOT win?,P2Q7_11.png,60,41,38,19,42,41,7,Data Handling,Multiple Choice,P2Q7_11
Look at this table showing the performance of the school football team. How many matches in total did the team NOT win?,P2Q7_12.png,37,26,64,40,38,38,7,Data Handling,Multiple Choice,P2Q7_12
Look at this table showing the performance of the school rugby team. How many matches in total did the team NOT win?,P2Q7_13.png,40,43,28,68,35,40,7,Data Handling,Multiple Choice,P2Q7_13
Look at this table showing the performance of the school cricket team. How many matches in total did the team NOT win?,P2Q7_14.png,35,37,38,10,48,38,7,Data Handling,Multiple Choice,P2Q7_14
Look at this table showing the performance of the school rugby team. How many matches in total did the team NOT win?,P2Q7_15.png,62,41,21,39,46,41,7,Data Handling,Multiple Choice,P2Q7_15
Look at this table showing the performance of the school rugby team. How many matches in total did the team NOT win?,P2Q7_16.png,45,21,19,25,26,26,7,Data Handling,Multiple Choice,P2Q7_16
Look at this table showing the performance of the school netball team. How many matches in total did the team NOT win?,P2Q7_17.png,70,22,50,48,43,48,7,Data Handling,Multiple Choice,P2Q7_17
Look at this table showing the performance of the school hockey team. How many matches in total did the team NOT win?,P2Q7_18.png,24,54,33,30,34,30,7,Data Handling,Multiple Choice,P2Q7_18
Look at this table showing the performance of the school hockey team. How many matches in total did the team NOT win?,P2Q7_19.png,23,40,13,27,24,27,7,Data Handling,Multiple Choice,P2Q7_19
Look at this table showing the performance of the school football team. How many matches in total did the team NOT win?,P2Q7_20.png,44,40,39,22,66,44,7,Data Handling,Multiple Choice,P2Q7_20
This machine divides by 4 and then subtracts 16. The output is 0. Which number has been put in?,P3Q7_1.png,-16,16,62,65,64,64,7,Algebra,Multiple Choice,P3Q7_1
This machine multiplies by 5 and then adds 6. The output is 91. Which number has been put in?,P3Q7_2.png,17,7,27,461,15,17,7,Algebra,Multiple Choice,P3Q7_2
This machine divides by 4 and then subtracts 20. The output is 1. Which number has been put in?,P3Q7_3.png,-20,84,24,86,82,84,7,Algebra,Multiple Choice,P3Q7_3
This machine divides by 10 and then adds 10. The output is 18. Which number has been put in?,P3Q7_4.png,11,280,170,78,80,80,7,Algebra,Multiple Choice,P3Q7_4
This machine divides by 4 and then adds 19. The output is 30. Which number has been put in?,P3Q7_5.png,42,44,196,101,26,44,7,Algebra,Multiple Choice,P3Q7_5
This machine multiplies by 3 and then adds 46. The output is 115. Which number has been put in?,P3Q7_6.png,22,24,391,23,25,23,7,Algebra,Multiple Choice,P3Q7_6
This machine multiplies by 12 and then subtracts 37. The output is 263. Which number has been put in?,P3Q7_7.png,23,26,27,25,3119,25,7,Algebra,Multiple Choice,P3Q7_7
This machine divides by 3 and then adds 11. The output is 21. Which number has been put in?,P3Q7_8.png,30,18,52,40,96,30,7,Algebra,Multiple Choice,P3Q7_8
This machine multiplies by 4 and then adds 49. The output is 145. Which number has been put in?,P3Q7_9.png,629,24,23,22,34,24,7,Algebra,Multiple Choice,P3Q7_9
This machine divides by 8 and then subtracts 12. The output is 1. Which number has been put in?,P3Q7_10.png,104,105,20,-12,114,104,7,Algebra,Multiple Choice,P3Q7_10
This machine multiplies by 10 and then subtracts 20. The output is 210. Which number has been put in?,P3Q7_11.png,19,23,33,2080,41,23,7,Algebra,Multiple Choice,P3Q7_11
This machine multiplies by 4 and then subtracts 33. The output is 63. Which number has been put in?,P3Q7_12.png,25,34,24,23,219,24,7,Algebra,Multiple Choice,P3Q7_12
This machine divides by 8 and then adds 12. The output is 22. Which number has been put in?,P3Q7_13.png,80,14,81,272,164,80,7,Algebra,Multiple Choice,P3Q7_13
This machine divides by 3 and then subtracts 2. The output is 15. Which number has been put in?,P3Q7_14.png,39,47,51,3,52,51,7,Algebra,Multiple Choice,P3Q7_14
This machine multiplies by 10 and then adds 32. The output is 282. Which number has been put in?,P3Q7_15.png,25,27,2852,35,24,25,7,Algebra,Multiple Choice,P3Q7_15
This machine divides by 2 and then adds 21. The output is 38. Which number has been put in?,P3Q7_16.png,40,55,44,118,34,34,7,Algebra,Multiple Choice,P3Q7_16
This machine divides by 4 and then adds 7. The output is 15. Which number has been put in?,P3Q7_17.png,10,88,32,33,53,32,7,Algebra,Multiple Choice,P3Q7_17
This machine multiplies by 4 and then subtracts 21. The output is 15. Which number has been put in?,P3Q7_18.png,8,19,9,10,39,9,7,Algebra,Multiple Choice,P3Q7_18
This machine multiplies by 11 and then adds 39. The output is 226. Which number has been put in?,P3Q7_19.png,2525,7,27,18,17,17,7,Algebra,Multiple Choice,P3Q7_19
This machine multiplies by 4 and then subtracts 15. The output is 57. Which number has been put in?,P3Q7_20.png,20,18,213,19,17,18,7,Algebra,Multiple Choice,P3Q7_20
"The table shows the performance of the school rugby team.
How many matches in total did the team NOT win?",P4Q7_1.png,15,3,14,11,13,13,7,Data Handling,Multiple Choice,P4Q7_1
"The table shows the performance of the school hockey team.
How many matches in total did the team NOT win?",P4Q7_2.png,23,18,17,20,13,18,7,Data Handling,Multiple Choice,P4Q7_2
"The table shows the performance of the school rugby team.
How many matches in total did the team NOT win?",P4Q7_3.png,30,128,23,27,28,28,7,Data Handling,Multiple Choice,P4Q7_3
"The table shows the performance of the school cricket team.
How many matches in total did the team NOT win?",P4Q7_4.png,35,37,36,38,41,36,7,Data Handling,Multiple Choice,P4Q7_4
"The table shows the performance of the school football team.
How many matches in total did the team NOT win?",P4Q7_5.png,28,27,126,26,21,26,7,Data Handling,Multiple Choice,P4Q7_5
"The table shows the performance of the school rugby team.
How many matches in total did the team NOT win?",P4Q7_6.png,114,14,9,15,19,14,7,Data Handling,Multiple Choice,P4Q7_6
"The table shows the performance of the school football team.
How many matches in total did the team NOT win?",P4Q7_7.png,23,22,123,13,25,23,7,Data Handling,Multiple Choice,P4Q7_7
"The table shows the performance of the school cricket team.
How many matches in total did the team NOT win?",P4Q7_8.png,21,16,121,22,19,21,7,Data Handling,Multiple Choice,P4Q7_8
"The table shows the performance of the school cricket team.
How many matches in total did the team NOT win?",P4Q7_9.png,11,16,19,21,20,21,7,Data Handling,Multiple Choice,P4Q7_9
"The table shows the performance of the school rugby team.
How many matches in total did the team NOT win?",P4Q7_10.png,115,15,5,13,14,15,7,Data Handling,Multiple Choice,P4Q7_10
"The table shows the performance of the school cricket team.
How many matches in total did the team NOT win?",P4Q7_11.png,26,25,23,125,27,25,7,Data Handling,Multiple Choice,P4Q7_11
"The table shows the performance of the school rugby team.
How many matches in total did the team NOT win?",P4Q7_12.png,15,30,120,18,20,20,7,Data Handling,Multiple Choice,P4Q7_12
"The table shows the performance of the school cricket team.
How many matches in total did the team NOT win?",P4Q7_13.png,21,16,23,22,11,21,7,Data Handling,Multiple Choice,P4Q7_13
"The table shows the performance of the school rugby team.
How many matches in total did the team NOT win?",P4Q7_14.png,18,15,21,20,120,20,7,Data Handling,Multiple Choice,P4Q7_14
"The table shows the performance of the school football team.
How many matches in total did the team NOT win?",P4Q7_15.png,36,31,33,41,29,31,7,Data Handling,Multiple Choice,P4Q7_15
"The table shows the performance of the school hockey team.
How many matches in total did the team NOT win?",P4Q7_16.png,13,19,20,8,18,18,7,Data Handling,Multiple Choice,P4Q7_16
"The table shows the performance of the school football team.
How many matches in total did the team NOT win?",P4Q7_17.png,23,28,26,38,27,28,7,Data Handling,Multiple Choice,P4Q7_17
"The table shows the performance of the school hockey team.
How many matches in total did the team NOT win?",P4Q7_18.png,17,29,9,21,19,19,7,Data Handling,Multiple Choice,P4Q7_18
"The table shows the performance of the school cricket team.
How many matches in total did the team NOT win?",P4Q7_19.png,17,16,15,6,21,16,7,Data Handling,Multiple Choice,P4Q7_19
"The table shows the performance of the school rugby team.
How many matches in total did the team NOT win?",P4Q7_20.png,20,19,8,18,16,18,7,Data Handling,Multiple Choice,P4Q7_20
Which of these words has a vertical line of symmetry?,,BUS,BED,CAT,HUH,BOX,HUH,8,Symmetry,Multiple Choice,P2Q8_1
Which of these words has a vertical line of symmetry?,,DID,PEN,DOG,HIT,OVO,OVO,8,Symmetry,Multiple Choice,P2Q8_2
Which of these words has a vertical line of symmetry?,,PEN,CAR,CAT,BOX,HUH,HUH,8,Symmetry,Multiple Choice,P2Q8_3
Which of these words has a vertical line of symmetry?,,AHA,PEN,BED,HAT,MUD,AHA,8,Symmetry,Multiple Choice,P2Q8_4
Which of these words has a vertical line of symmetry?,,PEN,MUD,TAT,BUS,DID,TAT,8,Symmetry,Multiple Choice,P2Q8_5
Which of these words has a vertical line of symmetry?,,PEN,BOX,TOT,DAB,DOG,TOT,8,Symmetry,Multiple Choice,P2Q8_6
Which of these words has a vertical line of symmetry?,,HIT,CAR,BED,AHA,TOP,AHA,8,Symmetry,Multiple Choice,P2Q8_7
Which of these words has a vertical line of symmetry?,,HIT,BUS,HAT,AHA,DOG,AHA,8,Symmetry,Multiple Choice,P2Q8_8
Which of these words has a vertical line of symmetry?,,DAB,HAT,HUH,BOX,TOP,HUH,8,Symmetry,Multiple Choice,P2Q8_9
Which of these words has a vertical line of symmetry?,,HIT,MUM,CAR,BUS,TOP,MUM,8,Symmetry,Multiple Choice,P2Q8_10
Which of these words has a vertical line of symmetry?,,CAT,CAR,SKY,TOP,OVO,OVO,8,Symmetry,Multiple Choice,P2Q8_11
Which of these words has a vertical line of symmetry?,,MUM,DOG,CAT,BOX,DAB,MUM,8,Symmetry,Multiple Choice,P2Q8_12
Which of these words has a vertical line of symmetry?,,DID,CAR,MUD,DOG,WAW,WAW,8,Symmetry,Multiple Choice,P2Q8_13
Which of these words has a vertical line of symmetry?,,SKY,MUD,WOW,HAT,HIT,WOW,8,Symmetry,Multiple Choice,P2Q8_14
Which of these words has a vertical line of symmetry?,,BOX,BED,HUH,DAB,CAT,HUH,8,Symmetry,Multiple Choice,P2Q8_15
Which of these words has a vertical line of symmetry?,,HIT,WAW,CAR,CAT,DID,WAW,8,Symmetry,Multiple Choice,P2Q8_16
Which of these words has a vertical line of symmetry?,,AHA,CAT,BUS,BED,DAB,AHA,8,Symmetry,Multiple Choice,P2Q8_17
Which of these words has a vertical line of symmetry?,,PEN,WAW,DAB,MUD,SKY,WAW,8,Symmetry,Multiple Choice,P2Q8_18
Which of these words has a vertical line of symmetry?,,DOG,WAW,HAT,BUS,CAR,WAW,8,Symmetry,Multiple Choice,P2Q8_19
Which of these words has a vertical line of symmetry?,,DAB,DID,BED,TOP,TIT,TIT,8,Symmetry,Multiple Choice,P2Q8_20
Which of these words has a vertical line of symmetry?,,BED,CAT,SKY,BUS,TIT,TIT,8,Symmetry,Multiple Choice,P2Q8_21
Which of these words has a vertical line of symmetry?,,DOG,OVO,CAR,HIT,PEN,OVO,8,Symmetry,Multiple Choice,P2Q8_22
Which of these words has a vertical line of symmetry?,,TAT,TOP,BUS,DID,BOX,TAT,8,Symmetry,Multiple Choice,P2Q8_23
Which of these words has a vertical line of symmetry?,,CAR,HAT,HUH,BOX,TOP,HUH,8,Symmetry,Multiple Choice,P2Q8_24
Which of these words has a vertical line of symmetry?,,BED,DOG,OVO,HAT,TOP,OVO,8,Symmetry,Multiple Choice,P2Q8_25
Which of these words has a vertical line of symmetry?,,HAT,TIT,BUS,DAB,CAT,TIT,8,Symmetry,Multiple Choice,P2Q8_26
Which of these words has a vertical line of symmetry?,,MUM,PEN,CAR,MUD,TOP,MUM,8,Symmetry,Multiple Choice,P2Q8_27
Which of these words has a vertical line of symmetry?,,DID,DAB,HUH,SKY,MUD,HUH,8,Symmetry,Multiple Choice,P2Q8_28
Which of these words has a vertical line of symmetry?,,HIT,MUM,CAR,BOX,BED,MUM,8,Symmetry,Multiple Choice,P2Q8_29
Which of these words has a vertical line of symmetry?,,WOW,DOG,PEN,BED,HIT,WOW,8,Symmetry,Multiple Choice,P2Q8_30
A baker baked 515 bread rolls this morning. He sold 173 to a local cafe and 257 to customers in the shop. How many rolls did he have left?,,85,430,342,75,258,85,8,Word Problems,Text,P3Q8_1
A library has 500 books in the fiction section. 110 are currently on loan and 258 are being repaired. How many fiction books are available on the shelves?,,232,142,368,132,390,132,8,Word Problems,Text,P3Q8_2
A library has 635 books in the fiction section. 285 are currently on loan and 196 are being repaired. How many fiction books are available on the shelves?,,439,154,144,164,254,154,8,Word Problems,Text,P3Q8_3
"A cinema has 427 seats. For the evening screening, 87 adults and 195 children bought tickets. How many empty seats were there?",,245,232,340,145,135,145,8,Word Problems,Text,P3Q8_4
"In a concert hall, there are 824 seats. 258 tickets are sold in advance and 451 tickets are sold at the door. How many empty chairs are there during the concert?",,373,566,115,709,105,115,8,Word Problems,Text,P3Q8_5
A library has 506 books in the fiction section. 101 are currently on loan and 214 are being repaired. How many fiction books are available on the shelves?,,181,292,201,405,191,191,8,Word Problems,Text,P3Q8_6
There are 342 pupils in a primary school. 173 went on a trip to the zoo and 134 went to the museum. How many pupils stayed at school?,,208,135,35,169,45,35,8,Word Problems,Text,P3Q8_7
A baker baked 206 bread rolls this morning. He sold 60 to a local cafe and 71 to customers in the shop. How many rolls did he have left?,,175,75,135,131,65,75,8,Word Problems,Text,P3Q8_8
There are 303 pupils in a primary school. 65 went on a trip to the zoo and 124 went to the museum. How many pupils stayed at school?,,104,214,114,179,238,114,8,Word Problems,Text,P3Q8_9
"In a concert hall, there are 536 seats. 262 tickets are sold in advance and 181 tickets are sold at the door. How many empty chairs are there during the concert?",,103,83,274,93,355,93,8,Word Problems,Text,P3Q8_10
"In a concert hall, there are 408 seats. 151 tickets are sold in advance and 125 tickets are sold at the door. How many empty chairs are there during the concert?",,142,132,232,276,257,132,8,Word Problems,Text,P3Q8_11
"In a concert hall, there are 713 seats. 209 tickets are sold in advance and 271 tickets are sold at the door. How many empty chairs are there during the concert?",,233,243,333,504,480,233,8,Word Problems,Text,P3Q8_12
"A cinema has 227 seats. For the evening screening, 45 adults and 101 children bought tickets. How many empty seats were there?",,146,71,181,81,182,81,8,Word Problems,Text,P3Q8_13
A library has 953 books in the fiction section. 377 are currently on loan and 384 are being repaired. How many fiction books are available on the shelves?,,192,292,576,202,761,192,8,Word Problems,Text,P3Q8_14
There are 541 pupils in a primary school. 152 went on a trip to the zoo and 225 went to the museum. How many pupils stayed at school?,,164,377,264,389,174,164,8,Word Problems,Text,P3Q8_15
"A cinema has 353 seats. For the evening screening, 181 adults and 80 children bought tickets. How many empty seats were there?",,172,102,273,92,261,92,8,Word Problems,Text,P3Q8_16
A library has 949 books in the fiction section. 353 are currently on loan and 367 are being repaired. How many fiction books are available on the shelves?,,239,720,229,582,329,229,8,Word Problems,Text,P3Q8_17
"A cinema has 172 seats. For the evening screening, 83 adults and 39 children bought tickets. How many empty seats were there?",,40,89,133,50,150,50,8,Word Problems,Text,P3Q8_18
"In a concert hall, there are 797 seats. 291 tickets are sold in advance and 326 tickets are sold at the door. How many empty chairs are there during the concert?",,617,180,471,280,170,180,8,Word Problems,Text,P3Q8_19
A baker baked 518 bread rolls this morning. He sold 117 to a local cafe and 241 to customers in the shop. How many rolls did he have left?,,260,401,160,358,170,160,8,Word Problems,Text,P3Q8_20
A library has 730 books in the fiction section. 149 are currently on loan and 308 are being repaired. How many fiction books are available on the shelves?,,581,457,263,422,273,273,8,Word Problems,Text,P3Q8_21
A baker baked 478 bread rolls this morning. He sold 184 to a local cafe and 175 to customers in the shop. How many rolls did he have left?,,294,109,303,359,119,119,8,Word Problems,Text,P3Q8_22
"In a concert hall, there are 535 seats. 154 tickets are sold in advance and 285 tickets are sold at the door. How many empty chairs are there during the concert?",,96,106,196,86,439,96,8,Word Problems,Text,P3Q8_23
There are 378 pupils in a primary school. 197 went on a trip to the zoo and 101 went to the museum. How many pupils stayed at school?,,70,180,80,277,298,80,8,Word Problems,Text,P3Q8_24
"A cinema has 441 seats. For the evening screening, 103 adults and 182 children bought tickets. How many empty seats were there?",,338,166,156,259,146,156,8,Word Problems,Text,P3Q8_25
A library has 790 books in the fiction section. 323 are currently on loan and 266 are being repaired. How many fiction books are available on the shelves?,,524,301,201,589,467,201,8,Word Problems,Text,P3Q8_26
"A cinema has 411 seats. For the evening screening, 121 adults and 141 children bought tickets. How many empty seats were there?",,270,149,262,290,139,149,8,Word Problems,Text,P3Q8_27
"In a concert hall, there are 406 seats. 104 tickets are sold in advance and 207 tickets are sold at the door. How many empty chairs are there during the concert?",,95,302,105,199,85,95,8,Word Problems,Text,P3Q8_28
There are 478 pupils in a primary school. 156 went on a trip to the zoo and 147 went to the museum. How many pupils stayed at school?,,303,165,322,175,331,175,8,Word Problems,Text,P3Q8_29
"A train has a capacity of 514 passengers. 123 people got on at the first station and 281 got on at the second station. Assuming nobody got off, how many empty seats were left?",,391,210,233,100,110,110,8,Word Problems,Text,P3Q8_30
Which of these words has a **horizontal** line of symmetry?,,AHA,TOP,BOB,MUM,MAP,BOB,8,Geometry,Multiple Choice,P4Q8_1
Which of these words has a **horizontal** line of symmetry?,,BOB,TOP,DOG,CAT,AHA,BOB,8,Geometry,Multiple Choice,P4Q8_2
Which of these words has a **vertical** line of symmetry?,,EVE,BED,NON,TUT,KICK,TUT,8,Geometry,Multiple Choice,P4Q8_3
Which of these words has a **horizontal** line of symmetry?,,TOP,MUM,AHA,DOG,BOB,BOB,8,Geometry,Multiple Choice,P4Q8_4
Which of these words has a **vertical** line of symmetry?,,ZOOM,EVE,KICK,AHA,SICK,AHA,8,Geometry,Multiple Choice,P4Q8_5
Which of these words has a **vertical** line of symmetry?,,ZOOM,KICK,BOX,HUH,BED,HUH,8,Geometry,Multiple Choice,P4Q8_6
Which of these words has a **vertical** line of symmetry?,,NON,HUH,EVE,DAD,DID,HUH,8,Geometry,Multiple Choice,P4Q8_7
Which of these words has a **horizontal** line of symmetry?,,SUN,MUM,DID,TOP,WOW,DID,8,Geometry,Multiple Choice,P4Q8_8
Which of these words has a **vertical** line of symmetry?,,DAD,OVO,BED,BOX,EVE,OVO,8,Geometry,Multiple Choice,P4Q8_9
Which of these words has a **vertical** line of symmetry?,,SICK,DAD,EVE,BOX,HUH,HUH,8,Geometry,Multiple Choice,P4Q8_10
Which of these words has a **horizontal** line of symmetry?,,CAT,DECIDE,TOP,MAP,WOW,DECIDE,8,Geometry,Multiple Choice,P4Q8_11
Which of these words has a **vertical** line of symmetry?,,WOW,DID,KICK,NON,EVE,WOW,8,Geometry,Multiple Choice,P4Q8_12
Which of these words has a **horizontal** line of symmetry?,,TOT,TOP,BED,WOW,CAT,BED,8,Geometry,Multiple Choice,P4Q8_13
Which of these words has a **vertical** line of symmetry?,,DAD,KICK,DID,TAT,NON,TAT,8,Geometry,Multiple Choice,P4Q8_14
Which of these words has a **vertical** line of symmetry?,,BED,SICK,TUT,NON,DID,TUT,8,Geometry,Multiple Choice,P4Q8_15
Which of these words has a **vertical** line of symmetry?,,MUM,BOX,BED,NON,EVE,MUM,8,Geometry,Multiple Choice,P4Q8_16
Which of these words has a **horizontal** line of symmetry?,,AHA,HEH,TOP,CAT,SUN,HEH,8,Geometry,Multiple Choice,P4Q8_17
Which of these words has a **vertical** line of symmetry?,,EVE,DID,BED,MUM,NON,MUM,8,Geometry,Multiple Choice,P4Q8_18
Which of these words has a **vertical** line of symmetry?,,BED,EVE,NON,KICK,OVO,OVO,8,Geometry,Multiple Choice,P4Q8_19
Which of these words has a **horizontal** line of symmetry?,,SUN,AHA,DOG,DECIDE,TOT,DECIDE,8,Geometry,Multiple Choice,P4Q8_20
Which of these words has a **horizontal** line of symmetry?,,TOT,CAT,WOW,TOP,HEH,HEH,8,Geometry,Multiple Choice,P4Q8_21
Which of these words has a **horizontal** line of symmetry?,,CAT,DOG,WOW,TOP,HEH,HEH,8,Geometry,Multiple Choice,P4Q8_22
Which of these words has a **vertical** line of symmetry?,,BOX,KICK,BED,EVE,AHA,AHA,8,Geometry,Multiple Choice,P4Q8_23
Which of these words has a **vertical** line of symmetry?,,BED,SICK,DID,OVO,KICK,OVO,8,Geometry,Multiple Choice,P4Q8_24
Which of these words has a **vertical** line of symmetry?,,TAT,KICK,DID,BED,EVE,TAT,8,Geometry,Multiple Choice,P4Q8_25
Which of these words has a **vertical** line of symmetry?,,SICK,DID,HUH,BED,KICK,HUH,8,Geometry,Multiple Choice,P4Q8_26
Which of these words has a **vertical** line of symmetry?,,DID,DAD,BOX,BED,TOT,TOT,8,Geometry,Multiple Choice,P4Q8_27
Which of these words has a **vertical** line of symmetry?,,OVO,BOX,KICK,DAD,DID,OVO,8,Geometry,Multiple Choice,P4Q8_28
Which of these words has a **vertical** line of symmetry?,,EVE,KICK,DAD,DID,MUM,MUM,8,Geometry,Multiple Choice,P4Q8_29
Which of these words has a **horizontal** line of symmetry?,,MUM,OXO,DOG,CAT,TOT,OXO,8,Geometry,Multiple Choice,P4Q8_30
Which of these words has a **horizontal** line of symmetry?,,DID,TOP,CAT,TOT,MUM,DID,8,Geometry,Multiple Choice,P4Q8_31
Which of these words has a **vertical** line of symmetry?,,KICK,SICK,EVE,HUH,DID,HUH,8,Geometry,Multiple Choice,P4Q8_32
Which of these words has a **vertical** line of symmetry?,,DID,MUM,NON,KICK,BOX,MUM,8,Geometry,Multiple Choice,P4Q8_33
Which of these words has a **horizontal** line of symmetry?,,MUM,TOP,DOG,MAP,BED,BED,8,Geometry,Multiple Choice,P4Q8_34
Which of these words has a **vertical** line of symmetry?,,DID,BOX,TUT,SICK,NON,TUT,8,Geometry,Multiple Choice,P4Q8_35
Which of these words has a **vertical** line of symmetry?,,ZOOM,DAD,OVO,KICK,BED,OVO,8,Geometry,Multiple Choice,P4Q8_36
Which of these words has a **vertical** line of symmetry?,,DID,NON,EVE,BED,AHA,AHA,8,Geometry,Multiple Choice,P4Q8_37
Which of these words has a **vertical** line of symmetry?,,SICK,ZOOM,OVO,EVE,BOX,OVO,8,Geometry,Multiple Choice,P4Q8_38
Which of these words has a **vertical** line of symmetry?,,MUM,BOX,BED,NON,SICK,MUM,8,Geometry,Multiple Choice,P4Q8_39
Which of these words has a **horizontal** line of symmetry?,,SUN,DOG,CAT,HEH,AHA,HEH,8,Geometry,Multiple Choice,P4Q8_40
Which of these words has a **horizontal** line of symmetry?,,MAP,TOT,WOW,DECIDE,MUM,DECIDE,8,Geometry,Multiple Choice,P4Q8_41
Which of these words has a **vertical** line of symmetry?,,KICK,BED,TAT,EVE,DAD,TAT,8,Geometry,Multiple Choice,P4Q8_42
Which of these words has a **horizontal** line of symmetry?,,OXO,MAP,MUM,TOP,CAT,OXO,8,Geometry,Multiple Choice,P4Q8_43
Which of these words has a **vertical** line of symmetry?,,KICK,EVE,DID,DAD,TAT,TAT,8,Geometry,Multiple Choice,P4Q8_44
Which of these words has a **horizontal** line of symmetry?,,AHA,DOD,WOW,SUN,TOT,DOD,8,Geometry,Multiple Choice,P4Q8_45
Which of these words has a **horizontal** line of symmetry?,,WOW,DOG,TOP,AHA,OXO,OXO,8,Geometry,Multiple Choice,P4Q8_46
Which of these words has a **vertical** line of symmetry?,,TAT,DID,EVE,SICK,KICK,TAT,8,Geometry,Multiple Choice,P4Q8_47
Which of these words has a **horizontal** line of symmetry?,,CAT,BED,MAP,SUN,AHA,BED,8,Geometry,Multiple Choice,P4Q8_48
Which of these words has a **vertical** line of symmetry?,,NON,KICK,ZOOM,HUH,DAD,HUH,8,Geometry,Multiple Choice,P4Q8_49
Which of these words has a **vertical** line of symmetry?,,KICK,NON,TOT,DAD,SICK,TOT,8,Geometry,Multiple Choice,P4Q8_50
Class 4 are all going on a day trip to France. There are 42 children and the trip costs £30 each. How much money must be collected in total?,,£1250,£1290,£1310,£1260,£1230,£1260,9,Money,Multiple Choice,P2Q9_1
Class 6 are all going on a day trip to the theme park. There are 40 children and the trip costs £20 each. How much money must be collected in total?,,£820,£800,£850,£780,£790,£800,9,Money,Multiple Choice,P2Q9_2
Class 4 are all going on a day trip to the museum. There are 29 children and the trip costs £22 each. How much money must be collected in total?,,£616,£628,£660,£638,£688,£638,9,Money,Multiple Choice,P2Q9_3
Year 5 are all going on a day trip to the theme park. There are 27 children and the trip costs £30 each. How much money must be collected in total?,,£800,£860,£810,£840,£780,£810,9,Money,Multiple Choice,P2Q9_4
Class 4 are all going on a day trip to London. There are 40 children and the trip costs £25 each. How much money must be collected in total?,,£975,£990,£1025,£1000,£1050,£1000,9,Money,Multiple Choice,P2Q9_5
Year 5 are all going on a day trip to the theme park. There are 39 children and the trip costs £22 each. How much money must be collected in total?,,£858,£908,£848,£880,£836,£858,9,Money,Multiple Choice,P2Q9_6
Year 6 are all going on a day trip to the zoo. There are 25 children and the trip costs £25 each. How much money must be collected in total?,,£600,£675,£625,£650,£615,£625,9,Money,Multiple Choice,P2Q9_7
Class 4 are all going on a day trip to the zoo. There are 26 children and the trip costs £35 each. How much money must be collected in total?,,£960,£910,£875,£945,£900,£910,9,Money,Multiple Choice,P2Q9_8
Year 5 are all going on a day trip to the theme park. There are 35 children and the trip costs £30 each. How much money must be collected in total?,,£1020,£1080,£1040,£1100,£1050,£1050,9,Money,Multiple Choice,P2Q9_9
Year 6 are all going on a day trip to the theme park. There are 43 children and the trip costs £22 each. How much money must be collected in total?,,£996,£968,£936,£946,£924,£946,9,Money,Multiple Choice,P2Q9_10
Class 6 are all going on a day trip to London. There are 42 children and the trip costs £20 each. How much money must be collected in total?,,£860,£840,£830,£890,£820,£840,9,Money,Multiple Choice,P2Q9_11
Class 6 are all going on a day trip to France. There are 45 children and the trip costs £15 each. How much money must be collected in total?,,£690,£665,£725,£675,£660,£675,9,Money,Multiple Choice,P2Q9_12
Class 6 are all going on a day trip to the zoo. There are 44 children and the trip costs £25 each. How much money must be collected in total?,,£1150,£1125,£1090,£1075,£1100,£1100,9,Money,Multiple Choice,P2Q9_13
Class 4 are all going on a day trip to the theme park. There are 25 children and the trip costs £30 each. How much money must be collected in total?,,£720,£750,£740,£800,£780,£750,9,Money,Multiple Choice,P2Q9_14
Class 4 are all going on a day trip to France. There are 40 children and the trip costs £15 each. How much money must be collected in total?,,£585,£600,£615,£650,£590,£600,9,Money,Multiple Choice,P2Q9_15
Class 4 are all going on a day trip to London. There are 41 children and the trip costs £15 each. How much money must be collected in total?,,£605,£615,£600,£630,£665,£615,9,Money,Multiple Choice,P2Q9_16
Class 6 are all going on a day trip to France. There are 38 children and the trip costs £22 each. How much money must be collected in total?,,£826,£836,£814,£858,£886,£836,9,Money,Multiple Choice,P2Q9_17
Class 6 are all going on a day trip to the zoo. There are 30 children and the trip costs £22 each. How much money must be collected in total?,,£660,£710,£650,£682,£638,£660,9,Money,Multiple Choice,P2Q9_18
Year 5 are all going on a day trip to London. There are 34 children and the trip costs £25 each. How much money must be collected in total?,,£850,£875,£825,£900,£840,£850,9,Money,Multiple Choice,P2Q9_19
Year 6 are all going on a day trip to the theme park. There are 37 children and the trip costs £22 each. How much money must be collected in total?,,£804,£814,£792,£836,£864,£814,9,Money,Multiple Choice,P2Q9_20
Class 6 are all going on a day trip to France. There are 26 children and the trip costs £15 each. How much money must be collected in total?,,£405,£390,£440,£375,£380,£390,9,Money,Multiple Choice,P2Q9_21
Class 6 are all going on a day trip to London. There are 27 children and the trip costs £30 each. How much money must be collected in total?,,£810,£840,£780,£860,£800,£810,9,Money,Multiple Choice,P2Q9_22
Year 5 are all going on a day trip to the zoo. There are 40 children and the trip costs £22 each. How much money must be collected in total?,,£880,£870,£858,£902,£930,£880,9,Money,Multiple Choice,P2Q9_23
Class 4 are all going on a day trip to the theme park. There are 28 children and the trip costs £15 each. How much money must be collected in total?,,£420,£470,£435,£405,£410,£420,9,Money,Multiple Choice,P2Q9_24
Class 6 are all going on a day trip to the zoo. There are 35 children and the trip costs £22 each. How much money must be collected in total?,,£770,£760,£820,£792,£748,£770,9,Money,Multiple Choice,P2Q9_25
Year 5 are all going on a day trip to France. There are 32 children and the trip costs £22 each. How much money must be collected in total?,,£704,£682,£694,£726,£754,£704,9,Money,Multiple Choice,P2Q9_26
Year 6 are all going on a day trip to the theme park. There are 36 children and the trip costs £15 each. How much money must be collected in total?,,£590,£540,£555,£530,£525,£540,9,Money,Multiple Choice,P2Q9_27
Class 4 are all going on a day trip to the theme park. There are 33 children and the trip costs £25 each. How much money must be collected in total?,,£800,£815,£875,£825,£850,£825,9,Money,Multiple Choice,P2Q9_28
Class 6 are all going on a day trip to the theme park. There are 31 children and the trip costs £22 each. How much money must be collected in total?,,£732,£672,£660,£682,£704,£682,9,Money,Multiple Choice,P2Q9_29
Year 5 are all going on a day trip to the theme park. There are 30 children and the trip costs £35 each. How much money must be collected in total?,,£1085,£1050,£1015,£1040,£1100,£1050,9,Money,Multiple Choice,P2Q9_30
Year 5 are all going on a day trip to the zoo. There are 27 children and the trip costs £15 each. How much money must be collected in total?,,£455,£390,£420,£395,£405,£405,9,Money,Multiple Choice,P2Q9_31
Year 5 are all going on a day trip to the museum. There are 31 children and the trip costs £15 each. How much money must be collected in total?,,£450,£480,£455,£515,£465,£465,9,Money,Multiple Choice,P2Q9_32
Class 6 are all going on a day trip to the theme park. There are 39 children and the trip costs £15 each. How much money must be collected in total?,,£635,£575,£585,£570,£600,£585,9,Money,Multiple Choice,P2Q9_33
Class 4 are all going on a day trip to France. There are 39 children and the trip costs £30 each. How much money must be collected in total?,,£1140,£1200,£1220,£1160,£1170,£1170,9,Money,Multiple Choice,P2Q9_34
Year 6 are all going on a day trip to the theme park. There are 32 children and the trip costs £15 each. How much money must be collected in total?,,£530,£480,£470,£495,£465,£480,9,Money,Multiple Choice,P2Q9_35
Year 5 are all going on a day trip to London. There are 41 children and the trip costs £22 each. How much money must be collected in total?,,£892,£880,£952,£924,£902,£902,9,Money,Multiple Choice,P2Q9_36
Class 4 are all going on a day trip to France. There are 43 children and the trip costs £22 each. How much money must be collected in total?,,£924,£946,£968,£996,£936,£946,9,Money,Multiple Choice,P2Q9_37
Class 4 are all going on a day trip to the museum. There are 45 children and the trip costs £25 each. How much money must be collected in total?,,£1125,£1150,£1115,£1100,£1175,£1125,9,Money,Multiple Choice,P2Q9_38
Class 4 are all going on a day trip to the museum. There are 33 children and the trip costs £30 each. How much money must be collected in total?,,£960,£990,£1020,£980,£1040,£990,9,Money,Multiple Choice,P2Q9_39
Year 6 are all going on a day trip to France. There are 43 children and the trip costs £20 each. How much money must be collected in total?,,£850,£880,£840,£910,£860,£860,9,Money,Multiple Choice,P2Q9_40
Class 4 are all going on a day trip to the museum. There are 38 children and the trip costs £30 each. How much money must be collected in total?,,£1170,£1110,£1190,£1140,£1130,£1140,9,Money,Multiple Choice,P2Q9_41
Year 5 are all going on a day trip to France. There are 39 children and the trip costs £30 each. How much money must be collected in total?,,£1220,£1160,£1170,£1140,£1200,£1170,9,Money,Multiple Choice,P2Q9_42
Year 6 are all going on a day trip to the museum. There are 42 children and the trip costs £30 each. How much money must be collected in total?,,£1230,£1310,£1290,£1250,£1260,£1260,9,Money,Multiple Choice,P2Q9_43
Class 6 are all going on a day trip to London. There are 30 children and the trip costs £25 each. How much money must be collected in total?,,£725,£775,£800,£740,£750,£750,9,Money,Multiple Choice,P2Q9_44
Class 4 are all going on a day trip to the museum. There are 34 children and the trip costs £20 each. How much money must be collected in total?,,£680,£700,£670,£730,£660,£680,9,Money,Multiple Choice,P2Q9_45
Year 6 are all going on a day trip to the theme park. There are 35 children and the trip costs £20 each. How much money must be collected in total?,,£690,£750,£680,£700,£720,£700,9,Money,Multiple Choice,P2Q9_46
Year 5 are all going on a day trip to London. There are 33 children and the trip costs £25 each. How much money must be collected in total?,,£825,£875,£815,£800,£850,£825,9,Money,Multiple Choice,P2Q9_47
Class 6 are all going on a day trip to the theme park. There are 33 children and the trip costs £20 each. How much money must be collected in total?,,£660,£710,£650,£640,£680,£660,9,Money,Multiple Choice,P2Q9_48
Class 6 are all going on a day trip to London. There are 38 children and the trip costs £15 each. How much money must be collected in total?,,£560,£555,£570,£620,£585,£570,9,Money,Multiple Choice,P2Q9_49
Year 5 are all going on a day trip to London. There are 29 children and the trip costs £22 each. How much money must be collected in total?,,£616,£628,£688,£638,£660,£638,9,Money,Multiple Choice,P2Q9_50
There are 12 eggs in a dozen. How many eggs are there in five and a half dozen?,,66,72,55,71,17,66,9,Measures,Text,P3Q9_1
A pair is 2 items. How many shoes are there in three and a half pairs?,,5,6,35,2,7,7,9,Measures,Text,P3Q9_2
There are 12 doughnuts in a dozen. How many doughnuts are there in three dozen?,,42,36,15,41,30,36,9,Measures,Text,P3Q9_3
There are 12 roses in a dozen. How many roses are there in one and three quarters dozen?,,17,16,12,13,21,21,9,Measures,Text,P3Q9_4
There are 12 doughnuts in a dozen. How many doughnuts are there in one and a half dozen?,,15,18,23,13,12,18,9,Measures,Text,P3Q9_5
There are 12 roses in a dozen. How many roses are there in one and a quarter dozen?,,15,20,10,12,13,15,9,Measures,Text,P3Q9_6
There are 12 bread rolls in a dozen. How many bread rolls are there in three dozen?,,30,36,41,42,15,36,9,Measures,Text,P3Q9_7
There are 12 pencils in a dozen. How many pencils are there in three dozen?,,41,36,30,42,15,36,9,Measures,Text,P3Q9_8
There are 12 doughnuts in a dozen. How many doughnuts are there in one and a quarter dozen?,,13,10,20,12,15,15,9,Measures,Text,P3Q9_9
There are 7 days in a week. How many days are there in four weeks?,,11,28,40,23,33,28,9,Measures,Text,P3Q9_10
There are 12 bread rolls in a dozen. How many bread rolls are there in one and three quarters dozen?,,13,17,16,21,12,21,9,Measures,Text,P3Q9_11
There are 12 pencils in a dozen. How many pencils are there in one and a half dozen?,,18,12,15,13,23,18,9,Measures,Text,P3Q9_12
There are 12 roses in a dozen. How many roses are there in five and a half dozen?,,72,55,66,17,71,66,9,Measures,Text,P3Q9_13
There are 12 eggs in a dozen. How many eggs are there in two and a half dozen?,,30,36,24,25,14,30,9,Measures,Text,P3Q9_14
There are 7 days in a week. How many days are there in four weeks?,,40,23,33,11,28,28,9,Measures,Text,P3Q9_15
There are 7 days in a week. How many days are there in five weeks?,,35,38,50,40,12,35,9,Measures,Text,P3Q9_16
There are 12 bread rolls in a dozen. How many bread rolls are there in four and a half dozen?,,45,16,49,48,54,54,9,Measures,Text,P3Q9_17
A pair is 2 items. How many earrings are there in four and a half pairs?,,10,8,4,6,9,9,9,Measures,Text,P3Q9_18
There are 7 days in a week. How many days are there in five weeks?,,40,38,50,35,12,35,9,Measures,Text,P3Q9_19
There are 12 roses in a dozen. How many roses are there in three dozen?,,30,41,42,15,36,36,9,Measures,Text,P3Q9_20
"Year 6 are going to France. There are 52 children and the trip costs £50 each.
How much money must be collected in total?",,£570,£2600,£2700,£2650,£2550,£2600,9,Calculations,Multiple Choice,P4Q9_1
"Year 6 are going to a theme park. There are 52 children and the trip costs £12 each.
How much money must be collected in total?",,£636,£612,£624,£724,£532,£624,9,Calculations,Multiple Choice,P4Q9_2
"The choir are going to a theme park. There are 43 children and the trip costs £35 each.
How much money must be collected in total?",,£1605,£1540,£1505,£1470,£465,£1505,9,Calculations,Multiple Choice,P4Q9_3
"The football team are going to a day trip. There are 60 children and the trip costs £15 each.
How much money must be collected in total?",,£885,£1000,£900,£615,£915,£900,9,Calculations,Multiple Choice,P4Q9_4
"The choir are going to the theatre. There are 60 children and the trip costs £20 each.
How much money must be collected in total?",,£1180,£620,£1220,£1200,£1300,£1200,9,Calculations,Multiple Choice,P4Q9_5
"Year 5 are going to a theme park. There are 41 children and the trip costs £50 each.
How much money must be collected in total?",,£460,£2100,£2050,£2000,£2150,£2050,9,Calculations,Multiple Choice,P4Q9_6
"The choir are going to the theatre. There are 29 children and the trip costs £45 each.
How much money must be collected in total?",,£1350,£1405,£1260,£335,£1305,£1305,9,Calculations,Multiple Choice,P4Q9_7
"The football team are going to the theatre. There are 29 children and the trip costs £45 each.
How much money must be collected in total?",,£335,£1260,£1405,£1305,£1350,£1305,9,Calculations,Multiple Choice,P4Q9_8
"The football team are going to the theatre. There are 33 children and the trip costs £45 each.
How much money must be collected in total?",,£1530,£1585,£1440,£1485,£375,£1485,9,Calculations,Multiple Choice,P4Q9_9
"The football team are going to a day trip. There are 52 children and the trip costs £15 each.
How much money must be collected in total?",,£535,£780,£795,£765,£880,£780,9,Calculations,Multiple Choice,P4Q9_10
"Year 5 are going to France. There are 55 children and the trip costs £25 each.
How much money must be collected in total?",,£1475,£1375,£575,£1400,£1350,£1375,9,Calculations,Multiple Choice,P4Q9_11
"The choir are going to the theatre. There are 56 children and the trip costs £30 each.
How much money must be collected in total?",,£1680,£1780,£1650,£1710,£590,£1680,9,Calculations,Multiple Choice,P4Q9_12
"Year 6 are going to the theatre. There are 30 children and the trip costs £35 each.
How much money must be collected in total?",,£1015,£1050,£1085,£1150,£335,£1050,9,Calculations,Multiple Choice,P4Q9_13
"Year 6 are going to France. There are 30 children and the trip costs £35 each.
How much money must be collected in total?",,£1050,£1015,£1085,£335,£1150,£1050,9,Calculations,Multiple Choice,P4Q9_14
"Year 6 are going to a day trip. There are 34 children and the trip costs £45 each.
How much money must be collected in total?",,£1485,£1530,£1630,£1575,£385,£1530,9,Calculations,Multiple Choice,P4Q9_15
"Year 5 are going to a theme park. There are 25 children and the trip costs £50 each.
How much money must be collected in total?",,£1300,£1350,£300,£1200,£1250,£1250,9,Calculations,Multiple Choice,P4Q9_16
"Year 6 are going to the theatre. There are 35 children and the trip costs £45 each.
How much money must be collected in total?",,£1575,£1530,£1675,£1620,£395,£1575,9,Calculations,Multiple Choice,P4Q9_17
"The football team are going to a day trip. There are 34 children and the trip costs £20 each.
How much money must be collected in total?",,£700,£360,£780,£680,£660,£680,9,Calculations,Multiple Choice,P4Q9_18
"The choir are going to a theme park. There are 41 children and the trip costs £30 each.
How much money must be collected in total?",,£1260,£1330,£1200,£440,£1230,£1230,9,Calculations,Multiple Choice,P4Q9_19
"The football team are going to a theme park. There are 43 children and the trip costs £25 each.
How much money must be collected in total?",,£1050,£455,£1075,£1175,£1100,£1075,9,Calculations,Multiple Choice,P4Q9_20
"The football team are going to France. There are 26 children and the trip costs £30 each.
How much money must be collected in total?",,£810,£750,£780,£290,£880,£780,9,Calculations,Multiple Choice,P4Q9_21
"The choir are going to a day trip. There are 41 children and the trip costs £50 each.
How much money must be collected in total?",,£2150,£2050,£2000,£460,£2100,£2050,9,Calculations,Multiple Choice,P4Q9_22
"The football team are going to a theme park. There are 28 children and the trip costs £20 each.
How much money must be collected in total?",,£540,£660,£300,£580,£560,£560,9,Calculations,Multiple Choice,P4Q9_23
"The football team are going to a theme park. There are 43 children and the trip costs £20 each.
How much money must be collected in total?",,£960,£880,£860,£840,£450,£860,9,Calculations,Multiple Choice,P4Q9_24
"The choir are going to a theme park. There are 36 children and the trip costs £15 each.
How much money must be collected in total?",,£375,£525,£555,£540,£640,£540,9,Calculations,Multiple Choice,P4Q9_25
"Year 5 are going to a day trip. There are 27 children and the trip costs £35 each.
How much money must be collected in total?",,£1045,£980,£945,£305,£910,£945,9,Calculations,Multiple Choice,P4Q9_26
"The choir are going to France. There are 51 children and the trip costs £50 each.
How much money must be collected in total?",,£2550,£560,£2650,£2500,£2600,£2550,9,Calculations,Multiple Choice,P4Q9_27
"Year 6 are going to France. There are 52 children and the trip costs £50 each.
How much money must be collected in total?",,£2550,£570,£2600,£2700,£2650,£2600,9,Calculations,Multiple Choice,P4Q9_28
"Year 5 are going to the theatre. There are 52 children and the trip costs £35 each.
How much money must be collected in total?",,£1855,£555,£1785,£1920,£1820,£1820,9,Calculations,Multiple Choice,P4Q9_29
"The football team are going to France. There are 26 children and the trip costs £25 each.
How much money must be collected in total?",,£650,£750,£285,£625,£675,£650,9,Calculations,Multiple Choice,P4Q9_30
"Year 6 are going to France. There are 57 children and the trip costs £35 each.
How much money must be collected in total?",,£1960,£1995,£605,£2095,£2030,£1995,9,Calculations,Multiple Choice,P4Q9_31
"The choir are going to a day trip. There are 34 children and the trip costs £35 each.
How much money must be collected in total?",,£1190,£1155,£375,£1290,£1225,£1190,9,Calculations,Multiple Choice,P4Q9_32
"The football team are going to the theatre. There are 47 children and the trip costs £50 each.
How much money must be collected in total?",,£2350,£2300,£2400,£2450,£520,£2350,9,Calculations,Multiple Choice,P4Q9_33
"The football team are going to the theatre. There are 46 children and the trip costs £20 each.
How much money must be collected in total?",,£480,£900,£920,£940,£1020,£920,9,Calculations,Multiple Choice,P4Q9_34
"Year 5 are going to France. There are 56 children and the trip costs £15 each.
How much money must be collected in total?",,£575,£840,£855,£940,£825,£840,9,Calculations,Multiple Choice,P4Q9_35
"Year 6 are going to a theme park. There are 48 children and the trip costs £35 each.
How much money must be collected in total?",,£1645,£1715,£1680,£1780,£515,£1680,9,Calculations,Multiple Choice,P4Q9_36
"The football team are going to France. There are 24 children and the trip costs £12 each.
How much money must be collected in total?",,£388,£276,£252,£288,£300,£288,9,Calculations,Multiple Choice,P4Q9_37
"The choir are going to the theatre. There are 51 children and the trip costs £50 each.
How much money must be collected in total?",,£2650,£560,£2550,£2500,£2600,£2550,9,Calculations,Multiple Choice,P4Q9_38
"The choir are going to France. There are 42 children and the trip costs £45 each.
How much money must be collected in total?",,£1990,£1935,£1890,£465,£1845,£1890,9,Calculations,Multiple Choice,P4Q9_39
"Year 5 are going to the theatre. There are 39 children and the trip costs £45 each.
How much money must be collected in total?",,£1855,£1800,£435,£1755,£1710,£1755,9,Calculations,Multiple Choice,P4Q9_40
"Year 6 are going to the theatre. There are 37 children and the trip costs £25 each.
How much money must be collected in total?",,£900,£1025,£395,£925,£950,£925,9,Calculations,Multiple Choice,P4Q9_41
"Year 6 are going to a day trip. There are 32 children and the trip costs £20 each.
How much money must be collected in total?",,£640,£340,£660,£740,£620,£640,9,Calculations,Multiple Choice,P4Q9_42
"The football team are going to France. There are 53 children and the trip costs £30 each.
How much money must be collected in total?",,£560,£1620,£1690,£1590,£1560,£1590,9,Calculations,Multiple Choice,P4Q9_43
"Year 5 are going to a theme park. There are 47 children and the trip costs £45 each.
How much money must be collected in total?",,£515,£2215,£2160,£2070,£2115,£2115,9,Calculations,Multiple Choice,P4Q9_44
"Year 6 are going to a theme park. There are 27 children and the trip costs £45 each.
How much money must be collected in total?",,£315,£1260,£1215,£1170,£1315,£1215,9,Calculations,Multiple Choice,P4Q9_45
"The football team are going to the theatre. There are 30 children and the trip costs £12 each.
How much money must be collected in total?",,£372,£360,£348,£460,£312,£360,9,Calculations,Multiple Choice,P4Q9_46
"The football team are going to a day trip. There are 41 children and the trip costs £25 each.
How much money must be collected in total?",,£1025,£1125,£1000,£435,£1050,£1025,9,Calculations,Multiple Choice,P4Q9_47
"Year 5 are going to a day trip. There are 25 children and the trip costs £15 each.
How much money must be collected in total?",,£265,£375,£360,£390,£475,£375,9,Calculations,Multiple Choice,P4Q9_48
"Year 5 are going to the theatre. There are 29 children and the trip costs £25 each.
How much money must be collected in total?",,£315,£700,£825,£725,£750,£725,9,Calculations,Multiple Choice,P4Q9_49
"The football team are going to a day trip. There are 31 children and the trip costs £45 each.
How much money must be collected in total?",,£1395,£355,£1495,£1350,£1440,£1395,9,Calculations,Multiple Choice,P4Q9_50
This grid shows a car park map. Where is the Public telephone?,P2Q10_1.png,"(3,2)","(5,3)","(4,2)","(4,3)","(5,2)","(4,2)",10,Geometry (Coordinates),Multiple Choice,P2Q10_1
This grid shows a car park map. Where is the Exit?,P2Q10_2.png,"(4,7)","(7,3)","(8,5)","(7,4)","(7,5)","(7,4)",10,Geometry (Coordinates),Multiple Choice,P2Q10_2
This grid shows a car park map. Where is the Loading bay?,P2Q10_3.png,"(1,3)","(3,2)","(2,3)","(3,3)","(2,4)","(2,3)",10,Geometry (Coordinates),Multiple Choice,P2Q10_3
This grid shows a car park map. Where is the Public telephone?,P2Q10_4.png,"(6,8)","(7,7)","(6,7)","(7,6)","(6,6)","(6,7)",10,Geometry (Coordinates),Multiple Choice,P2Q10_4
This grid shows a car park map. Where is the Public telephone?,P2Q10_5.png,"(2,8)","(3,8)","(7,2)","(3,7)","(2,7)","(2,7)",10,Geometry (Coordinates),Multiple Choice,P2Q10_5
This grid shows a car park map. Where is the Loading bay?,P2Q10_6.png,"(4,4)","(5,4)","(4,5)","(6,4)","(6,5)","(5,4)",10,Geometry (Coordinates),Multiple Choice,P2Q10_6
This grid shows a car park map. Where is the Ticket machine?,P2Q10_7.png,"(7,6)","(6,6)","(7,7)","(6,7)","(5,6)","(6,6)",10,Geometry (Coordinates),Multiple Choice,P2Q10_7
This grid shows a car park map. Where is the Exit?,P2Q10_8.png,"(1,4)","(2,5)","(1,3)","(2,4)","(0,4)","(1,4)",10,Geometry (Coordinates),Multiple Choice,P2Q10_8
This grid shows a car park map. Where is the Loading bay?,P2Q10_9.png,"(4,6)","(4,5)","(4,4)","(5,4)","(5,5)","(4,5)",10,Geometry (Coordinates),Multiple Choice,P2Q10_9
This grid shows a car park map. Where is the Exit?,P2Q10_10.png,"(4,6)","(5,4)","(7,5)","(6,4)","(6,3)","(6,4)",10,Geometry (Coordinates),Multiple Choice,P2Q10_10
This grid shows a car park map. Where is the Ticket machine?,P2Q10_11.png,"(1,2)","(1,1)","(0,1)","(1,0)","(2,1)","(1,1)",10,Geometry (Coordinates),Multiple Choice,P2Q10_11
This grid shows a car park map. Where is the Public telephone?,P2Q10_12.png,"(4,7)","(3,7)","(4,8)","(4,6)","(7,4)","(4,7)",10,Geometry (Coordinates),Multiple Choice,P2Q10_12
This grid shows a car park map. Where is the Loading bay?,P2Q10_13.png,"(8,3)","(7,3)","(7,2)","(8,4)","(7,4)","(7,3)",10,Geometry (Coordinates),Multiple Choice,P2Q10_13
This grid shows a car park map. Where is the Ticket machine?,P2Q10_14.png,"(7,1)","(6,1)","(5,1)","(1,6)","(7,2)","(6,1)",10,Geometry (Coordinates),Multiple Choice,P2Q10_14
This grid shows a car park map. Where is the Loading bay?,P2Q10_15.png,"(3,5)","(3,4)","(5,3)","(2,5)","(4,6)","(3,5)",10,Geometry (Coordinates),Multiple Choice,P2Q10_15
This grid shows a car park map. Where is the Ticket machine?,P2Q10_16.png,"(5,8)","(6,7)","(5,6)","(6,8)","(5,7)","(5,7)",10,Geometry (Coordinates),Multiple Choice,P2Q10_16
This grid shows a car park map. Where is the Public telephone?,P2Q10_17.png,"(7,1)","(7,2)","(8,3)","(8,2)","(7,3)","(7,2)",10,Geometry (Coordinates),Multiple Choice,P2Q10_17
This grid shows a car park map. Where is the Stairs?,P2Q10_18.png,"(7,8)","(8,7)","(6,8)","(8,9)","(7,7)","(7,8)",10,Geometry (Coordinates),Multiple Choice,P2Q10_18
This grid shows a car park map. Where is the Stairs?,P2Q10_19.png,"(7,2)","(3,7)","(8,4)","(8,3)","(7,3)","(7,3)",10,Geometry (Coordinates),Multiple Choice,P2Q10_19
This grid shows a car park map. Where is the Stairs?,P2Q10_20.png,"(5,4)","(4,5)","(6,4)","(4,4)","(6,5)","(5,4)",10,Geometry (Coordinates),Multiple Choice,P2Q10_20
"In this diagram, one small square represents 1 $cm^2$. What is the difference in area between these two shapes?",P3Q10_1.png,7 $cm^2$,9 $cm^2$,3 $cm^2$,5 $cm^2$,6 $cm^2$,5 $cm^2$,10,Area and Perimeter,Multiple Choice,P3Q10_1
"In this diagram, one small square represents 1 $cm^2$. What is the difference in area between these two shapes?",P3Q10_2.png,8 $cm^2$,5 $cm^2$,7 $cm^2$,3 $cm^2$,9 $cm^2$,5 $cm^2$,10,Area and Perimeter,Multiple Choice,P3Q10_2
"In this diagram, one small square represents 1 $cm^2$. What is the difference in area between these two shapes?",P3Q10_3.png,18 $cm^2$,23 $cm^2$,21 $cm^2$,17 $cm^2$,19 $cm^2$,19 $cm^2$,10,Area and Perimeter,Multiple Choice,P3Q10_3
"In this diagram, one small square represents 1 $cm^2$. What is the difference in area between these two shapes?",P3Q10_4.png,1 $cm^2$,3 $cm^2$,-1 $cm^2$,5 $cm^2$,4 $cm^2$,1 $cm^2$,10,Area and Perimeter,Multiple Choice,P3Q10_4
"In this diagram, one small square represents 1 $cm^2$. What is the difference in area between these two shapes?",P3Q10_5.png,3 $cm^2$,5 $cm^2$,1 $cm^2$,7 $cm^2$,13 $cm^2$,3 $cm^2$,10,Area and Perimeter,Multiple Choice,P3Q10_5
"In this diagram, one small square represents 1 $cm^2$. What is the difference in area between these two shapes?",P3Q10_6.png,8 $cm^2$,10 $cm^2$,16 $cm^2$,4 $cm^2$,6 $cm^2$,6 $cm^2$,10,Area and Perimeter,Multiple Choice,P3Q10_6
"In this diagram, one small square represents 1 $cm^2$. What is the difference in area between these two shapes?",P3Q10_7.png,6 $cm^2$,8 $cm^2$,4 $cm^2$,14 $cm^2$,2 $cm^2$,4 $cm^2$,10,Area and Perimeter,Multiple Choice,P3Q10_7
"In this diagram, one small square represents 1 $cm^2$. What is the difference in area between these two shapes?",P3Q10_8.png,2 $cm^2$,4 $cm^2$,8 $cm^2$,7 $cm^2$,6 $cm^2$,4 $cm^2$,10,Area and Perimeter,Multiple Choice,P3Q10_8
"In this diagram, one small square represents 1 $cm^2$. What is the difference in area between these two shapes?",P3Q10_9.png,11 $cm^2$,9 $cm^2$,2 $cm^2$,7 $cm^2$,5 $cm^2$,7 $cm^2$,10,Area and Perimeter,Multiple Choice,P3Q10_9
"In this diagram, one small square represents 1 $cm^2$. What is the difference in area between these two shapes?",P3Q10_10.png,21 $cm^2$,18 $cm^2$,17 $cm^2$,19 $cm^2$,15 $cm^2$,17 $cm^2$,10,Area and Perimeter,Multiple Choice,P3Q10_10
"In this diagram, one small square represents 1 $cm^2$. What is the difference in area between these two shapes?",P3Q10_11.png,13 $cm^2$,7 $cm^2$,9 $cm^2$,11 $cm^2$,4 $cm^2$,9 $cm^2$,10,Area and Perimeter,Multiple Choice,P3Q10_11
"In this diagram, one small square represents 1 $cm^2$. What is the difference in area between these two shapes?",P3Q10_12.png,14 $cm^2$,16 $cm^2$,12 $cm^2$,9 $cm^2$,18 $cm^2$,14 $cm^2$,10,Area and Perimeter,Multiple Choice,P3Q10_12
"In this diagram, one small square represents 1 $cm^2$. What is the difference in area between these two shapes?",P3Q10_13.png,5 $cm^2$,7 $cm^2$,11 $cm^2$,6 $cm^2$,9 $cm^2$,7 $cm^2$,10,Area and Perimeter,Multiple Choice,P3Q10_13
"In this diagram, one small square represents 1 $cm^2$. What is the difference in area between these two shapes?",P3Q10_14.png,15 $cm^2$,18 $cm^2$,11 $cm^2$,13 $cm^2$,17 $cm^2$,13 $cm^2$,10,Area and Perimeter,Multiple Choice,P3Q10_14
"In this diagram, one small square represents 1 $cm^2$. What is the difference in area between these two shapes?",P3Q10_15.png,6 $cm^2$,4 $cm^2$,8 $cm^2$,2 $cm^2$,1 $cm^2$,4 $cm^2$,10,Area and Perimeter,Multiple Choice,P3Q10_15
"In this diagram, one small square represents 1 $cm^2$. What is the difference in area between these two shapes?",P3Q10_16.png,4 $cm^2$,6 $cm^2$,0 $cm^2$,2 $cm^2$,3 $cm^2$,2 $cm^2$,10,Area and Perimeter,Multiple Choice,P3Q10_16
"In this diagram, one small square represents 1 $cm^2$. What is the difference in area between these two shapes?",P3Q10_17.png,5 $cm^2$,7 $cm^2$,3 $cm^2$,8 $cm^2$,1 $cm^2$,3 $cm^2$,10,Area and Perimeter,Multiple Choice,P3Q10_17
"In this diagram, one small square represents 1 $cm^2$. What is the difference in area between these two shapes?",P3Q10_18.png,6 $cm^2$,2 $cm^2$,3 $cm^2$,4 $cm^2$,0 $cm^2$,2 $cm^2$,10,Area and Perimeter,Multiple Choice,P3Q10_18
"In this diagram, one small square represents 1 $cm^2$. What is the difference in area between these two shapes?",P3Q10_19.png,6 $cm^2$,18 $cm^2$,12 $cm^2$,8 $cm^2$,10 $cm^2$,8 $cm^2$,10,Area and Perimeter,Multiple Choice,P3Q10_19
"In this diagram, one small square represents 1 $cm^2$. What is the difference in area between these two shapes?",P3Q10_20.png,10 $cm^2$,8 $cm^2$,13 $cm^2$,14 $cm^2$,12 $cm^2$,10 $cm^2$,10,Area and Perimeter,Multiple Choice,P3Q10_20
"The grid shows a map of the park.
What are the coordinates of the Toilets?",P4Q10_1.png,"(5, 8)","(7, 7)","(7, 1)","(2, 6)","(6, 2)","(6, 2)",10,Geometry,Multiple Choice,P4Q10_1
"The grid shows a map of the park.
What are the coordinates of the Shop?",P4Q10_2.png,"(1, 7)","(6, 4)","(7, 7)","(3, 4)","(4, 6)","(6, 4)",10,Geometry,Multiple Choice,P4Q10_2
"The grid shows a map of the park.
What are the coordinates of the Ticket Machine?",P4Q10_3.png,"(5, 4)","(2, 5)","(4, 6)","(0, 6)","(4, 5)","(5, 4)",10,Geometry,Multiple Choice,P4Q10_3
"The grid shows a map of the park.
What are the coordinates of the Ticket Machine?",P4Q10_4.png,"(6, 8)","(3, 6)","(6, 5)","(3, 8)","(6, 3)","(3, 6)",10,Geometry,Multiple Choice,P4Q10_4
"The grid shows a map of the park.
What are the coordinates of the Ticket Machine?",P4Q10_5.png,"(8, 8)","(6, 0)","(4, 7)","(7, 4)","(8, 6)","(4, 7)",10,Geometry,Multiple Choice,P4Q10_5
"The grid shows a map of the park.
What are the coordinates of the Entrance?",P4Q10_6.png,"(0, 0)","(3, 1)","(8, 4)","(1, 3)","(5, 2)","(1, 3)",10,Geometry,Multiple Choice,P4Q10_6
"The grid shows a map of the park.
What are the coordinates of the Entrance?",P4Q10_7.png,"(6, 1)","(6, 8)","(4, 8)","(7, 0)","(8, 4)","(8, 4)",10,Geometry,Multiple Choice,P4Q10_7
"The grid shows a map of the park.
What are the coordinates of the Cafe?",P4Q10_8.png,"(4, 7)","(8, 8)","(3, 4)","(4, 3)","(0, 7)","(4, 3)",10,Geometry,Multiple Choice,P4Q10_8
"The grid shows a map of the park.
What are the coordinates of the Toilets?",P4Q10_9.png,"(1, 7)","(7, 1)","(0, 5)","(1, 6)","(8, 3)","(7, 1)",10,Geometry,Multiple Choice,P4Q10_9
"The grid shows a map of the park.
What are the coordinates of the Cafe?",P4Q10_10.png,"(7, 6)","(3, 8)","(6, 7)","(3, 6)","(8, 6)","(7, 6)",10,Geometry,Multiple Choice,P4Q10_10
"The grid shows a map of the park.
What are the coordinates of the Shop?",P4Q10_11.png,"(0, 3)","(2, 2)","(5, 4)","(3, 8)","(1, 6)","(2, 2)",10,Geometry,Multiple Choice,P4Q10_11
"The grid shows a map of the park.
What are the coordinates of the Shop?",P4Q10_12.png,"(3, 7)","(5, 4)","(1, 5)","(5, 1)","(2, 1)","(1, 5)",10,Geometry,Multiple Choice,P4Q10_12
"The grid shows a map of the park.
What are the coordinates of the Cafe?",P4Q10_13.png,"(5, 8)","(1, 1)","(4, 2)","(7, 2)","(8, 5)","(5, 8)",10,Geometry,Multiple Choice,P4Q10_13
"The grid shows a map of the park.
What are the coordinates of the Cafe?",P4Q10_14.png,"(8, 3)","(7, 7)","(3, 8)","(3, 0)","(4, 4)","(3, 8)",10,Geometry,Multiple Choice,P4Q10_14
"The grid shows a map of the park.
What are the coordinates of the Shop?",P4Q10_15.png,"(6, 3)","(7, 8)","(8, 7)","(7, 6)","(4, 4)","(7, 8)",10,Geometry,Multiple Choice,P4Q10_15
"The grid shows a map of the park.
What are the coordinates of the Shop?",P4Q10_16.png,"(4, 3)","(3, 4)","(3, 0)","(7, 4)","(1, 3)","(4, 3)",10,Geometry,Multiple Choice,P4Q10_16
"The grid shows a map of the park.
What are the coordinates of the Ticket Machine?",P4Q10_17.png,"(0, 7)","(8, 7)","(7, 8)","(4, 1)","(6, 3)","(7, 8)",10,Geometry,Multiple Choice,P4Q10_17
"The grid shows a map of the park.
What are the coordinates of the Cafe?",P4Q10_18.png,"(1, 7)","(7, 1)","(8, 4)","(3, 7)","(5, 5)","(1, 7)",10,Geometry,Multiple Choice,P4Q10_18
"The grid shows a map of the park.
What are the coordinates of the Cafe?",P4Q10_19.png,"(1, 7)","(2, 6)","(2, 7)","(7, 2)","(4, 6)","(2, 7)",10,Geometry,Multiple Choice,P4Q10_19
"The grid shows a map of the park.
What are the coordinates of the Shop?",P4Q10_20.png,"(2, 4)","(3, 2)","(3, 6)","(4, 2)","(4, 4)","(4, 2)",10,Geometry,Multiple Choice,P4Q10_20
A bag holds 84 marbles. $\frac{2}{7}$ of them are cat-eyes. How many marbles are cat-eyes?,,82,12,28,24,60,24,11,Fractions,Multiple Choice,P2Q11_1
A parking lot holds 76 cars. $\frac{1}{4}$ of them are SUVs. How many cars are SUVs?,,75,17,57,24,19,19,11,Fractions,Multiple Choice,P2Q11_2
A parking lot holds 276 cars. $\frac{1}{4}$ of them are SUVs. How many cars are SUVs?,,273,207,72,23,69,69,11,Fractions,Multiple Choice,P2Q11_3
A magazine holds 20 pages. $\frac{1}{2}$ of them have pictures. How many pages have pictures?,,5,18,8,10,14,10,11,Fractions,Multiple Choice,P2Q11_4
A class holds 108 students. $\frac{1}{3}$ of them walk to school. How many students walk to school?,,72,106,18,40,36,36,11,Fractions,Multiple Choice,P2Q11_5
A tray holds 228 cupcakes. $\frac{5}{12}$ of them have vanilla icing. How many cupcakes have vanilla icing?,,133,223,19,95,100,95,11,Fractions,Multiple Choice,P2Q11_6
A theater holds 285 seats. $\frac{2}{3}$ of them are empty. How many seats are empty?,,275,19,95,190,193,190,11,Fractions,Multiple Choice,P2Q11_7
A bag holds 66 marbles. $\frac{1}{3}$ of them are cat-eyes. How many marbles are cat-eyes?,,12,24,44,22,65,22,11,Fractions,Multiple Choice,P2Q11_8
A theater holds 162 seats. $\frac{7}{9}$ of them are empty. How many seats are empty?,,129,126,155,18,36,126,11,Fractions,Multiple Choice,P2Q11_9
A box holds 66 chocolates. $\frac{2}{3}$ of them are dark chocolate. How many chocolates are dark chocolate?,,42,22,44,64,46,44,11,Fractions,Multiple Choice,P2Q11_10
A bag holds 100 marbles. $\frac{2}{5}$ of them are cat-eyes. How many marbles are cat-eyes?,,41,20,40,60,98,40,11,Fractions,Multiple Choice,P2Q11_11
A class holds 49 students. $\frac{1}{7}$ of them walk to school. How many students walk to school?,,8,7,42,48,6,7,11,Fractions,Multiple Choice,P2Q11_12
A bag holds 119 marbles. $\frac{6}{7}$ of them are cat-eyes. How many marbles are cat-eyes?,,102,17,106,92,113,102,11,Fractions,Multiple Choice,P2Q11_13
A box holds 54 chocolates. $\frac{5}{6}$ of them are dark chocolate. How many chocolates are dark chocolate?,,51,45,9,31,26,45,11,Fractions,Multiple Choice,P2Q11_14
A packet holds 90 balloons. $\frac{1}{6}$ of them are blue. How many balloons are blue?,,75,5,18,15,89,15,11,Fractions,Multiple Choice,P2Q11_15
A box holds 75 chocolates. $\frac{4}{5}$ of them are dark chocolate. How many chocolates are dark chocolate?,,63,59,60,15,71,60,11,Fractions,Multiple Choice,P2Q11_16
A magazine holds 70 pages. $\frac{3}{5}$ of them have pictures. How many pages have pictures?,,42,45,7,28,64,42,11,Fractions,Multiple Choice,P2Q11_17
A crate holds 40 apples. $\frac{3}{4}$ of them are green. How many apples are green?,,37,10,34,30,31,30,11,Fractions,Multiple Choice,P2Q11_18
A box holds 80 chocolates. $\frac{1}{8}$ of them are dark chocolate. How many chocolates are dark chocolate?,,14,10,79,15,70,10,11,Fractions,Multiple Choice,P2Q11_19
A bag holds 36 marbles. $\frac{8}{9}$ of them are cat-eyes. How many marbles are cat-eyes?,,28,37,31,32,4,32,11,Fractions,Multiple Choice,P2Q11_20
A theater holds 360 seats. $\frac{3}{5}$ of them are empty. How many seats are empty?,,216,217,348,18,144,216,11,Fractions,Multiple Choice,P2Q11_21
A tray holds 92 cupcakes. $\frac{3}{4}$ of them have vanilla icing. How many cupcakes have vanilla icing?,,89,69,73,23,59,69,11,Fractions,Multiple Choice,P2Q11_22
A packet holds 54 balloons. $\frac{1}{2}$ of them are blue. How many balloons are blue?,,9,27,31,51,22,27,11,Fractions,Multiple Choice,P2Q11_23
A bag holds 35 marbles. $\frac{5}{7}$ of them are cat-eyes. How many marbles are cat-eyes?,,25,27,30,10,5,25,11,Fractions,Multiple Choice,P2Q11_24
A parking lot holds 21 cars. $\frac{1}{3}$ of them are SUVs. How many cars are SUVs?,,11,20,7,8,14,7,11,Fractions,Multiple Choice,P2Q11_25
A theater holds 72 seats. $\frac{5}{6}$ of them are empty. How many seats are empty?,,60,67,62,64,12,60,11,Fractions,Multiple Choice,P2Q11_26
A class holds 60 students. $\frac{3}{5}$ of them walk to school. How many students walk to school?,,36,54,38,24,6,36,11,Fractions,Multiple Choice,P2Q11_27
A box holds 340 chocolates. $\frac{3}{20}$ of them are dark chocolate. How many chocolates are dark chocolate?,,323,289,17,294,51,51,11,Fractions,Multiple Choice,P2Q11_28
A library shelf holds 88 books. $\frac{1}{4}$ of them have torn covers. How many books have torn covers?,,87,27,24,22,66,22,11,Fractions,Multiple Choice,P2Q11_29
A box holds 400 chocolates. $\frac{7}{10}$ of them are dark chocolate. How many chocolates are dark chocolate?,,280,20,386,120,281,280,11,Fractions,Multiple Choice,P2Q11_30
The pictogram shows the results of a survey on Ice Cream Flavours. How many people chose Mint?,P3Q11_1.png,7,2,6,3,5,5,11,Data Handling,Multiple Choice,P3Q11_1
The pictogram shows the results of a survey on Favourite Fruit. How many people chose Pear?,P3Q11_2.png,12,16,2,8,44,16,11,Data Handling,Multiple Choice,P3Q11_2
The pictogram shows the results of a survey on Favourite Subject. How many people chose English?,P3Q11_3.png,2,4,1,8,20,4,11,Data Handling,Multiple Choice,P3Q11_3
The pictogram shows the results of a survey on Favourite Sports. How many people chose Rugby?,P3Q11_4.png,6,8,3,5,4,6,11,Data Handling,Multiple Choice,P3Q11_4
The pictogram shows the results of a survey on Pizza Toppings. How many people chose Cheese?,P3Q11_5.png,6,3,4,5,1,6,11,Data Handling,Multiple Choice,P3Q11_5
The pictogram shows the results of a survey on Favourite Sports. How many people chose Football?,P3Q11_6.png,7,1,2,10,4,2,11,Data Handling,Multiple Choice,P3Q11_6
The pictogram shows the results of a survey on Favourite Sports. How many people chose Swimming?,P3Q11_7.png,12,10,2,6,8,6,11,Data Handling,Multiple Choice,P3Q11_7
The pictogram shows the results of a survey on Favourite Fruit. How many people chose Grapes?,P3Q11_8.png,21,24,4,33,18,24,11,Data Handling,Multiple Choice,P3Q11_8
The pictogram shows the results of a survey on Pizza Toppings. How many people chose Meat Feast?,P3Q11_9.png,20,4,32,24,40,32,11,Data Handling,Multiple Choice,P3Q11_9
The pictogram shows the results of a survey on Favourite Fruit. How many people chose Strawberry?,P3Q11_10.png,36,48,4,20,28,28,11,Data Handling,Multiple Choice,P3Q11_10
The pictogram shows the results of a survey on Favourite Fruit. How many people chose Orange?,P3Q11_11.png,18,6,3,15,9,15,11,Data Handling,Multiple Choice,P3Q11_11
The pictogram shows the results of a survey on Favourite Fruit. How many people chose Pear?,P3Q11_12.png,5,50,55,35,45,45,11,Data Handling,Multiple Choice,P3Q11_12
The pictogram shows the results of a survey on Ice Cream Flavours. How many people chose Vanilla?,P3Q11_13.png,48,20,16,3,24,24,11,Data Handling,Multiple Choice,P3Q11_13
The pictogram shows the results of a survey on Car Colours. How many people chose Black?,P3Q11_14.png,3,35,15,25,40,25,11,Data Handling,Multiple Choice,P3Q11_14
The pictogram shows the results of a survey on Favourite Pets. How many people chose Dog?,P3Q11_15.png,25,4,40,35,45,35,11,Data Handling,Multiple Choice,P3Q11_15
The pictogram shows the results of a survey on Favourite Subject. How many people chose English?,P3Q11_16.png,25,50,40,45,5,50,11,Data Handling,Multiple Choice,P3Q11_16
The pictogram shows the results of a survey on Favourite Sports. How many people chose Tennis?,P3Q11_17.png,36,44,16,5,40,36,11,Data Handling,Multiple Choice,P3Q11_17
The pictogram shows the results of a survey on Favourite Pets. How many people chose Goldfish?,P3Q11_18.png,12,2,16,40,4,12,11,Data Handling,Multiple Choice,P3Q11_18
The pictogram shows the results of a survey on Favourite Pets. How many people chose Cat?,P3Q11_19.png,30,35,40,25,20,30,11,Data Handling,Multiple Choice,P3Q11_19
The pictogram shows the results of a survey on Favourite Fruit. How many people chose Strawberry?,P3Q11_20.png,33,21,4,15,24,21,11,Data Handling,Multiple Choice,P3Q11_20
"Our car park has 56 cars. 5/8 of the cars are red.
How many cars are red?",,40,36,35,21,7,35,11,Fractions,Multiple Choice,P4Q11_1
"Our garden has 48 flowers. 5/6 of the flowers are yellow.
How many flowers are yellow?",,45,41,35,30,8,40,11,Fractions,Multiple Choice,P4Q11_2
"Our car park has 36 cars. 2/3 of the cars are red.
How many cars are red?",,29,24,12,26,34,24,11,Fractions,Multiple Choice,P4Q11_3
"Our garden has 12 flowers. 2/3 of the flowers are yellow.
How many flowers are yellow?",,10,6,7,4,9,8,11,Fractions,Multiple Choice,P4Q11_4
"Our car park has 77 cars. 1/7 of the cars are red.
How many cars are red?",,10,12,16,9,66,11,11,Fractions,Multiple Choice,P4Q11_5
"Our car park has 180 cars. 10/12 of the cars are red.
How many cars are red?",,151,15,140,30,150,150,11,Fractions,Multiple Choice,P4Q11_6
"Our school magazine has 98 pages. 6/7 of the pages contain typing errors.
How many pages contain typing errors?",,79,89,86,14,84,84,11,Fractions,Multiple Choice,P4Q11_7
"Our car park has 40 cars. 3/4 of the cars are red.
How many cars are red?",,10,20,30,40,31,30,11,Fractions,Multiple Choice,P4Q11_8
"Our car park has 36 cars. 4/6 of the cars are red.
How many cars are red?",,24,23,12,19,6,24,11,Fractions,Multiple Choice,P4Q11_9
"Our choir has 42 children. 1/3 of the children wear glasses.
How many children wear glasses?",,4,16,12,14,28,14,11,Fractions,Multiple Choice,P4Q11_10
"Our car park has 80 cars. 6/8 of the cars are red.
How many cars are red?",,20,50,60,10,58,60,11,Fractions,Multiple Choice,P4Q11_11
"Our box has 100 chocolates. 8/10 of the chocolates are milk chocolate.
How many chocolates are milk chocolate?",,81,20,82,10,70,80,11,Fractions,Multiple Choice,P4Q11_12
"Our choir has 56 children. 3/8 of the children wear glasses.
How many children wear glasses?",,20,23,35,7,31,21,11,Fractions,Multiple Choice,P4Q11_13
"Our school magazine has 70 pages. 6/7 of the pages contain typing errors.
How many pages contain typing errors?",,10,55,59,70,60,60,11,Fractions,Multiple Choice,P4Q11_14
"Our car park has 117 cars. 1/9 of the cars are red.
How many cars are red?",,15,11,8,104,13,13,11,Fractions,Multiple Choice,P4Q11_15
"Our school magazine has 12 pages. 2/3 of the pages contain typing errors.
How many pages contain typing errors?",,10,9,8,4,7,8,11,Fractions,Multiple Choice,P4Q11_16
"Our choir has 60 children. 9/12 of the children wear glasses.
How many children wear glasses?",,35,44,45,5,15,45,11,Fractions,Multiple Choice,P4Q11_17
"Our choir has 56 children. 3/8 of the children wear glasses.
How many children wear glasses?",,7,21,23,35,31,21,11,Fractions,Multiple Choice,P4Q11_18
"Our car park has 104 cars. 3/8 of the cars are red.
How many cars are red?",,13,37,65,41,40,39,11,Fractions,Multiple Choice,P4Q11_19
"Our box has 50 chocolates. 1/5 of the chocolates are milk chocolate.
How many chocolates are milk chocolate?",,10,15,5,12,40,10,11,Fractions,Multiple Choice,P4Q11_20
"Our box has 32 chocolates. 3/8 of the chocolates are milk chocolate.
How many chocolates are milk chocolate?",,20,14,22,4,12,12,11,Fractions,Multiple Choice,P4Q11_21
"Our choir has 132 children. 6/12 of the children wear glasses.
How many children wear glasses?",,71,66,11,67,68,66,11,Fractions,Multiple Choice,P4Q11_22
"Our school magazine has 56 pages. 3/4 of the pages contain typing errors.
How many pages contain typing errors?",,42,14,44,52,43,42,11,Fractions,Multiple Choice,P4Q11_23
"Our school magazine has 56 pages. 3/7 of the pages contain typing errors.
How many pages contain typing errors?",,8,32,14,24,25,24,11,Fractions,Multiple Choice,P4Q11_24
"Our choir has 42 children. 2/3 of the children wear glasses.
How many children wear glasses?",,38,30,27,14,28,28,11,Fractions,Multiple Choice,P4Q11_25
"Our box has 30 chocolates. 3/6 of the chocolates are milk chocolate.
How many chocolates are milk chocolate?",,17,25,15,5,13,15,11,Fractions,Multiple Choice,P4Q11_26
"Our box has 135 chocolates. 6/9 of the chocolates are milk chocolate.
How many chocolates are milk chocolate?",,92,15,100,45,95,90,11,Fractions,Multiple Choice,P4Q11_27
"Our box has 98 chocolates. 4/7 of the chocolates are milk chocolate.
How many chocolates are milk chocolate?",,42,14,57,58,51,56,11,Fractions,Multiple Choice,P4Q11_28
"Our garden has 140 flowers. 1/10 of the flowers are yellow.
How many flowers are yellow?",,12,9,126,14,19,14,11,Fractions,Multiple Choice,P4Q11_29
"Our garden has 64 flowers. 6/8 of the flowers are yellow.
How many flowers are yellow?",,48,58,8,16,49,48,11,Fractions,Multiple Choice,P4Q11_30
"Our car park has 90 cars. 3/9 of the cars are red.
How many cars are red?",,31,30,28,10,60,30,11,Fractions,Multiple Choice,P4Q11_31
"Our choir has 33 children. 2/3 of the children wear glasses.
How many children wear glasses?",,27,22,12,24,11,22,11,Fractions,Multiple Choice,P4Q11_32
"Our car park has 156 cars. 1/12 of the cars are red.
How many cars are red?",,18,13,8,143,15,13,11,Fractions,Multiple Choice,P4Q11_33
"Our school magazine has 40 pages. 4/5 of the pages contain typing errors.
How many pages contain typing errors?",,33,22,34,32,8,32,11,Fractions,Multiple Choice,P4Q11_34
"Our box has 77 chocolates. 3/7 of the chocolates are milk chocolate.
How many chocolates are milk chocolate?",,32,34,44,31,11,33,11,Fractions,Multiple Choice,P4Q11_35
"Our box has 90 chocolates. 1/10 of the chocolates are milk chocolate.
How many chocolates are milk chocolate?",,8,11,7,10,81,9,11,Fractions,Multiple Choice,P4Q11_36
"Our car park has 36 cars. 1/3 of the cars are red.
How many cars are red?",,17,24,10,14,12,12,11,Fractions,Multiple Choice,P4Q11_37
"Our garden has 21 flowers. 2/3 of the flowers are yellow.
How many flowers are yellow?",,4,24,7,13,14,14,11,Fractions,Multiple Choice,P4Q11_38
"Our box has 84 chocolates. 1/12 of the chocolates are milk chocolate.
How many chocolates are milk chocolate?",,77,7,5,8,9,7,11,Fractions,Multiple Choice,P4Q11_39
"Our box has 50 chocolates. 3/10 of the chocolates are milk chocolate.
How many chocolates are milk chocolate?",,10,35,15,5,14,15,11,Fractions,Multiple Choice,P4Q11_40
"Our garden has 20 flowers. 3/4 of the flowers are yellow.
How many flowers are yellow?",,14,17,10,5,15,15,11,Fractions,Multiple Choice,P4Q11_41
"Our box has 35 chocolates. 5/7 of the chocolates are milk chocolate.
How many chocolates are milk chocolate?",,5,23,27,20,10,25,11,Fractions,Multiple Choice,P4Q11_42
"Our car park has 56 cars. 3/4 of the cars are red.
How many cars are red?",,14,40,41,43,42,42,11,Fractions,Multiple Choice,P4Q11_43
"Our school magazine has 66 pages. 4/6 of the pages contain typing errors.
How many pages contain typing errors?",,42,54,34,11,22,44,11,Fractions,Multiple Choice,P4Q11_44
"Our school magazine has 30 pages. 3/5 of the pages contain typing errors.
How many pages contain typing errors?",,12,28,17,6,23,18,11,Fractions,Multiple Choice,P4Q11_45
"Our car park has 40 cars. 2/5 of the cars are red.
How many cars are red?",,26,15,17,24,8,16,11,Fractions,Multiple Choice,P4Q11_46
"Our car park has 96 cars. 6/8 of the cars are red.
How many cars are red?",,70,82,12,72,24,72,11,Fractions,Multiple Choice,P4Q11_47
"Our school magazine has 35 pages. 6/7 of the pages contain typing errors.
How many pages contain typing errors?",,5,20,30,28,29,30,11,Fractions,Multiple Choice,P4Q11_48
"Our car park has 45 cars. 1/3 of the cars are red.
How many cars are red?",,20,10,17,30,15,15,11,Fractions,Multiple Choice,P4Q11_49
"Our choir has 48 children. 5/6 of the children wear glasses.
How many children wear glasses?",,8,30,35,38,50,40,11,Fractions,Multiple Choice,P4Q11_50
The rectangle below has an area of 52 cm². What is the length of the side marked '?',P2Q12_1.png,4,26,39,6,13,4,12,Area & Perimeter,Multiple Choice,P2Q12_1
The rectangle below has an area of 90 cm². What is the length of the side marked '?',P2Q12_2.png,15,8,45,75,6,6,12,Area & Perimeter,Multiple Choice,P2Q12_2
The rectangle below has an area of 39 cm². What is the length of the side marked '?',P2Q12_3.png,5,26,3,13,19.5,3,12,Area & Perimeter,Multiple Choice,P2Q12_3
The rectangle below has an area of 26 cm². What is the length of the side marked '?',P2Q12_4.png,4,6.5,22,13,8.5,6.5,12,Area & Perimeter,Multiple Choice,P2Q12_4
The rectangle below has an area of 40 cm². What is the length of the side marked '?',P2Q12_5.png,30,6,10,4,20,4,12,Area & Perimeter,Multiple Choice,P2Q12_5
The rectangle below has an area of 36 cm². What is the length of the side marked '?',P2Q12_6.png,18,9,32,4,11,9,12,Area & Perimeter,Multiple Choice,P2Q12_6
The rectangle below has an area of 60 cm². What is the length of the side marked '?',P2Q12_7.png,10,8,50,6,30,6,12,Area & Perimeter,Multiple Choice,P2Q12_7
The rectangle below has an area of 36 cm². What is the length of the side marked '?',P2Q12_8.png,9,18,4,11,32,9,12,Area & Perimeter,Multiple Choice,P2Q12_8
The rectangle below has an area of 28 cm². What is the length of the side marked '?',P2Q12_9.png,4,7,21,14,6,4,12,Area & Perimeter,Multiple Choice,P2Q12_9
The rectangle below has an area of 21 cm². What is the length of the side marked '?',P2Q12_10.png,10.5,18,3,7,9,7,12,Area & Perimeter,Multiple Choice,P2Q12_10
The rectangle below has an area of 60 cm². What is the length of the side marked '?',P2Q12_11.png,6,30,50,8,10,6,12,Area & Perimeter,Multiple Choice,P2Q12_11
The rectangle below has an area of 24 cm². What is the length of the side marked '?',P2Q12_12.png,9,4,6,12,18,4,12,Area & Perimeter,Multiple Choice,P2Q12_12
The rectangle below has an area of 175 cm². What is the length of the side marked '?',P2Q12_13.png,161,14,12.5,14.5,87.5,12.5,12,Area & Perimeter,Multiple Choice,P2Q12_13
The rectangle below has an area of 49.5 cm². What is the length of the side marked '?',P2Q12_14.png,6.5,24.8,38.5,11,4.5,4.5,12,Area & Perimeter,Multiple Choice,P2Q12_14
The rectangle below has an area of 28 cm². What is the length of the side marked '?',P2Q12_15.png,9,7,24,14,4,7,12,Area & Perimeter,Multiple Choice,P2Q12_15
The rectangle below has an area of 10 cm². What is the length of the side marked '?',P2Q12_16.png,4,3,5,1,2,2,12,Area & Perimeter,Multiple Choice,P2Q12_16
The rectangle below has an area of 56 cm². What is the length of the side marked '?',P2Q12_17.png,28,7,8,49,10,8,12,Area & Perimeter,Multiple Choice,P2Q12_17
The rectangle below has an area of 90 cm². What is the length of the side marked '?',P2Q12_18.png,80,11,10,9,45,9,12,Area & Perimeter,Multiple Choice,P2Q12_18
The rectangle below has an area of 104 cm². What is the length of the side marked '?',P2Q12_19.png,8,13,10,91,52,8,12,Area & Perimeter,Multiple Choice,P2Q12_19
The rectangle below has an area of 91 cm². What is the length of the side marked '?',P2Q12_20.png,9,45.5,78,13,7,7,12,Area & Perimeter,Multiple Choice,P2Q12_20
"Today's temperature is 5°C. Yesterday, it was -14°C. What is the difference between these two temperatures?",,19°C,9°C,-19°C,-14°C,-9°C,19°C,12,Negative Numbers,Text,P3Q12_1
"Today's temperature is 8°C. Yesterday, it was -2°C. What is the difference between these two temperatures?",,-2°C,11°C,10°C,-10°C,9°C,10°C,12,Negative Numbers,Text,P3Q12_2
"Today's temperature is -9°C. Yesterday, it was -13°C. What is the difference between these two temperatures?",,5°C,4°C,3°C,-22°C,-4°C,4°C,12,Negative Numbers,Text,P3Q12_3
"Today's temperature is 7°C. Yesterday, it was -12°C. What is the difference between these two temperatures?",,19°C,-12°C,5°C,20°C,18°C,19°C,12,Negative Numbers,Text,P3Q12_4
"Today's temperature is 22°C. Yesterday, it was 6°C. What is the difference between these two temperatures?",,17°C,16°C,28°C,-16°C,6°C,16°C,12,Negative Numbers,Text,P3Q12_5
"Today's temperature is 7°C. Yesterday, it was -10°C. What is the difference between these two temperatures?",,-17°C,3°C,18°C,17°C,-10°C,17°C,12,Negative Numbers,Text,P3Q12_6
"Today's temperature is 20°C. Yesterday, it was 7°C. What is the difference between these two temperatures?",,-13°C,27°C,7°C,14°C,13°C,13°C,12,Negative Numbers,Text,P3Q12_7
"Today's temperature is 16°C. Yesterday, it was 8°C. What is the difference between these two temperatures?",,9°C,-8°C,7°C,8°C,24°C,8°C,12,Negative Numbers,Text,P3Q12_8
"Today's temperature is 9°C. Yesterday, it was -8°C. What is the difference between these two temperatures?",,17°C,16°C,1°C,18°C,-17°C,17°C,12,Negative Numbers,Text,P3Q12_9
"Today's temperature is -2°C. Yesterday, it was -20°C. What is the difference between these two temperatures?",,18°C,-20°C,17°C,-22°C,19°C,18°C,12,Negative Numbers,Text,P3Q12_10
"Today's temperature is 9°C. Yesterday, it was -10°C. What is the difference between these two temperatures?",,1°C,-19°C,19°C,20°C,-10°C,19°C,12,Negative Numbers,Text,P3Q12_11
"Today's temperature is -9°C. Yesterday, it was -14°C. What is the difference between these two temperatures?",,-23°C,4°C,-5°C,5°C,23°C,5°C,12,Negative Numbers,Text,P3Q12_12
"Today's temperature is 14°C. Yesterday, it was -9°C. What is the difference between these two temperatures?",,22°C,23°C,24°C,-23°C,-9°C,23°C,12,Negative Numbers,Text,P3Q12_13
"Today's temperature is 25°C. Yesterday, it was 5°C. What is the difference between these two temperatures?",,21°C,30°C,19°C,20°C,5°C,20°C,12,Negative Numbers,Text,P3Q12_14
"Today's temperature is 1°C. Yesterday, it was -14°C. What is the difference between these two temperatures?",,13°C,15°C,-14°C,-13°C,14°C,15°C,12,Negative Numbers,Text,P3Q12_15
"Today's temperature is 4°C. Yesterday, it was -13°C. What is the difference between these two temperatures?",,18°C,16°C,17°C,-17°C,9°C,17°C,12,Negative Numbers,Text,P3Q12_16
"Today's temperature is -9°C. Yesterday, it was -17°C. What is the difference between these two temperatures?",,8°C,26°C,9°C,7°C,-8°C,8°C,12,Negative Numbers,Text,P3Q12_17
"Today's temperature is 3°C. Yesterday, it was -14°C. What is the difference between these two temperatures?",,-17°C,16°C,17°C,18°C,11°C,17°C,12,Negative Numbers,Text,P3Q12_18
"Today's temperature is -1°C. Yesterday, it was -18°C. What is the difference between these two temperatures?",,17°C,-18°C,18°C,-17°C,16°C,17°C,12,Negative Numbers,Text,P3Q12_19
"Today's temperature is -7°C. Yesterday, it was -19°C. What is the difference between these two temperatures?",,26°C,13°C,-19°C,12°C,-12°C,12°C,12,Negative Numbers,Text,P3Q12_20
"Today's temperature is -3°C. Yesterday, it was -19°C. What is the difference between these two temperatures?",,17°C,-16°C,15°C,16°C,-22°C,16°C,12,Negative Numbers,Text,P3Q12_21
"Today's temperature is 10°C. Yesterday, it was -8°C. What is the difference between these two temperatures?",,19°C,2°C,-8°C,-18°C,18°C,18°C,12,Negative Numbers,Text,P3Q12_22
"Today's temperature is 2°C. Yesterday, it was -3°C. What is the difference between these two temperatures?",,1°C,4°C,-1°C,-5°C,5°C,5°C,12,Negative Numbers,Text,P3Q12_23
"Today's temperature is 2°C. Yesterday, it was -1°C. What is the difference between these two temperatures?",,3°C,-3°C,4°C,1°C,2°C,3°C,12,Negative Numbers,Text,P3Q12_24
"Today's temperature is 14°C. Yesterday, it was -3°C. What is the difference between these two temperatures?",,17°C,18°C,-3°C,11°C,-17°C,17°C,12,Negative Numbers,Text,P3Q12_25
"Today's temperature is 9°C. Yesterday, it was -15°C. What is the difference between these two temperatures?",,-15°C,6°C,23°C,-6°C,24°C,24°C,12,Negative Numbers,Text,P3Q12_26
"Today's temperature is 2°C. Yesterday, it was -4°C. What is the difference between these two temperatures?",,2°C,6°C,-2°C,-6°C,7°C,6°C,12,Negative Numbers,Text,P3Q12_27
"Today's temperature is 10°C. Yesterday, it was -12°C. What is the difference between these two temperatures?",,21°C,23°C,22°C,2°C,-22°C,22°C,12,Negative Numbers,Text,P3Q12_28
"Today's temperature is 21°C. Yesterday, it was 6°C. What is the difference between these two temperatures?",,15°C,-15°C,27°C,16°C,6°C,15°C,12,Negative Numbers,Text,P3Q12_29
"Today's temperature is 13°C. Yesterday, it was 3°C. What is the difference between these two temperatures?",,10°C,-10°C,3°C,9°C,11°C,10°C,12,Negative Numbers,Text,P3Q12_30
"A rectangle has an area of 56 cm². If two of the sides are each 8 cm long, what is the length of each of the other two sides?",P4Q12_1.png,7 cm,5 cm,8 cm,28 cm,48 cm,7 cm,12,Geometry,Multiple Choice,P4Q12_1
"A rectangle has an area of 132 cm². If two of the sides are each 12 cm long, what is the length of each of the other two sides?",P4Q12_2.png,11 cm,13 cm,120 cm,66 cm,21 cm,11 cm,12,Geometry,Multiple Choice,P4Q12_2
"A rectangle has an area of 32 cm². If two of the sides are each 4 cm long, what is the length of each of the other two sides?",P4Q12_3.png,10 cm,6 cm,8 cm,7 cm,28 cm,8 cm,12,Geometry,Multiple Choice,P4Q12_3
"A rectangle has an area of 60 cm². If two of the sides are each 4 cm long, what is the length of each of the other two sides?",P4Q12_4.png,13 cm,15 cm,56 cm,17 cm,30 cm,15 cm,12,Geometry,Multiple Choice,P4Q12_4
"A rectangle has an area of 55 cm². If two of the sides are each 11 cm long, what is the length of each of the other two sides?",P4Q12_5.png,27 cm,44 cm,5 cm,6 cm,4 cm,5 cm,12,Geometry,Multiple Choice,P4Q12_5
"A rectangle has an area of 90 cm². If two of the sides are each 6 cm long, what is the length of each of the other two sides?",P4Q12_6.png,45 cm,17 cm,84 cm,25 cm,15 cm,15 cm,12,Geometry,Multiple Choice,P4Q12_6
"A rectangle has an area of 96 cm². If two of the sides are each 8 cm long, what is the length of each of the other two sides?",P4Q12_7.png,11 cm,2 cm,88 cm,12 cm,14 cm,12 cm,12,Geometry,Multiple Choice,P4Q12_7
"A rectangle has an area of 165 cm². If two of the sides are each 11 cm long, what is the length of each of the other two sides?",P4Q12_8.png,154 cm,14 cm,15 cm,17 cm,82 cm,15 cm,12,Geometry,Multiple Choice,P4Q12_8
"A rectangle has an area of 108 cm². If two of the sides are each 9 cm long, what is the length of each of the other two sides?",P4Q12_9.png,10 cm,99 cm,11 cm,22 cm,12 cm,12 cm,12,Geometry,Multiple Choice,P4Q12_9
"A rectangle has an area of 60 cm². If two of the sides are each 4 cm long, what is the length of each of the other two sides?",P4Q12_10.png,56 cm,15 cm,30 cm,25 cm,14 cm,15 cm,12,Geometry,Multiple Choice,P4Q12_10
"A rectangle has an area of 21 cm². If two of the sides are each 3 cm long, what is the length of each of the other two sides?",P4Q12_11.png,10 cm,9 cm,18 cm,7 cm,8 cm,7 cm,12,Geometry,Multiple Choice,P4Q12_11
"A rectangle has an area of 18 cm². If two of the sides are each 3 cm long, what is the length of each of the other two sides?",P4Q12_12.png,15 cm,6 cm,8 cm,9 cm,5 cm,6 cm,12,Geometry,Multiple Choice,P4Q12_12
"A rectangle has an area of 35 cm². If two of the sides are each 5 cm long, what is the length of each of the other two sides?",P4Q12_13.png,8 cm,5 cm,7 cm,30 cm,9 cm,7 cm,12,Geometry,Multiple Choice,P4Q12_13
"A rectangle has an area of 60 cm². If two of the sides are each 12 cm long, what is the length of each of the other two sides?",P4Q12_14.png,48 cm,5 cm,6 cm,30 cm,4 cm,5 cm,12,Geometry,Multiple Choice,P4Q12_14
"A rectangle has an area of 88 cm². If two of the sides are each 11 cm long, what is the length of each of the other two sides?",P4Q12_15.png,7 cm,9 cm,44 cm,77 cm,8 cm,8 cm,12,Geometry,Multiple Choice,P4Q12_15
"A rectangle has an area of 165 cm². If two of the sides are each 11 cm long, what is the length of each of the other two sides?",P4Q12_16.png,10 cm,154 cm,13 cm,20 cm,15 cm,15 cm,12,Geometry,Multiple Choice,P4Q12_16
"A rectangle has an area of 27 cm². If two of the sides are each 3 cm long, what is the length of each of the other two sides?",P4Q12_17.png,11 cm,9 cm,24 cm,8 cm,13 cm,9 cm,12,Geometry,Multiple Choice,P4Q12_17
"A rectangle has an area of 52 cm². If two of the sides are each 4 cm long, what is the length of each of the other two sides?",P4Q12_18.png,48 cm,8 cm,14 cm,13 cm,23 cm,13 cm,12,Geometry,Multiple Choice,P4Q12_18
"A rectangle has an area of 40 cm². If two of the sides are each 5 cm long, what is the length of each of the other two sides?",P4Q12_19.png,10 cm,6 cm,8 cm,35 cm,20 cm,8 cm,12,Geometry,Multiple Choice,P4Q12_19
"A rectangle has an area of 84 cm². If two of the sides are each 12 cm long, what is the length of each of the other two sides?",P4Q12_20.png,72 cm,7 cm,5 cm,42 cm,6 cm,7 cm,12,Geometry,Multiple Choice,P4Q12_20
Which number comes out of the machine?,P2Q13_1.png,16,59,13,8,0,8,13,Number Operations,Multiple Choice,P2Q13_1
Which number comes out of the machine?,P2Q13_2.png,65,57,120,60,52,60,13,Number Operations,Multiple Choice,P2Q13_2
Which number comes out of the machine?,P2Q13_3.png,-34,45,1,11,2,1,13,Number Operations,Multiple Choice,P2Q13_3
Which number comes out of the machine?,P2Q13_4.png,6,11,48,3,1,3,13,Number Operations,Multiple Choice,P2Q13_4
Which number comes out of the machine?,P2Q13_5.png,1140,1152,91,2304,1157,1152,13,Number Operations,Multiple Choice,P2Q13_5
Which number comes out of the machine?,P2Q13_6.png,19,27,22,38,9,19,13,Number Operations,Multiple Choice,P2Q13_6
Which number comes out of the machine?,P2Q13_7.png,10,2,1,-3,7,1,13,Number Operations,Multiple Choice,P2Q13_7
Which number comes out of the machine?,P2Q13_8.png,-28,14,4,72,2,2,13,Number Operations,Multiple Choice,P2Q13_8
Which number comes out of the machine?,P2Q13_9.png,35,44,47,50,88,44,13,Number Operations,Multiple Choice,P2Q13_9
Which number comes out of the machine?,P2Q13_10.png,31,217,448,224,231,224,13,Number Operations,Multiple Choice,P2Q13_10
Which number comes out of the machine?,P2Q13_11.png,45,90,120,42,53,45,13,Number Operations,Multiple Choice,P2Q13_11
Which number comes out of the machine?,P2Q13_12.png,34,30,25,62,31,31,13,Number Operations,Multiple Choice,P2Q13_12
Which number comes out of the machine?,P2Q13_13.png,496,22,242,259,248,248,13,Number Operations,Multiple Choice,P2Q13_13
Which number comes out of the machine?,P2Q13_14.png,3,6,14,10,12,6,13,Number Operations,Multiple Choice,P2Q13_14
Which number comes out of the machine?,P2Q13_15.png,264,77,120,139,132,132,13,Number Operations,Multiple Choice,P2Q13_15
Which number comes out of the machine?,P2Q13_16.png,48,118,44,63,59,59,13,Number Operations,Multiple Choice,P2Q13_16
Which number comes out of the machine?,P2Q13_17.png,22,60,42,26,30,30,13,Number Operations,Multiple Choice,P2Q13_17
Which number comes out of the machine?,P2Q13_18.png,78,17,146,61,73,73,13,Number Operations,Multiple Choice,P2Q13_18
Which number comes out of the machine?,P2Q13_19.png,46,390,184,195,199,195,13,Number Operations,Multiple Choice,P2Q13_19
Which number comes out of the machine?,P2Q13_20.png,20,120,38,64,32,32,13,Number Operations,Multiple Choice,P2Q13_20
Which answer has three numbers that are all square numbers?,,"3, 6, 2009","16,  25,  36","10,  40,  90","27,  64,  125","144,  25,  125","16,  25,  36",13,Number Properties,Text,P3Q13_1
Which answer has three numbers that are all cube numbers?,,"8, 27, 64","9, 16, 25","6, 12, 24","4, 16, 64","64,  512,  4","8, 27, 64",13,Number Properties,Text,P3Q13_2
Which answer has three numbers that are all prime numbers?,,"2, 5, 2009","11, 13, 17","2, 4, 2006","9, 15, 21","27,  33,  39","11, 13, 17",13,Number Properties,Text,P3Q13_3
Which answer has three numbers that are all square numbers?,,"4, 8, 12","64,  81,  100","10,  40,  90","27,  64,  125","9,  64,  512","64,  81,  100",13,Number Properties,Text,P3Q13_5
Which answer has three numbers that are all square numbers?,,"49,  64,  81","3, 6, 2009","121,  9,  1000","10,  40,  90","1, 8, 27","49,  64,  81",13,Number Properties,Text,P3Q13_6
Which answer has three numbers that are all prime numbers?,,"2, 4, 2006","27,  33,  39","2, 5, 2009","9, 15, 21","29,  31,  37","29,  31,  37",13,Number Properties,Text,P3Q13_7
Which answer has three numbers that are all square numbers?,,"1, 8, 27","10,  40,  90","9, 16, 25","121,  169,  27","5, 10, 15","9, 16, 25",13,Number Properties,Text,P3Q13_8
Which answer has three numbers that are all square numbers?,,"64,  144,  729","10,  40,  90","4, 8, 12","4, 9, 16","64,  125,  216","4, 9, 16",13,Number Properties,Text,P3Q13_9
Which answer has three numbers that are all prime numbers?,,"27,  33,  39","2, 5, 2009","2, 4, 2006","11, 13, 17","9, 15, 21","11, 13, 17",13,Number Properties,Text,P3Q13_10
Which answer has three numbers that are all prime numbers?,,"27,  33,  39","9, 15, 21","2, 4, 2006","2, 5, 2009","11, 13, 17","11, 13, 17",13,Number Properties,Text,P3Q13_11
Which answer has three numbers that are all prime numbers?,,"2, 4, 2006","2, 5, 2009","27,  33,  39","11, 13, 17","9, 15, 21","11, 13, 17",13,Number Properties,Text,P3Q13_12
Which answer has three numbers that are all prime numbers?,,"2, 5, 2009","27,  33,  39","5, 7, 11","2, 4, 2006","9, 15, 21","5, 7, 11",13,Number Properties,Text,P3Q13_13
Which answer has three numbers that are all prime numbers?,,"19,  23,  29","2, 4, 2006","27,  33,  39","2, 5, 2009","9, 15, 21","19,  23,  29",13,Number Properties,Text,P3Q13_14
Which answer has three numbers that are all prime numbers?,,"41,  43,  47","2, 5, 2009","2, 4, 2006","27,  33,  39","9, 15, 21","41,  43,  47",13,Number Properties,Text,P3Q13_15
Which answer has three numbers that are all prime numbers?,,"9, 15, 21","27,  33,  39","2, 5, 2009","23,  29,  31","2, 4, 2006","23,  29,  31",13,Number Properties,Text,P3Q13_16
Which answer has three numbers that are all square numbers?,,"3, 6, 2009","10,  40,  90","25,  36,  49","8, 27, 64","4,  49,  27","25,  36,  49",13,Number Properties,Text,P3Q13_17
Which answer has three numbers that are all prime numbers?,,"5, 7, 11","9, 15, 21","2, 4, 2006","27,  33,  39","2, 5, 2009","5, 7, 11",13,Number Properties,Text,P3Q13_18
Which answer has three numbers that are all cube numbers?,,"4, 8, 16","64,  125,  1","27,  64,  125","16,  25,  36","4, 16, 64","27,  64,  125",13,Number Properties,Text,P3Q13_19
Which answer has three numbers that are all prime numbers?,,"31,  37,  41","27,  33,  39","9, 15, 21","2, 4, 2006","2, 5, 2009","31,  37,  41",13,Number Properties,Text,P3Q13_20
Which answer has three numbers that are all square numbers?,,"64,  125,  216","6, 12, 18","4, 9, 16","10,  40,  90","0144, 9, 8","4, 9, 16",13,Number Properties,Text,P3Q13_21
Which answer has three numbers that are all square numbers?,,"64,  125,  216","10,  40,  90","16,  25,  36","4, 8, 12","49,  169,  512","16,  25,  36",13,Number Properties,Text,P3Q13_22
Which answer has three numbers that are all square numbers?,,"25,  36,  49","4, 8, 12","169,  81,  125","10,  40,  90","8, 27, 64","25,  36,  49",13,Number Properties,Text,P3Q13_23
Which answer has three numbers that are all prime numbers?,,"2, 5, 2009","27,  33,  39","9, 15, 21","31,  37,  41","2, 4, 2006","31,  37,  41",13,Number Properties,Text,P3Q13_24
Which answer has three numbers that are all prime numbers?,,"9, 15, 21","27,  33,  39","2, 4, 2006","2, 5, 2009","5, 7, 11","5, 7, 11",13,Number Properties,Text,P3Q13_25
Which answer has three numbers that are all cube numbers?,,"4, 9, 16","4, 8, 16","27,  64,  125","196,  512,  25","3, 9, 27","27,  64,  125",13,Number Properties,Text,P3Q13_26
Which answer has three numbers that are all prime numbers?,,"2, 4, 2006","27,  33,  39","31,  37,  41","2, 5, 2009","9, 15, 21","31,  37,  41",13,Number Properties,Text,P3Q13_27
Which answer has three numbers that are all prime numbers?,,"23,  29,  31","2, 5, 2009","9, 15, 21","27,  33,  39","2, 4, 2006","23,  29,  31",13,Number Properties,Text,P3Q13_28
Which answer has three numbers that are all square numbers?,,"144,  144,  729","10,  40,  90","25,  36,  49","64,  125,  216","3, 6, 2009","25,  36,  49",13,Number Properties,Text,P3Q13_29
Which answer has three numbers that are all prime numbers?,,"2, 5, 2009","27,  33,  39","9, 15, 21","2, 4, 2006","11, 13, 17","11, 13, 17",13,Number Properties,Text,P3Q13_30
Which answer has three numbers that are all prime numbers?,,"9, 15, 21","27,  33,  39","29,  31,  37","2, 5, 2009","2, 4, 2006","29,  31,  37",13,Number Properties,Text,P3Q13_50
Which triangle has an obtuse angle?,P4Q13_1.png,Q,T,R,P,S,P,13,Geometry,Multiple Choice,P4Q13_1
Which triangle has an obtuse angle?,P4Q13_2.png,R,S,Q,T,P,R,13,Geometry,Multiple Choice,P4Q13_2
Which triangle has an obtuse angle?,P4Q13_3.png,R,Q,P,S,T,Q,13,Geometry,Multiple Choice,P4Q13_3
Which triangle has an obtuse angle?,P4Q13_4.png,R,Q,P,T,S,P,13,Geometry,Multiple Choice,P4Q13_4
Which triangle has an obtuse angle?,P4Q13_5.png,P,Q,T,S,R,Q,13,Geometry,Multiple Choice,P4Q13_5
Which triangle has an obtuse angle?,P4Q13_6.png,P,R,Q,T,S,R,13,Geometry,Multiple Choice,P4Q13_6
Which triangle has an obtuse angle?,P4Q13_7.png,Q,R,S,T,P,P,13,Geometry,Multiple Choice,P4Q13_7
Which triangle has an obtuse angle?,P4Q13_8.png,Q,P,T,S,R,Q,13,Geometry,Multiple Choice,P4Q13_8
Which triangle has an obtuse angle?,P4Q13_9.png,R,S,T,P,Q,R,13,Geometry,Multiple Choice,P4Q13_9
Which triangle has an obtuse angle?,P4Q13_10.png,S,R,T,Q,P,R,13,Geometry,Multiple Choice,P4Q13_10
Which triangle has an obtuse angle?,P4Q13_11.png,R,P,S,Q,T,R,13,Geometry,Multiple Choice,P4Q13_11
Which triangle has an obtuse angle?,P4Q13_12.png,T,P,S,Q,R,R,13,Geometry,Multiple Choice,P4Q13_12
Which triangle has an obtuse angle?,P4Q13_13.png,P,S,T,R,Q,Q,13,Geometry,Multiple Choice,P4Q13_13
Which triangle has an obtuse angle?,P4Q13_14.png,Q,S,R,P,T,P,13,Geometry,Multiple Choice,P4Q13_14
Which triangle has an obtuse angle?,P4Q13_15.png,S,T,P,Q,R,P,13,Geometry,Multiple Choice,P4Q13_15
Which triangle has an obtuse angle?,P4Q13_16.png,R,S,T,Q,P,R,13,Geometry,Multiple Choice,P4Q13_16
Which triangle has an obtuse angle?,P4Q13_17.png,P,T,Q,S,R,S,13,Geometry,Multiple Choice,P4Q13_17
Which triangle has an obtuse angle?,P4Q13_18.png,R,Q,S,P,T,P,13,Geometry,Multiple Choice,P4Q13_18
Which triangle has an obtuse angle?,P4Q13_19.png,T,S,R,Q,P,R,13,Geometry,Multiple Choice,P4Q13_19
Which triangle has an obtuse angle?,P4Q13_20.png,Q,R,P,S,T,Q,13,Geometry,Multiple Choice,P4Q13_20
Which fraction is the greatest?,,4/5,7/25,6/8,2/3,23/25,23/25,14,Fractions,Text,P3Q14_1
Which of the following fractions is the smallest?,,11/16,4/16,7/25,18/50,5/6,4/16,14,Fractions,Text,P3Q14_2
Which fraction is the greatest?,,1/2,6/8,19/24,2/3,9/25,19/24,14,Fractions,Text,P3Q14_3
Which fraction has the smallest value?,,6/24,8/10,1/2,2/5,9/10,6/24,14,Fractions,Text,P3Q14_4
Identify the fraction with the greatest value.,,4/12,8/25,16/24,5/25,2/5,16/24,14,Fractions,Text,P3Q14_5
Which fraction is the least?,,7/16,1/10,2/5,10/20,7/8,1/10,14,Fractions,Text,P3Q14_6
Identify the fraction with the lowest value.,,19/20,14/24,4/50,4/24,2/4,4/50,14,Fractions,Text,P3Q14_7
Choose the fraction that is smallest.,,2/8,1/2,8/10,1/6,11/50,1/6,14,Fractions,Text,P3Q14_8
Which fraction is the greatest?,,1/100,1/2,2/3,31/100,3/5,2/3,14,Fractions,Text,P3Q14_9
Which fraction is the least?,,7/8,3/10,1/5,2/8,15/25,1/5,14,Fractions,Text,P3Q14_10
Identify the fraction with the greatest value.,,5/8,5/25,1/2,88/100,2/8,88/100,14,Fractions,Text,P3Q14_11
Which of the following fractions is the largest?,,2/10,5/16,1/2,5/6,7/8,7/8,14,Fractions,Text,P3Q14_12
Which of the following fractions is the smallest?,,3/4,9/10,26/50,14/20,7/16,7/16,14,Fractions,Text,P3Q14_13
Which of these has the smallest value?,,1/5,18/20,13/24,2/5,1/3,1/5,14,Fractions,Text,P3Q14_14
Which fraction is the greatest?,,20/24,1/3,2/16,1/10,2/5,20/24,14,Fractions,Text,P3Q14_15
Which fraction has the largest value?,,6/12,8/12,45/50,16/20,9/12,45/50,14,Fractions,Text,P3Q14_16
Which fraction is the least?,,2/4,6/8,1/6,5/20,2/6,1/6,14,Fractions,Text,P3Q14_17
Which fraction is the greatest?,,4/6,1/3,16/20,3/8,3/4,16/20,14,Fractions,Text,P3Q14_18
Which of the following fractions is the largest?,,4/25,3/5,4/5,4/10,1/8,4/5,14,Fractions,Text,P3Q14_19
Which fraction is the least?,,9/10,8/12,1/24,3/8,9/50,1/24,14,Fractions,Text,P3Q14_20
Which fraction is the least?,,27/100,5/16,7/25,4/16,2/4,4/16,14,Fractions,Text,P3Q14_21
Choose the fraction that is smallest.,,1/3,8/16,3/4,5/8,8/10,1/3,14,Fractions,Text,P3Q14_22
Which of these has the biggest value?,,1/5,3/5,12/16,2/3,20/50,12/16,14,Fractions,Text,P3Q14_23
Which of the following fractions is the largest?,,2/3,9/10,3/4,11/16,5/20,9/10,14,Fractions,Text,P3Q14_24
Identify the fraction with the lowest value.,,12/24,2/12,2/3,18/50,5/6,2/12,14,Fractions,Text,P3Q14_25
Which of these has the biggest value?,,3/4,1/2,18/20,8/10,22/25,18/20,14,Fractions,Text,P3Q14_26
Which of the following fractions is the smallest?,,9/24,1/4,22/25,1/3,10/25,1/4,14,Fractions,Text,P3Q14_27
Which fraction is the greatest?,,3/5,2/24,7/10,1/5,2/4,7/10,14,Fractions,Text,P3Q14_28
Which fraction has the largest value?,,9/25,1/3,4/5,26/100,6/12,4/5,14,Fractions,Text,P3Q14_29
Which fraction has the smallest value?,,3/8,1/2,31/50,14/25,2/20,2/20,14,Fractions,Text,P3Q14_30
"360 raffle tickets were sold by 20 pupils in St Mary's.
If all pupils sold the same number of tickets, how many tickets did each pupil sell?",,17,19,23,16,18,18,14,Calculations,Multiple Choice,P4Q14_1
"450 raffle tickets were sold by 30 pupils in Greenfield School.
If all pupils sold the same number of tickets, how many tickets did each pupil sell?",,13,25,14,15,10,15,14,Calculations,Multiple Choice,P4Q14_2
"255 raffle tickets were sold by 15 pupils in Greenfield School.
If all pupils sold the same number of tickets, how many tickets did each pupil sell?",,17,22,12,15,16,17,14,Calculations,Multiple Choice,P4Q14_3
"880 raffle tickets were sold by 20 pupils in St Mary's.
If all pupils sold the same number of tickets, how many tickets did each pupil sell?",,44,46,45,49,39,44,14,Calculations,Multiple Choice,P4Q14_4
"630 raffle tickets were sold by 15 pupils in one school.
If all pupils sold the same number of tickets, how many tickets did each pupil sell?",,47,42,43,52,40,42,14,Calculations,Multiple Choice,P4Q14_5
"560 raffle tickets were sold by 35 pupils in one school.
If all pupils sold the same number of tickets, how many tickets did each pupil sell?",,11,17,14,16,18,16,14,Calculations,Multiple Choice,P4Q14_6
"325 raffle tickets were sold by 25 pupils in one school.
If all pupils sold the same number of tickets, how many tickets did each pupil sell?",,8,14,18,13,15,13,14,Calculations,Multiple Choice,P4Q14_7
"1050 raffle tickets were sold by 30 pupils in the year group.
If all pupils sold the same number of tickets, how many tickets did each pupil sell?",,37,35,33,40,34,35,14,Calculations,Multiple Choice,P4Q14_8
"735 raffle tickets were sold by 35 pupils in the year group.
If all pupils sold the same number of tickets, how many tickets did each pupil sell?",,20,21,31,16,19,21,14,Calculations,Multiple Choice,P4Q14_9
"1085 raffle tickets were sold by 35 pupils in one school.
If all pupils sold the same number of tickets, how many tickets did each pupil sell?",,41,33,31,36,26,31,14,Calculations,Multiple Choice,P4Q14_10
"700 raffle tickets were sold by 25 pupils in one school.
If all pupils sold the same number of tickets, how many tickets did each pupil sell?",,27,26,28,29,23,28,14,Calculations,Multiple Choice,P4Q14_11
"400 raffle tickets were sold by 20 pupils in Greenfield School.
If all pupils sold the same number of tickets, how many tickets did each pupil sell?",,21,18,20,15,22,20,14,Calculations,Multiple Choice,P4Q14_12
"1125 raffle tickets were sold by 25 pupils in Greenfield School.
If all pupils sold the same number of tickets, how many tickets did each pupil sell?",,55,44,46,45,43,45,14,Calculations,Multiple Choice,P4Q14_13
"615 raffle tickets were sold by 15 pupils in Greenfield School.
If all pupils sold the same number of tickets, how many tickets did each pupil sell?",,36,46,41,43,39,41,14,Calculations,Multiple Choice,P4Q14_14
"825 raffle tickets were sold by 25 pupils in St Mary's.
If all pupils sold the same number of tickets, how many tickets did each pupil sell?",,35,28,33,34,31,33,14,Calculations,Multiple Choice,P4Q14_15
"400 raffle tickets were sold by 25 pupils in St Mary's.
If all pupils sold the same number of tickets, how many tickets did each pupil sell?",,15,11,18,16,14,16,14,Calculations,Multiple Choice,P4Q14_16
"280 raffle tickets were sold by 20 pupils in the year group.
If all pupils sold the same number of tickets, how many tickets did each pupil sell?",,14,12,15,19,16,14,14,Calculations,Multiple Choice,P4Q14_17
"325 raffle tickets were sold by 25 pupils in the year group.
If all pupils sold the same number of tickets, how many tickets did each pupil sell?",,8,15,11,13,14,13,14,Calculations,Multiple Choice,P4Q14_18
"195 raffle tickets were sold by 15 pupils in one school.
If all pupils sold the same number of tickets, how many tickets did each pupil sell?",,11,13,18,12,15,13,14,Calculations,Multiple Choice,P4Q14_19
"1080 raffle tickets were sold by 30 pupils in the year group.
If all pupils sold the same number of tickets, how many tickets did each pupil sell?",,34,36,46,35,37,36,14,Calculations,Multiple Choice,P4Q14_20
"1400 raffle tickets were sold by 35 pupils in the year group.
If all pupils sold the same number of tickets, how many tickets did each pupil sell?",,38,39,40,50,41,40,14,Calculations,Multiple Choice,P4Q14_21
"575 raffle tickets were sold by 25 pupils in one school.
If all pupils sold the same number of tickets, how many tickets did each pupil sell?",,18,24,21,33,23,23,14,Calculations,Multiple Choice,P4Q14_22
"1000 raffle tickets were sold by 25 pupils in St Mary's.
If all pupils sold the same number of tickets, how many tickets did each pupil sell?",,38,40,41,35,50,40,14,Calculations,Multiple Choice,P4Q14_23
"450 raffle tickets were sold by 25 pupils in the year group.
If all pupils sold the same number of tickets, how many tickets did each pupil sell?",,18,19,28,20,23,18,14,Calculations,Multiple Choice,P4Q14_24
"875 raffle tickets were sold by 35 pupils in Greenfield School.
If all pupils sold the same number of tickets, how many tickets did each pupil sell?",,26,35,25,20,23,25,14,Calculations,Multiple Choice,P4Q14_25
"1080 raffle tickets were sold by 30 pupils in Greenfield School.
If all pupils sold the same number of tickets, how many tickets did each pupil sell?",,38,34,46,36,31,36,14,Calculations,Multiple Choice,P4Q14_26
"1020 raffle tickets were sold by 30 pupils in St Mary's.
If all pupils sold the same number of tickets, how many tickets did each pupil sell?",,36,35,44,29,34,34,14,Calculations,Multiple Choice,P4Q14_27
"1020 raffle tickets were sold by 30 pupils in Greenfield School.
If all pupils sold the same number of tickets, how many tickets did each pupil sell?",,34,39,36,44,29,34,14,Calculations,Multiple Choice,P4Q14_28
"405 raffle tickets were sold by 15 pupils in one school.
If all pupils sold the same number of tickets, how many tickets did each pupil sell?",,27,26,22,37,25,27,14,Calculations,Multiple Choice,P4Q14_29
"360 raffle tickets were sold by 20 pupils in the year group.
If all pupils sold the same number of tickets, how many tickets did each pupil sell?",,19,18,28,17,20,18,14,Calculations,Multiple Choice,P4Q14_30
"660 raffle tickets were sold by 15 pupils in one school.
If all pupils sold the same number of tickets, how many tickets did each pupil sell?",,44,39,45,49,46,44,14,Calculations,Multiple Choice,P4Q14_31
"760 raffle tickets were sold by 20 pupils in St Mary's.
If all pupils sold the same number of tickets, how many tickets did each pupil sell?",,36,48,37,38,40,38,14,Calculations,Multiple Choice,P4Q14_32
"540 raffle tickets were sold by 20 pupils in St Mary's.
If all pupils sold the same number of tickets, how many tickets did each pupil sell?",,29,32,26,27,28,27,14,Calculations,Multiple Choice,P4Q14_33
"180 raffle tickets were sold by 15 pupils in the year group.
If all pupils sold the same number of tickets, how many tickets did each pupil sell?",,13,12,10,7,11,12,14,Calculations,Multiple Choice,P4Q14_34
"1540 raffle tickets were sold by 35 pupils in one school.
If all pupils sold the same number of tickets, how many tickets did each pupil sell?",,44,43,49,46,45,44,14,Calculations,Multiple Choice,P4Q14_35
"500 raffle tickets were sold by 20 pupils in the year group.
If all pupils sold the same number of tickets, how many tickets did each pupil sell?",,24,26,30,25,35,25,14,Calculations,Multiple Choice,P4Q14_36
"1365 raffle tickets were sold by 35 pupils in one school.
If all pupils sold the same number of tickets, how many tickets did each pupil sell?",,41,37,39,40,44,39,14,Calculations,Multiple Choice,P4Q14_37
"980 raffle tickets were sold by 35 pupils in the year group.
If all pupils sold the same number of tickets, how many tickets did each pupil sell?",,27,23,29,28,38,28,14,Calculations,Multiple Choice,P4Q14_38
"225 raffle tickets were sold by 15 pupils in one school.
If all pupils sold the same number of tickets, how many tickets did each pupil sell?",,25,16,15,14,10,15,14,Calculations,Multiple Choice,P4Q14_39
"645 raffle tickets were sold by 15 pupils in one school.
If all pupils sold the same number of tickets, how many tickets did each pupil sell?",,45,38,41,48,43,43,14,Calculations,Multiple Choice,P4Q14_40
"300 raffle tickets were sold by 25 pupils in the year group.
If all pupils sold the same number of tickets, how many tickets did each pupil sell?",,14,12,7,17,22,12,14,Calculations,Multiple Choice,P4Q14_41
"455 raffle tickets were sold by 35 pupils in Greenfield School.
If all pupils sold the same number of tickets, how many tickets did each pupil sell?",,8,14,23,12,13,13,14,Calculations,Multiple Choice,P4Q14_42
"945 raffle tickets were sold by 35 pupils in one school.
If all pupils sold the same number of tickets, how many tickets did each pupil sell?",,26,28,29,37,27,27,14,Calculations,Multiple Choice,P4Q14_43
"810 raffle tickets were sold by 30 pupils in Greenfield School.
If all pupils sold the same number of tickets, how many tickets did each pupil sell?",,32,25,27,29,28,27,14,Calculations,Multiple Choice,P4Q14_44
"665 raffle tickets were sold by 35 pupils in one school.
If all pupils sold the same number of tickets, how many tickets did each pupil sell?",,14,29,19,24,21,19,14,Calculations,Multiple Choice,P4Q14_45
"560 raffle tickets were sold by 20 pupils in St Mary's.
If all pupils sold the same number of tickets, how many tickets did each pupil sell?",,38,27,29,30,28,28,14,Calculations,Multiple Choice,P4Q14_46
"840 raffle tickets were sold by 20 pupils in St Mary's.
If all pupils sold the same number of tickets, how many tickets did each pupil sell?",,42,52,43,40,47,42,14,Calculations,Multiple Choice,P4Q14_47
"525 raffle tickets were sold by 35 pupils in the year group.
If all pupils sold the same number of tickets, how many tickets did each pupil sell?",,13,17,15,16,10,15,14,Calculations,Multiple Choice,P4Q14_48
"450 raffle tickets were sold by 25 pupils in St Mary's.
If all pupils sold the same number of tickets, how many tickets did each pupil sell?",,28,18,16,17,13,18,14,Calculations,Multiple Choice,P4Q14_49
"950 raffle tickets were sold by 25 pupils in the year group.
If all pupils sold the same number of tickets, how many tickets did each pupil sell?",,43,37,38,40,39,38,14,Calculations,Multiple Choice,P4Q14_50
What is 48.23 rounded to the nearest tenth?,,48.23,48.1,48.2,48.3,48,48.2,15,Rounding,Multiple Choice,P2Q15_1
What is 100.17 rounded to the nearest tenth?,,100,100.1,100.17,101.2,100.2,100.2,15,Rounding,Multiple Choice,P2Q15_2
What is 63.28 rounded to the nearest tenth?,,63,64.3,63.28,63.2,63.3,63.3,15,Rounding,Multiple Choice,P2Q15_3
What is 46.15 rounded to the nearest tenth?,,46.15,46.7,46.2,46.1,46,46.2,15,Rounding,Multiple Choice,P2Q15_4
What is 73.72 rounded to the nearest tenth?,,73.72,73.7,73.6,74,73.8,73.7,15,Rounding,Multiple Choice,P2Q15_5
What is 90.41 rounded to the nearest tenth?,,90.41,90.4,90,90.5,91.4,90.4,15,Rounding,Multiple Choice,P2Q15_6
What is 78.89 rounded to the nearest tenth?,,77.9,78.89,78.8,78.9,79,78.9,15,Rounding,Multiple Choice,P2Q15_7
What is 77.46 rounded to the nearest tenth?,,77.46,78,77.5,77.4,77,77.5,15,Rounding,Multiple Choice,P2Q15_8
What is 69.49 rounded to the nearest tenth?,,69.6,69.49,69.4,69,69.5,69.5,15,Rounding,Multiple Choice,P2Q15_9
What is 55.23 rounded to the nearest tenth?,,55.2,55.1,55,55.3,55.23,55.2,15,Rounding,Multiple Choice,P2Q15_10
What is 59.54 rounded to the nearest tenth?,,59.6,58.5,59.5,60,59.54,59.5,15,Rounding,Multiple Choice,P2Q15_11
What is 77.27 rounded to the nearest tenth?,,76.8,77.3,77.27,77.2,77,77.3,15,Rounding,Multiple Choice,P2Q15_12
What is 19.28 rounded to the nearest tenth?,,19.3,19.4,19.2,19.28,19,19.3,15,Rounding,Multiple Choice,P2Q15_13
What is 69.74 rounded to the nearest tenth?,,69.8,70,69.7,69.6,69.74,69.7,15,Rounding,Multiple Choice,P2Q15_14
What is 91.33 rounded to the nearest tenth?,,91.33,91.3,91,92.3,91.4,91.3,15,Rounding,Multiple Choice,P2Q15_15
What is 15.37 rounded to the nearest tenth?,,15,15.37,15.4,15.9,15.3,15.4,15,Rounding,Multiple Choice,P2Q15_16
What is 7.91 rounded to the nearest tenth?,,8.4,8,7.9,7.91,8.9,7.9,15,Rounding,Multiple Choice,P2Q15_17
What is 95.41 rounded to the nearest tenth?,,95.4,94.4,95,95.5,95.41,95.4,15,Rounding,Multiple Choice,P2Q15_18
What is 53.42 rounded to the nearest tenth?,,53.4,53.42,53.5,53,53.3,53.4,15,Rounding,Multiple Choice,P2Q15_19
What is 21.71 rounded to the nearest tenth?,,21.8,21.6,21.71,21.7,22,21.7,15,Rounding,Multiple Choice,P2Q15_20
What is 22.66 rounded to the nearest tenth?,,22.7,23,22.2,22.6,22.66,22.7,15,Rounding,Multiple Choice,P2Q15_21
What is 27.56 rounded to the nearest tenth?,,27.6,27.56,27.1,28,27.5,27.6,15,Rounding,Multiple Choice,P2Q15_22
What is 28.59 rounded to the nearest tenth?,,28.59,29,28.5,28.6,29.6,28.6,15,Rounding,Multiple Choice,P2Q15_23
What is 71.15 rounded to the nearest tenth?,,71.2,71.15,71.1,71.7,71,71.2,15,Rounding,Multiple Choice,P2Q15_24
What is 51.61 rounded to the nearest tenth?,,52,51.6,51.7,51.61,51.1,51.6,15,Rounding,Multiple Choice,P2Q15_25
What is 41.02 rounded to the nearest tenth?,,40.5,41,40,41.1,41.02,41,15,Rounding,Multiple Choice,P2Q15_26
What is 43.91 rounded to the nearest tenth?,,44,43.91,43.9,44.9,42.9,43.9,15,Rounding,Multiple Choice,P2Q15_27
What is 10.32 rounded to the nearest tenth?,,10,10.3,10.8,10.4,10.32,10.3,15,Rounding,Multiple Choice,P2Q15_28
What is 3.83 rounded to the nearest tenth?,,3.8,4,3.9,3.83,3.3,3.8,15,Rounding,Multiple Choice,P2Q15_29
What is 72.91 rounded to the nearest tenth?,,73.4,72.9,72.8,73,72.91,72.9,15,Rounding,Multiple Choice,P2Q15_30
What is 21.49 rounded to the nearest tenth?,,21.5,21.4,20.5,21.49,21,21.5,15,Rounding,Multiple Choice,P2Q15_31
What is 89.26 rounded to the nearest tenth?,,89,89.26,89.2,89.4,89.3,89.3,15,Rounding,Multiple Choice,P2Q15_32
What is 19.94 rounded to the nearest tenth?,,19.4,20,19.9,19.94,19.8,19.9,15,Rounding,Multiple Choice,P2Q15_33
What is 3.64 rounded to the nearest tenth?,,3.6,3.7,4,3.64,3.1,3.6,15,Rounding,Multiple Choice,P2Q15_34
What is 29.08 rounded to the nearest tenth?,,29,28.6,29.08,29.2,29.1,29.1,15,Rounding,Multiple Choice,P2Q15_35
What is 33.75 rounded to the nearest tenth?,,33.8,34,33.9,33.75,33.7,33.8,15,Rounding,Multiple Choice,P2Q15_36
What is 66.29 rounded to the nearest tenth?,,66.29,66.3,66.8,66,66.2,66.3,15,Rounding,Multiple Choice,P2Q15_37
What is 14.56 rounded to the nearest tenth?,,14.6,14.56,15.1,14.5,15,14.6,15,Rounding,Multiple Choice,P2Q15_38
What is 83.64 rounded to the nearest tenth?,,83.64,83.6,83.1,83.7,84,83.6,15,Rounding,Multiple Choice,P2Q15_39
What is 30.73 rounded to the nearest tenth?,,30.7,31,30.73,30.8,29.7,30.7,15,Rounding,Multiple Choice,P2Q15_40
What is 61.85 rounded to the nearest tenth?,,61.85,61.9,61.8,62,61.4,61.9,15,Rounding,Multiple Choice,P2Q15_41
What is 73.28 rounded to the nearest tenth?,,73.8,73,73.28,73.2,73.3,73.3,15,Rounding,Multiple Choice,P2Q15_42
What is 71.23 rounded to the nearest tenth?,,71,71.2,71.23,71.3,70.2,71.2,15,Rounding,Multiple Choice,P2Q15_43
What is 91.64 rounded to the nearest tenth?,,92,91.7,91.64,90.6,91.6,91.6,15,Rounding,Multiple Choice,P2Q15_44
What is 67.11 rounded to the nearest tenth?,,67.11,67,67.2,67.1,66.6,67.1,15,Rounding,Multiple Choice,P2Q15_45
What is 44.44 rounded to the nearest tenth?,,45.4,44.5,44.4,44.44,44,44.4,15,Rounding,Multiple Choice,P2Q15_46
What is 98.34 rounded to the nearest tenth?,,97.3,98.4,98,98.3,98.34,98.3,15,Rounding,Multiple Choice,P2Q15_47
What is 26.56 rounded to the nearest tenth?,,27,26.56,26.6,26.5,27.6,26.6,15,Rounding,Multiple Choice,P2Q15_48
What is 22.52 rounded to the nearest tenth?,,22,22.6,22.52,22.5,23,22.5,15,Rounding,Multiple Choice,P2Q15_49
What is 85.79 rounded to the nearest tenth?,,85.3,85.8,85.79,86,85.7,85.8,15,Rounding,Multiple Choice,P2Q15_50
Isabella halves his grandma's age. He then adds 2. The result is 43. How old is his grandma?,,82,41,90,80,84,82,15,Algebra,Text,P3Q15_1
Jack halves his mum's age. He then adds 12. The result is 35. How old is his mum?,,23,48,56,46,44,46,15,Algebra,Text,P3Q15_2
Theodore halves his grandad's age. He then subtracts 3. The result is 37. How old is his grandad?,,80,77,40,78,68,80,15,Algebra,Text,P3Q15_3
Oliver halves his grandma's age. He then adds 6. The result is 42. How old is his grandma?,,36,96,74,72,70,72,15,Algebra,Text,P3Q15_4
Liam halves his grandma's age. He then adds 14. The result is 45. How old is his grandma?,,118,72,76,60,62,62,15,Algebra,Text,P3Q15_5
Harry halves his dad's age. He then takes away 6. The result is 22. How old is his dad?,,32,66,56,54,50,56,15,Algebra,Text,P3Q15_6
Charlotte halves her dad's age. She then adds 10. The result is 40. How old is her dad?,,100,60,70,58,30,60,15,Algebra,Text,P3Q15_7
Oliver halves his grandad's age. He then subtracts 18. The result is 21. How old is his grandad?,,78,39,80,6,76,78,15,Algebra,Text,P3Q15_8
Harper halves his grandma's age. He then adds 15. The result is 46. How old is his grandma?,,60,62,72,122,77,62,15,Algebra,Text,P3Q15_9
Noah halves his uncle's age. He then subtracts 21. The result is 5. How old is his uncle?,,50,52,26,54,62,52,15,Algebra,Text,P3Q15_10
Jack halves his uncle's age. He then adds 19. The result is 37. How old is his uncle?,,46,112,36,34,38,36,15,Algebra,Text,P3Q15_11
Harper halves his uncle's age. He then takes away 3. The result is 12. How old is his uncle?,,27,40,30,18,15,30,15,Algebra,Text,P3Q15_12
Ruby halves her aunt's age. She then adds 12. The result is 27. How old is her aunt?,,40,15,30,42,78,30,15,Algebra,Text,P3Q15_13
Liam halves his grandma's age. He then subtracts 15. The result is 27. How old is his grandma?,,42,86,69,84,82,84,15,Algebra,Text,P3Q15_14
Benjamin halves her aunt's age. She then takes away 18. The result is 6. How old is her aunt?,,46,58,50,48,24,48,15,Algebra,Text,P3Q15_15
Amelia halves her mum's age. She then adds 2. The result is 30. How old is her mum?,,66,56,54,58,64,56,15,Algebra,Text,P3Q15_16
Liam halves her uncle's age. She then takes away 12. The result is 8. How old is her uncle?,,38,40,50,20,42,40,15,Algebra,Text,P3Q15_17
Grace halves her grandad's age. She then subtracts 17. The result is 28. How old is her grandad?,,22,88,45,90,73,90,15,Algebra,Text,P3Q15_18
Ava halves his uncle's age. He then adds 7. The result is 35. How old is his uncle?,,54,84,56,66,58,56,15,Algebra,Text,P3Q15_19
James halves her uncle's age. She then adds 8. The result is 34. How old is her uncle?,,52,54,50,84,26,52,15,Algebra,Text,P3Q15_20
Henry halves her grandma's age. She then adds 15. The result is 50. How old is her grandma?,,68,70,130,35,72,70,15,Algebra,Text,P3Q15_21
Oliver halves his dad's age. He then subtracts 1. The result is 27. How old is his dad?,,56,54,52,55,66,56,15,Algebra,Text,P3Q15_22
Liam halves his grandad's age. He then subtracts 3. The result is 40. How old is his grandad?,,74,83,86,43,84,86,15,Algebra,Text,P3Q15_23
Elijah halves his grandma's age. He then takes away 18. The result is 16. How old is his grandma?,,34,66,68,78,70,68,15,Algebra,Text,P3Q15_24
Benjamin halves her dad's age. She then adds 8. The result is 25. How old is her dad?,,34,42,36,66,32,34,15,Algebra,Text,P3Q15_25
Jack halves her mum's age. She then adds 9. The result is 28. How old is her mum?,,47,74,36,40,38,38,15,Algebra,Text,P3Q15_26
Jack halves his aunt's age. He then takes away 7. The result is 22. How old is his aunt?,,60,51,56,68,58,58,15,Algebra,Text,P3Q15_27
Oliver halves his mum's age. He then takes away 10. The result is 16. How old is his mum?,,50,42,54,12,52,52,15,Algebra,Text,P3Q15_28
Jack halves her aunt's age. She then takes away 2. The result is 20. How old is her aunt?,,42,36,46,22,44,44,15,Algebra,Text,P3Q15_29
Noah halves her grandad's age. She then takes away 12. The result is 31. How old is her grandad?,,38,43,86,84,74,86,15,Algebra,Text,P3Q15_30
Oliver halves his mum's age. He then takes away 15. The result is 7. How old is his mum?,,22,54,42,44,46,44,15,Algebra,Text,P3Q15_31
Charlotte halves his grandma's age. He then adds 12. The result is 47. How old is his grandma?,,68,70,72,35,80,70,15,Algebra,Text,P3Q15_32
Amelia halves her dad's age. She then adds 20. The result is 43. How old is her dad?,,66,46,48,23,44,46,15,Algebra,Text,P3Q15_33
Leo halves her mum's age. She then adds 9. The result is 26. How old is her mum?,,43,70,36,34,32,34,15,Algebra,Text,P3Q15_34
Harper halves her grandma's age. She then adds 19. The result is 53. How old is her grandma?,,68,66,34,70,78,68,15,Algebra,Text,P3Q15_35
Liam halves her mum's age. She then takes away 5. The result is 17. How old is her mum?,,42,46,44,39,22,44,15,Algebra,Text,P3Q15_36
Noah halves his aunt's age. He then adds 12. The result is 41. How old is his aunt?,,68,56,106,70,58,58,15,Algebra,Text,P3Q15_37
Noah halves her dad's age. She then adds 3. The result is 27. How old is her dad?,,24,50,51,46,48,48,15,Algebra,Text,P3Q15_38
Leo halves her grandad's age. She then adds 8. The result is 38. How old is her grandad?,,92,30,60,70,58,60,15,Algebra,Text,P3Q15_39
Ruby halves her mum's age. She then subtracts 16. The result is 10. How old is her mum?,,54,26,52,36,50,52,15,Algebra,Text,P3Q15_40
Liam halves her aunt's age. She then takes away 5. The result is 10. How old is her aunt?,,10,30,40,15,25,30,15,Algebra,Text,P3Q15_41
Theodore halves her grandma's age. She then takes away 1. The result is 40. How old is her grandma?,,80,81,41,78,82,82,15,Algebra,Text,P3Q15_42
Charlotte halves his aunt's age. He then subtracts 7. The result is 23. How old is his aunt?,,30,53,70,60,58,60,15,Algebra,Text,P3Q15_43
Elijah halves her aunt's age. She then subtracts 4. The result is 19. How old is her aunt?,,23,42,48,44,46,46,15,Algebra,Text,P3Q15_44
James halves his dad's age. He then adds 19. The result is 49. How old is his dad?,,136,58,79,60,30,60,15,Algebra,Text,P3Q15_45
Liam halves his uncle's age. He then subtracts 8. The result is 14. How old is his uncle?,,44,42,36,46,12,44,15,Algebra,Text,P3Q15_46
Leo halves her aunt's age. She then adds 6. The result is 26. How old is her aunt?,,40,64,38,46,42,40,15,Algebra,Text,P3Q15_47
Noah halves her mum's age. She then adds 2. The result is 27. How old is her mum?,,48,58,52,25,50,50,15,Algebra,Text,P3Q15_48
William halves her grandma's age. She then subtracts 25. The result is 19. How old is her grandma?,,88,44,98,86,90,88,15,Algebra,Text,P3Q15_49
Henry halves his grandad's age. He then adds 19. The result is 54. How old is his grandad?,,68,72,80,35,70,70,15,Algebra,Text,P3Q15_50
How many of the shapes below are trapeziums?,P4Q15_1.png,1,4,5,3,0,3,15,Geometry,Multiple Choice,P4Q15_1
How many of the shapes below are trapeziums?,P4Q15_10.png,5,0,3,4,1,3,15,Geometry,Multiple Choice,P4Q15_10
How many of the shapes below are trapeziums?,P4Q15_11.png,5,1,4,3,0,3,15,Geometry,Multiple Choice,P4Q15_11
Which of these is most likely to be the capacity of a bucket of water?,,10 ml,100 litres,20 ml,300 ml,10 litres,10 litres,16,Measures,Multiple Choice,P2Q16_1
Which of these is most likely to be the capacity of a large soup saucepan?,,50 ml,300 litres,2 litres,500 ml,3 litres,3 litres,16,Measures,Multiple Choice,P2Q16_2
Which of these is most likely to be the capacity of a small carton of fruit juice?,,200 ml,300 litres,50 ml,2 litres,200 litres,200 ml,16,Measures,Multiple Choice,P2Q16_3
Which of these is most likely to be the capacity of a large soup saucepan?,,3 litres,2 litres,3 ml,100 litres,500 ml,3 litres,16,Measures,Multiple Choice,P2Q16_4
Which of these is most likely to be the capacity of a car fuel tank?,,500 ml,5 litres,100 litres,5000 ml,50 litres,50 litres,16,Measures,Multiple Choice,P2Q16_5
Which of these is most likely to be the capacity of a standard bathtub?,,15000 litres,300 litres,10 ml,50 ml,150 litres,150 litres,16,Measures,Multiple Choice,P2Q16_6
Which of these is most likely to be the capacity of a car fuel tank?,,5000 litres,500 ml,1 litre,50 litres,5000 ml,50 litres,16,Measures,Multiple Choice,P2Q16_7
Which of these is most likely to be the capacity of a large bottle of lemonade?,,1 litre,10 ml,20 litres,2 ml,2 litres,2 litres,16,Measures,Multiple Choice,P2Q16_8
Which of these is most likely to be the capacity of a can of cola?,,330 litres,50 ml,330 ml,3300 ml,300 litres,330 ml,16,Measures,Multiple Choice,P2Q16_9
Which of these is most likely to be the capacity of a bucket of water?,,500 ml,1000 ml,10 litres,5 litres,300 ml,10 litres,16,Measures,Multiple Choice,P2Q16_10
Which of these is most likely to be the capacity of a large bottle of lemonade?,,200 litres,2 litres,10 ml,20 litres,1 litre,2 litres,16,Measures,Multiple Choice,P2Q16_11
Which of these is most likely to be the capacity of a teaspoon of medicine?,,5 litres,2 litres,20 ml,5 ml,50 ml,5 ml,16,Measures,Multiple Choice,P2Q16_12
Which of these is most likely to be the capacity of a bucket of water?,,1000 ml,50 ml,10 ml,10 litres,100 litres,10 litres,16,Measures,Multiple Choice,P2Q16_13
Which of these is most likely to be the capacity of a large soup saucepan?,,300 litres,300 ml,1 litre,20 ml,3 litres,3 litres,16,Measures,Multiple Choice,P2Q16_14
Which of these is most likely to be the capacity of a small carton of fruit juice?,,1 litre,5 litres,300 ml,20 ml,200 ml,200 ml,16,Measures,Multiple Choice,P2Q16_15
Which of these is most likely to be the capacity of a small carton of fruit juice?,,5 litres,20.0 ml,10 ml,200 litres,200 ml,200 ml,16,Measures,Multiple Choice,P2Q16_16
Which of these is most likely to be the capacity of a swimming pool?,,"50,000 litres",5 litres,50000 ml,10 ml,1 litre,"50,000 litres",16,Measures,Multiple Choice,P2Q16_17
Which of these is most likely to be the capacity of a can of cola?,,330 litres,330 ml,1 litre,300 litres,500 ml,330 ml,16,Measures,Multiple Choice,P2Q16_18
Which of these is most likely to be the capacity of a small carton of fruit juice?,,1 litre,20 ml,2 litres,50 ml,200 ml,200 ml,16,Measures,Multiple Choice,P2Q16_19
Which of these is most likely to be the capacity of a large bottle of lemonade?,,2 litres,50 ml,500 ml,200 litres,2 ml,2 litres,16,Measures,Multiple Choice,P2Q16_20
Which of these is most likely to be the capacity of a bucket of water?,,100 litres,1000 litres,10 litres,2 litres,5 litres,10 litres,16,Measures,Multiple Choice,P2Q16_21
Which of these is most likely to be the capacity of an eyedropper?,,50 ml,10 ml,100 litres,300 litres,1 ml,1 ml,16,Measures,Multiple Choice,P2Q16_22
Which of these is most likely to be the capacity of a small carton of fruit juice?,,200 litres,300 litres,200 ml,20 ml,10 ml,200 ml,16,Measures,Multiple Choice,P2Q16_23
Which of these is most likely to be the capacity of a bucket of water?,,1000 litres,10 litres,20 ml,1 litre,300 litres,10 litres,16,Measures,Multiple Choice,P2Q16_24
Which of these is most likely to be the capacity of a large soup saucepan?,,30 litres,300 litres,100 litres,3 litres,300 ml,3 litres,16,Measures,Multiple Choice,P2Q16_25
Which of these is most likely to be the capacity of a washing up bowl?,,10 ml,800 litres,8 litres,80 litres,50 ml,8 litres,16,Measures,Multiple Choice,P2Q16_26
Which of these is most likely to be the capacity of a standard mug of tea?,,250 ml,1 litre,2 litres,25.0 ml,250 litres,250 ml,16,Measures,Multiple Choice,P2Q16_27
Which of these is most likely to be the capacity of a bucket of water?,,1000 litres,300 ml,100 litres,5 litres,10 litres,10 litres,16,Measures,Multiple Choice,P2Q16_28
Which of these is most likely to be the capacity of a large bottle of lemonade?,,300 ml,20 litres,2 litres,200 litres,200 ml,2 litres,16,Measures,Multiple Choice,P2Q16_29
Which of these is most likely to be the capacity of a bucket of water?,,1000 ml,300 ml,10 ml,1000 litres,10 litres,10 litres,16,Measures,Multiple Choice,P2Q16_30
Which of these is most likely to be the capacity of a can of cola?,,33.0 ml,330 ml,2 litres,500 ml,3300 ml,330 ml,16,Measures,Multiple Choice,P2Q16_31
Which of these is most likely to be the capacity of an eyedropper?,,50 ml,1 ml,10 ml,100 litres,300 ml,1 ml,16,Measures,Multiple Choice,P2Q16_32
Which of these is most likely to be the capacity of a bucket of water?,,1000 litres,300 ml,300 litres,10 litres,2 litres,10 litres,16,Measures,Multiple Choice,P2Q16_33
Which of these is most likely to be the capacity of a bucket of water?,,1000 ml,1000 litres,10 litres,1 litre,500 ml,10 litres,16,Measures,Multiple Choice,P2Q16_34
Which of these is most likely to be the capacity of a standard bathtub?,,150 litres,150 ml,2 litres,300 litres,1500 litres,150 litres,16,Measures,Multiple Choice,P2Q16_35
Which of these is most likely to be the capacity of a bucket of water?,,2 litres,10 litres,300 ml,5 litres,1 litre,10 litres,16,Measures,Multiple Choice,P2Q16_36
Which of these is most likely to be the capacity of a bucket of water?,,10 litres,10 ml,1 litre,500 ml,1000 litres,10 litres,16,Measures,Multiple Choice,P2Q16_37
Which of these is most likely to be the capacity of a car fuel tank?,,50 ml,1 litre,50 litres,500 litres,300 ml,50 litres,16,Measures,Multiple Choice,P2Q16_38
Which of these is most likely to be the capacity of a large soup saucepan?,,300 litres,100 litres,3 litres,5 litres,50 ml,3 litres,16,Measures,Multiple Choice,P2Q16_39
Which of these is most likely to be the capacity of a bucket of water?,,10 litres,10 ml,2 litres,1 litre,1000 ml,10 litres,16,Measures,Multiple Choice,P2Q16_40
Which of these is most likely to be the capacity of a washing up bowl?,,800 ml,8 litres,800 litres,50 ml,10 ml,8 litres,16,Measures,Multiple Choice,P2Q16_41
Which of these is most likely to be the capacity of a can of cola?,,330 ml,20 ml,50 ml,300 litres,500 ml,330 ml,16,Measures,Multiple Choice,P2Q16_42
Which of these is most likely to be the capacity of a bucket of water?,,5 litres,20 ml,500 ml,100 litres,10 litres,10 litres,16,Measures,Multiple Choice,P2Q16_43
Which of these is most likely to be the capacity of a teaspoon of medicine?,,1 litre,0.5 ml,100 litres,5 ml,500 ml,5 ml,16,Measures,Multiple Choice,P2Q16_44
Which of these is most likely to be the capacity of a washing up bowl?,,8 ml,8 litres,50 ml,300 litres,10 ml,8 litres,16,Measures,Multiple Choice,P2Q16_45
Which of these is most likely to be the capacity of a bucket of water?,,10 ml,50 ml,20 ml,300 ml,10 litres,10 litres,16,Measures,Multiple Choice,P2Q16_46
Which of these is most likely to be the capacity of a standard mug of tea?,,250 ml,500 ml,20 ml,1 litre,5 litres,250 ml,16,Measures,Multiple Choice,P2Q16_47
Which of these is most likely to be the capacity of a bucket of water?,,100 litres,500 ml,10 ml,2 litres,10 litres,10 litres,16,Measures,Multiple Choice,P2Q16_48
Which of these is most likely to be the capacity of a car fuel tank?,,10 ml,50 litres,5000 ml,50 ml,100 litres,50 litres,16,Measures,Multiple Choice,P2Q16_49
Which of these is most likely to be the capacity of a car fuel tank?,,50 litres,100 litres,500 litres,1 litre,50 ml,50 litres,16,Measures,Multiple Choice,P2Q16_50
Which of these words has a horizontal line of symmetry?,,WAY,AVA,TOP,YES,HIDE,HIDE,16,Geometry - Symmetry,Text,P3Q16_1
Which of these words has a vertical line of symmetry?,,BEE,PET,MUM,HUT,VET,MUM,16,Geometry - Symmetry,Text,P3Q16_2
Which of these words has a vertical line of symmetry?,,ROT,MOM,DECK,YOU,LOT,MOM,16,Geometry - Symmetry,Text,P3Q16_3
Which of these words has a horizontal line of symmetry?,,TUT,HOE,RAT,ROT,WHO,HOE,16,Geometry - Symmetry,Text,P3Q16_4
Which of these words has a vertical line of symmetry?,,DECK,VAN,WAW,HUT,ZIP,WAW,16,Geometry - Symmetry,Text,P3Q16_5
Which of these words has a horizontal line of symmetry?,,TAG,BOOK,CAT,MAT,YAY,BOOK,16,Geometry - Symmetry,Text,P3Q16_6
Which of these words has a vertical line of symmetry?,,ASK,TEN,COOK,YOU,OTTO,OTTO,16,Geometry - Symmetry,Text,P3Q16_7
Which of these words has a vertical line of symmetry?,,HIKE,WAY,RUG,SET,AVA,AVA,16,Geometry - Symmetry,Text,P3Q16_8
Which of these words has a vertical line of symmetry?,,TOP,TAG,TAO,BOB,YAY,YAY,16,Geometry - Symmetry,Text,P3Q16_9
Which of these words has a vertical line of symmetry?,,NOT,KICK,THAW,PET,OVO,OVO,16,Geometry - Symmetry,Text,P3Q16_10
Which of these words has a horizontal line of symmetry?,,MIT,BIKE,MUM,NAP,POT,BIKE,16,Geometry - Symmetry,Text,P3Q16_11
Which of these words has a vertical line of symmetry?,,WET,BOD,DOG,AHA,WAY,AHA,16,Geometry - Symmetry,Text,P3Q16_12
Which of these words has a vertical line of symmetry?,,TAO,TAN,OTTO,SUN,BIB,OTTO,16,Geometry - Symmetry,Text,P3Q16_13
Which of these words has a vertical line of symmetry?,,DOG,YES,COD,HUT,OTTO,OTTO,16,Geometry - Symmetry,Text,P3Q16_14
Which of these words has a horizontal line of symmetry?,,CODE,ZIP,AHA,TEN,HAT,CODE,16,Geometry - Symmetry,Text,P3Q16_15
Which of these words has a vertical line of symmetry?,,SUN,BOD,RUG,HUT,OVO,OVO,16,Geometry - Symmetry,Text,P3Q16_16
Which of these words has a vertical line of symmetry?,,RUN,WOW,BIO,POT,TOW,WOW,16,Geometry - Symmetry,Text,P3Q16_17
Which of these words has a vertical line of symmetry?,,TOP,TOOT,WHO,COOK,TAN,TOOT,16,Geometry - Symmetry,Text,P3Q16_18
Which of these words has a vertical line of symmetry?,,PEN,BOO,OVO,POT,HOT,OVO,16,Geometry - Symmetry,Text,P3Q16_19
Which of these words has a horizontal line of symmetry?,,TAG,HIT,WOW,WIN,BIKE,BIKE,16,Geometry - Symmetry,Text,P3Q16_20
Which of these words has a vertical line of symmetry?,,DOCK,TOOT,LET,HOT,ZIP,TOOT,16,Geometry - Symmetry,Text,P3Q16_21
Which of these words has a horizontal line of symmetry?,,AVA,MAP,TAP,BIO,MOT,BIO,16,Geometry - Symmetry,Text,P3Q16_22
Which of these words has a horizontal line of symmetry?,,COB,UHU,VET,TOW,MAP,COB,16,Geometry - Symmetry,Text,P3Q16_23
Which of these words has a vertical line of symmetry?,,ZIP,WIG,UHU,WHY,COOK,UHU,16,Geometry - Symmetry,Text,P3Q16_24
Which of these words has a horizontal line of symmetry?,,MAM,DOG,VAT,BID,LOT,BID,16,Geometry - Symmetry,Text,P3Q16_25
Which of these words has a vertical line of symmetry?,,TOT,COB,YES,VOW,RUG,TOT,16,Geometry - Symmetry,Text,P3Q16_26
Which of these words has a vertical line of symmetry?,,GET,VAV,PAT,BIO,HUT,VAV,16,Geometry - Symmetry,Text,P3Q16_27
Which of these words has a vertical line of symmetry?,,COB,YES,TEN,MAT,MIM,MIM,16,Geometry - Symmetry,Text,P3Q16_28
Which of these words has a horizontal line of symmetry?,,TOT,THAW,BOD,WIN,RUG,BOD,16,Geometry - Symmetry,Text,P3Q16_29
Which of these words has a vertical line of symmetry?,,WUW,CAT,RUN,MUT,BOOK,WUW,16,Geometry - Symmetry,Text,P3Q16_30
"Look at this number line.
What number does the arrow point to?",P4Q16_1.png,8.41,8.53,8.54,8.64,8.55,8.54,16,Decimals,Multiple Choice,P4Q16_1
"Look at this number line.
What number does the arrow point to?",P4Q16_2.png,5.8,5.83,5.92,5.81,5.82,5.82,16,Decimals,Multiple Choice,P4Q16_2
"Look at this number line.
What number does the arrow point to?",P4Q16_3.png,1.76,1.86,1.64,1.75,1.77,1.76,16,Decimals,Multiple Choice,P4Q16_3
"Look at this number line.
What number does the arrow point to?",P4Q16_4.png,3.71,3.64,3.74,3.63,3.65,3.64,16,Decimals,Multiple Choice,P4Q16_4
"Look at this number line.
What number does the arrow point to?",P4Q16_5.png,8.31,8.1,8.4,8.29,8.3,8.3,16,Decimals,Multiple Choice,P4Q16_5
"Look at this number line.
What number does the arrow point to?",P4Q16_6.png,2.75,2.78,2.76,2.87,2.77,2.77,16,Decimals,Multiple Choice,P4Q16_6
"Look at this number line.
What number does the arrow point to?",P4Q16_7.png,6.38,6.36,6.37,6.47,6.32,6.37,16,Decimals,Multiple Choice,P4Q16_7
"Look at this number line.
What number does the arrow point to?",P4Q16_8.png,4.59,4.45,4.49,4.48,4.5,4.49,16,Decimals,Multiple Choice,P4Q16_8
"Look at this number line.
What number does the arrow point to?",P4Q16_9.png,8.82,8.93,8.83,8.84,8.98,8.83,16,Decimals,Multiple Choice,P4Q16_9
"Look at this number line.
What number does the arrow point to?",P4Q16_10.png,5.87,5.65,5.89,5.88,5.98,5.88,16,Decimals,Multiple Choice,P4Q16_10
"Look at this number line.
What number does the arrow point to?",P4Q16_11.png,1.41,1.27,1.4,1.5,1.39,1.4,16,Decimals,Multiple Choice,P4Q16_11
"Look at this number line.
What number does the arrow point to?",P4Q16_12.png,8.8,8.81,8.83,8.82,8.91,8.81,16,Decimals,Multiple Choice,P4Q16_12
"Look at this number line.
What number does the arrow point to?",P4Q16_13.png,4.6,4.62,4.61,4.67,4.71,4.61,16,Decimals,Multiple Choice,P4Q16_13
"Look at this number line.
What number does the arrow point to?",P4Q16_14.png,7.24,7.23,7.34,7.25,7.26,7.24,16,Decimals,Multiple Choice,P4Q16_14
"Look at this number line.
What number does the arrow point to?",P4Q16_15.png,6.46,6.57,6.47,6.48,6.41,6.47,16,Decimals,Multiple Choice,P4Q16_15
"Look at this number line.
What number does the arrow point to?",P4Q16_16.png,5.34,5.44,5.33,5.53,5.35,5.34,16,Decimals,Multiple Choice,P4Q16_16
"Look at this number line.
What number does the arrow point to?",P4Q16_17.png,5.07,4.91,4.98,4.97,4.96,4.97,16,Decimals,Multiple Choice,P4Q16_17
"Look at this number line.
What number does the arrow point to?",P4Q16_18.png,5.39,5.28,5.29,5.46,5.3,5.29,16,Decimals,Multiple Choice,P4Q16_18
"Look at this number line.
What number does the arrow point to?",P4Q16_19.png,6.7,6.59,6.5,6.61,6.6,6.6,16,Decimals,Multiple Choice,P4Q16_19
"Look at this number line.
What number does the arrow point to?",P4Q16_20.png,8.52,8.61,8.64,8.5,8.51,8.51,16,Decimals,Multiple Choice,P4Q16_20
"In 11 years' time, Amul's cat will be 27 years old. How old was the cat 1 years ago?",,13,17,26,16,15,15,17,Word Problems,Text,P2Q17_1
"In 8 years' time, Kim's dog will be 16 years old. How old was the dog 5 years ago?",,3,1,11,5,8,3,17,Word Problems,Text,P2Q17_2
"In 3 years' time, Peter's dog will be 10 years old. How old was the dog 1 years ago?",,9,8,4,7,6,6,17,Word Problems,Text,P2Q17_3
"In 4 years' time, Amul's cat will be 29 years old. How old was the cat 7 years ago?",,32,20,16,18,22,18,17,Word Problems,Text,P2Q17_4
"In 10 years' time, Kim's hamster will be 20 years old. How old was the hamster 1 years ago?",,7,11,9,10,19,9,17,Word Problems,Text,P2Q17_5
"In 11 years' time, Debra's brother will be 35 years old. How old was the brother 22 years ago?",,2,46,13,7,4,2,17,Word Problems,Text,P2Q17_6
"In 12 years' time, Kim's sister will be 24 years old. How old was the sister 3 years ago?",,15,12,7,11,9,9,17,Word Problems,Text,P2Q17_7
"In 5 years' time, Kim's hamster will be 15 years old. How old was the hamster 4 years ago?",,8,11,10,4,6,6,17,Word Problems,Text,P2Q17_8
"In 4 years' time, Amul's brother will be 21 years old. How old was the brother 14 years ago?",,17,7,3,5,1,3,17,Word Problems,Text,P2Q17_9
"In 10 years' time, Anita's dog will be 17 years old. How old was the dog 5 years ago?",,4,7,2,12,11,2,17,Word Problems,Text,P2Q17_10
"In 7 years' time, Sarah's dog will be 20 years old. How old was the dog 6 years ago?",,9,7,13,5,14,7,17,Word Problems,Text,P2Q17_11
"In 5 years' time, Kim's cat will be 14 years old. How old was the cat 3 years ago?",,6,8,9,11,4,6,17,Word Problems,Text,P2Q17_12
"In 10 years' time, Sanjay's dog will be 22 years old. How old was the dog 2 years ago?",,14,10,20,8,12,10,17,Word Problems,Text,P2Q17_13
"In 7 years' time, Sarah's cat will be 15 years old. How old was the cat 6 years ago?",,7,2,9,8,4,2,17,Word Problems,Text,P2Q17_14
"In 4 years' time, Lara's sister will be 26 years old. How old was the sister 7 years ago?",,13,17,22,19,15,15,17,Word Problems,Text,P2Q17_15
"In 7 years' time, Jack's rabbit will be 17 years old. How old was the rabbit 3 years ago?",,10,9,7,13,5,7,17,Word Problems,Text,P2Q17_16
"In 11 years' time, Anita's brother will be 20 years old. How old was the brother 5 years ago?",,6,2,9,4,14,4,17,Word Problems,Text,P2Q17_17
"In 4 years' time, Debra's hamster will be 28 years old. How old was the hamster 21 years ago?",,3,5,45,7,1,3,17,Word Problems,Text,P2Q17_18
"In 8 years' time, Kim's rabbit will be 20 years old. How old was the rabbit 8 years ago?",,6,20,12,4,2,4,17,Word Problems,Text,P2Q17_19
"In 9 years' time, Yasmin's rabbit will be 20 years old. How old was the rabbit 7 years ago?",,2,13,4,6,11,4,17,Word Problems,Text,P2Q17_20
"In 8 years' time, Amul's hamster will be 21 years old. How old was the hamster 11 years ago?",,4,7,13,10,2,2,17,Word Problems,Text,P2Q17_21
"In 3 years' time, Peter's hamster will be 13 years old. How old was the hamster 2 years ago?",,12,8,11,10,6,8,17,Word Problems,Text,P2Q17_22
"In 8 years' time, Sanjay's cat will be 22 years old. How old was the cat 1 years ago?",,15,21,13,14,11,13,17,Word Problems,Text,P2Q17_23
"In 6 years' time, Ben's dog will be 22 years old. How old was the dog 5 years ago?",,16,13,9,17,11,11,17,Word Problems,Text,P2Q17_24
"In 7 years' time, John's hamster will be 23 years old. How old was the hamster 6 years ago?",,17,10,8,12,16,10,17,Word Problems,Text,P2Q17_25
"In 7 years' time, Ben's brother will be 17 years old. How old was the brother 6 years ago?",,2,4,10,6,11,4,17,Word Problems,Text,P2Q17_26
"In 10 years' time, Anita's dog will be 23 years old. How old was the dog 4 years ago?",,7,11,13,9,17,9,17,Word Problems,Text,P2Q17_27
"In 4 years' time, Nina's cousin will be 23 years old. How old was the cousin 14 years ago?",,7,33,9,3,5,5,17,Word Problems,Text,P2Q17_28
"In 11 years' time, Amul's sister will be 23 years old. How old was the sister 5 years ago?",,5,7,17,9,12,7,17,Word Problems,Text,P2Q17_29
"In 3 years' time, Rajiv's rabbit will be 25 years old. How old was the rabbit 4 years ago?",,22,16,21,18,20,18,17,Word Problems,Text,P2Q17_30
"In 6 years' time, Ben's dog will be 15 years old. How old was the dog 6 years ago?",,9,3,1,15,5,3,17,Word Problems,Text,P2Q17_31
"In 11 years' time, Rajiv's cat will be 22 years old. How old was the cat 1 years ago?",,12,10,21,11,8,10,17,Word Problems,Text,P2Q17_32
"In 8 years' time, Jack's rabbit will be 30 years old. How old was the rabbit 18 years ago?",,4,12,2,6,40,4,17,Word Problems,Text,P2Q17_33
"In 11 years' time, Nina's dog will be 30 years old. How old was the dog 14 years ago?",,16,5,7,33,3,5,17,Word Problems,Text,P2Q17_34
"In 8 years' time, Yasmin's dog will be 23 years old. How old was the dog 7 years ago?",,8,16,6,10,15,8,17,Word Problems,Text,P2Q17_35
"In 6 years' time, Debra's hamster will be 22 years old. How old was the hamster 6 years ago?",,10,8,16,22,12,10,17,Word Problems,Text,P2Q17_36
"In 7 years' time, Anita's sister will be 14 years old. How old was the sister 2 years ago?",,7,12,3,5,9,5,17,Word Problems,Text,P2Q17_37
"In 10 years' time, Anita's brother will be 21 years old. How old was the brother 8 years ago?",,1,3,11,5,13,3,17,Word Problems,Text,P2Q17_38
"In 7 years' time, Peter's hamster will be 16 years old. How old was the hamster 3 years ago?",,12,4,6,9,8,6,17,Word Problems,Text,P2Q17_39
"In 9 years' time, Anita's cat will be 28 years old. How old was the cat 10 years ago?",,11,19,7,9,18,9,17,Word Problems,Text,P2Q17_40
"In 10 years' time, Jack's brother will be 20 years old. How old was the brother 3 years ago?",,5,9,13,10,7,7,17,Word Problems,Text,P2Q17_41
"In 3 years' time, Debra's dog will be 15 years old. How old was the dog 3 years ago?",,7,9,11,15,12,9,17,Word Problems,Text,P2Q17_42
"In 9 years' time, Ben's cat will be 22 years old. How old was the cat 10 years ago?",,1,3,5,13,12,3,17,Word Problems,Text,P2Q17_43
"In 12 years' time, Debra's hamster will be 31 years old. How old was the hamster 11 years ago?",,19,20,6,8,10,8,17,Word Problems,Text,P2Q17_44
"In 5 years' time, Nina's hamster will be 19 years old. How old was the hamster 2 years ago?",,10,16,12,17,14,12,17,Word Problems,Text,P2Q17_45
"In 6 years' time, Yasmin's brother will be 14 years old. How old was the brother 6 years ago?",,2,4,14,8,7,2,17,Word Problems,Text,P2Q17_46
"In 11 years' time, Ben's hamster will be 33 years old. How old was the hamster 10 years ago?",,10,22,14,32,12,12,17,Word Problems,Text,P2Q17_47
"In 7 years' time, Anita's rabbit will be 32 years old. How old was the rabbit 13 years ago?",,38,12,19,10,14,12,17,Word Problems,Text,P2Q17_48
"In 7 years' time, Yasmin's brother will be 21 years old. How old was the brother 10 years ago?",,6,2,4,14,11,4,17,Word Problems,Text,P2Q17_49
"In 4 years' time, Amul's hamster will be 27 years old. How old was the hamster 7 years ago?",,16,18,14,23,20,16,17,Word Problems,Text,P2Q17_50
There are 32 shirts in a wardrobe. 1/2 are white. 1/4 are blue. The rest are striped. How many shirts are striped?,,24,12,16,8,5,8,17,Fractions,Text,P3Q17_1
There are 25 shirts in a wardrobe. 2/5 are white. 2/5 are blue. The rest are striped. How many shirts are striped?,,12,20,5,10,6,5,17,Fractions,Text,P3Q17_2
There are 56 sweets in a jar. 1/4 are orange flavour. 1/4 are lemon flavour. The rest are strawberry flavour. How many sweets are strawberry flavour?,,27,42,25,14,28,28,17,Fractions,Text,P3Q17_3
There are 75 shirts in a wardrobe. 1/5 are white. 3/5 are striped. The rest are blue. How many shirts are blue?,,60,15,45,37,30,15,17,Fractions,Text,P3Q17_4
There are 16 pupils in a class. 1/2 go home for lunch. 1/4 buy a school lunch. The rest bring sandwiches. How many pupils bring sandwiches?,,8,12,7,5,4,4,17,Fractions,Text,P3Q17_5
There are 40 cars in a car park. 1/5 are silver. 2/5 are blue. The rest are red. How many cars are red?,,19,8,16,20,24,16,17,Fractions,Text,P3Q17_8
There are 56 trees in a orchard. 1/4 are apple trees. 1/2 are pear trees. The rest are cherry trees. How many trees are cherry trees?,,19,14,28,42,15,14,17,Fractions,Text,P3Q17_9
There are 32 pupils in a class. 1/8 buy a school lunch. 1/2 bring sandwiches. The rest go home for lunch. How many pupils go home for lunch?,,8,12,20,16,4,12,17,Fractions,Text,P3Q17_10
There are 25 trees in a orchard. 2/5 are cherry trees. 1/5 are pear trees. The rest are apple trees. How many trees are apple trees?,,6,5,12,10,15,10,17,Fractions,Text,P3Q17_12
There are 32 sweets in a jar. 1/2 are strawberry flavour. 1/4 are orange flavour. The rest are lemon flavour. How many sweets are lemon flavour?,,10,16,24,7,8,8,17,Fractions,Text,P3Q17_13
There are 30 shirts in a wardrobe. 2/5 are blue. 1/5 are white. The rest are striped. How many shirts are striped?,,15,18,11,6,12,12,17,Fractions,Text,P3Q17_15
There are 104 books in a library section. 3/8 are reference books. 1/2 are fiction. The rest are non-fiction. How many books are non-fiction?,,91,39,52,13,26,13,17,Fractions,Text,P3Q17_16
There are 20 sweets in a jar. 1/2 are orange flavour. 1/4 are lemon flavour. The rest are strawberry flavour. How many sweets are strawberry flavour?,,15,9,7,5,10,5,17,Fractions,Text,P3Q17_17
There are 96 sweets in a jar. 3/8 are strawberry flavour. 3/8 are orange flavour. The rest are lemon flavour. How many sweets are lemon flavour?,,24,72,36,48,12,24,17,Fractions,Text,P3Q17_19
There are 120 trees in a orchard. 5/8 are pear trees. 1/4 are apple trees. The rest are cherry trees. How many trees are cherry trees?,,30,15,60,75,105,15,17,Fractions,Text,P3Q17_20
There are 35 sweets in a jar. 2/5 are lemon flavour. 1/5 are strawberry flavour. The rest are orange flavour. How many sweets are orange flavour?,,7,9,17,14,21,14,17,Fractions,Text,P3Q17_22
There are 112 trees in a orchard. 5/8 are cherry trees. 1/4 are apple trees. The rest are pear trees. How many trees are pear trees?,,14,70,56,98,28,14,17,Fractions,Text,P3Q17_23
There are 70 cars in a car park. 7/10 are blue. 1/10 are silver. The rest are red. How many cars are red?,,35,7,21,49,14,14,17,Fractions,Text,P3Q17_24
There are 20 pupils in a class. 2/5 go home for lunch. 1/5 bring sandwiches. The rest buy a school lunch. How many pupils buy a school lunch?,,8,12,4,9,10,8,17,Fractions,Text,P3Q17_25
There are 80 books in a library section. 3/8 are fiction. 3/8 are reference books. The rest are non-fiction. How many books are non-fiction?,,30,60,20,40,10,20,17,Fractions,Text,P3Q17_28
There are 44 books in a library section. 1/4 are non-fiction. 1/2 are fiction. The rest are reference books. How many books are reference books?,,22,9,13,11,33,11,17,Fractions,Text,P3Q17_29
There are 45 books in a library section. 1/5 are non-fiction. 1/5 are fiction. The rest are reference books. How many books are reference books?,,22,36,27,9,18,27,17,Fractions,Text,P3Q17_30
There are 64 sweets in a jar. 1/8 are orange flavour. 1/8 are strawberry flavour. The rest are lemon flavour. How many sweets are lemon flavour?,,40,8,48,32,16,48,17,Fractions,Text,P3Q17_31
There are 48 sweets in a jar. 1/2 are strawberry flavour. 1/4 are lemon flavour. The rest are orange flavour. How many sweets are orange flavour?,,36,8,12,16,24,12,17,Fractions,Text,P3Q17_33
There are 45 sweets in a jar. 1/5 are orange flavour. 1/5 are strawberry flavour. The rest are lemon flavour. How many sweets are lemon flavour?,,9,27,18,22,36,27,17,Fractions,Text,P3Q17_34
There are 120 sweets in a jar. 1/4 are lemon flavour. 5/8 are strawberry flavour. The rest are orange flavour. How many sweets are orange flavour?,,105,60,30,15,75,15,17,Fractions,Text,P3Q17_35
There are 112 cars in a car park. 5/8 are red. 1/4 are silver. The rest are blue. How many cars are blue?,,98,70,14,56,28,14,17,Fractions,Text,P3Q17_36
There are 25 books in a library section. 1/5 are fiction. 1/5 are reference books. The rest are non-fiction. How many books are non-fiction?,,5,15,12,20,10,15,17,Fractions,Text,P3Q17_37
There are 110 shirts in a wardrobe. 3/10 are blue. 3/10 are white. The rest are striped. How many shirts are striped?,,55,66,33,46,44,44,17,Fractions,Text,P3Q17_38
There are 48 cars in a car park. 1/4 are silver. 1/2 are blue. The rest are red. How many cars are red?,,12,8,36,24,10,12,17,Fractions,Text,P3Q17_39
There are 65 trees in a orchard. 3/5 are pear trees. 1/5 are apple trees. The rest are cherry trees. How many trees are cherry trees?,,52,26,32,13,39,13,17,Fractions,Text,P3Q17_43
There are 88 books in a library section. 1/2 are non-fiction. 3/8 are reference books. The rest are fiction. How many books are fiction?,,77,11,44,33,22,11,17,Fractions,Text,P3Q17_44
There are 56 shirts in a wardrobe. 3/8 are striped. 1/2 are blue. The rest are white. How many shirts are white?,,21,14,7,49,28,7,17,Fractions,Text,P3Q17_45
There are 32 trees in a orchard. 1/8 are cherry trees. 3/8 are pear trees. The rest are apple trees. How many trees are apple trees?,,21,12,16,4,20,16,17,Fractions,Text,P3Q17_46
There are 96 sweets in a jar. 1/2 are orange flavour. 1/8 are strawberry flavour. The rest are lemon flavour. How many sweets are lemon flavour?,,60,24,36,12,48,36,17,Fractions,Text,P3Q17_47
There are 40 pupils in a class. 1/8 go home for lunch. 3/8 bring sandwiches. The rest buy a school lunch. How many pupils buy a school lunch?,,20,25,5,15,18,20,17,Fractions,Text,P3Q17_48
There are 72 trees in a orchard. 1/4 are cherry trees. 5/8 are apple trees. The rest are pear trees. How many trees are pear trees?,,45,63,36,9,18,9,17,Fractions,Text,P3Q17_49
"There are 24 boys and 32 girls in the school chess club.
What fraction of the club is made up of girls?",,32/56,4/3,3/7,3/4,4/7,4/7,17,Fractions,Multiple Choice,P4Q17_1
"There are 40 boys and 24 girls in the school chess club.
What fraction of the club is made up of girls?",,3/5,24/64,5/3,3/8,5/8,3/8,17,Fractions,Multiple Choice,P4Q17_2
"There are 20 boys and 12 girls in the school choir.
What fraction of the club is made up of girls?",,3/5,5/8,12/32,5/3,3/8,3/8,17,Fractions,Multiple Choice,P4Q17_3
"There are 8 boys and 40 girls in the school choir.
What fraction of the club is made up of girls?",,1/5,5/1,40/48,1/6,5/6,5/6,17,Fractions,Multiple Choice,P4Q17_4
"There are 15 boys and 25 girls in the school chess club.
What fraction of the club is made up of girls?",,25/40,5/8,5/3,3/8,3/5,5/8,17,Fractions,Multiple Choice,P4Q17_5
"There are 2 boys and 6 girls in the school chess club.
What fraction of the club is made up of girls?",,3/1,6/8,1/3,3/4,1/4,3/4,17,Fractions,Multiple Choice,P4Q17_6
"There are 50 boys and 30 girls in the school swimming team.
What fraction of the club is made up of girls?",,3/5,30/80,3/8,5/3,5/8,3/8,17,Fractions,Multiple Choice,P4Q17_7
"There are 28 boys and 21 girls in the school swimming team.
What fraction of the club is made up of girls?",,4/3,4/7,21/49,3/7,3/4,3/7,17,Fractions,Multiple Choice,P4Q17_8
"There are 45 boys and 18 girls in the school swimming team.
What fraction of the club is made up of girls?",,2/7,5/7,5/2,18/63,2/5,2/7,17,Fractions,Multiple Choice,P4Q17_9
"There are 32 boys and 24 girls in the school chess club.
What fraction of the club is made up of girls?",,4/3,4/7,3/4,3/7,24/56,3/7,17,Fractions,Multiple Choice,P4Q17_10
"There are 10 boys and 25 girls in the school art club.
What fraction of the club is made up of girls?",,5/2,25/35,2/5,5/7,2/7,5/7,17,Fractions,Multiple Choice,P4Q17_11
"There are 16 boys and 12 girls in the school chess club.
What fraction of the club is made up of girls?",,3/4,12/28,3/7,4/7,4/3,3/7,17,Fractions,Multiple Choice,P4Q17_12
"There are 10 boys and 40 girls in the school art club.
What fraction of the club is made up of girls?",,4/1,4/5,1/4,40/50,1/5,4/5,17,Fractions,Multiple Choice,P4Q17_13
"There are 2 boys and 4 girls in the school art club.
What fraction of the club is made up of girls?",,2/1,1/3,4/6,2/3,1/2,2/3,17,Fractions,Multiple Choice,P4Q17_14
"There are 21 boys and 14 girls in the school art club.
What fraction of the club is made up of girls?",,3/5,3/2,14/35,2/5,2/3,2/5,17,Fractions,Multiple Choice,P4Q17_15
"There are 15 boys and 9 girls in the school art club.
What fraction of the club is made up of girls?",,3/5,9/24,5/3,5/8,3/8,3/8,17,Fractions,Multiple Choice,P4Q17_16
"There are 20 boys and 25 girls in the school swimming team.
What fraction of the club is made up of girls?",,5/9,25/45,4/9,5/4,4/5,5/9,17,Fractions,Multiple Choice,P4Q17_17
"There are 6 boys and 9 girls in the school swimming team.
What fraction of the club is made up of girls?",,3/2,9/15,2/3,2/5,3/5,3/5,17,Fractions,Multiple Choice,P4Q17_18
"There are 21 boys and 7 girls in the school art club.
What fraction of the club is made up of girls?",,3/4,1/3,1/4,3/1,7/28,1/4,17,Fractions,Multiple Choice,P4Q17_19
"There are 8 boys and 2 girls in the school choir.
What fraction of the club is made up of girls?",,1/4,2/10,4/5,1/5,4/1,1/5,17,Fractions,Multiple Choice,P4Q17_20
"There are 24 boys and 12 girls in the school choir.
What fraction of the club is made up of girls?",,2/3,1/3,1/2,2/1,12/36,1/3,17,Fractions,Multiple Choice,P4Q17_21
"There are 36 boys and 9 girls in the school chess club.
What fraction of the club is made up of girls?",,4/1,4/5,9/45,1/5,1/4,1/5,17,Fractions,Multiple Choice,P4Q17_22
"There are 11 boys and 33 girls in the school art club.
What fraction of the club is made up of girls?",,3/1,33/44,1/4,1/3,3/4,3/4,17,Fractions,Multiple Choice,P4Q17_23
"There are 45 boys and 36 girls in the school choir.
What fraction of the club is made up of girls?",,4/9,5/4,36/81,4/5,5/9,4/9,17,Fractions,Multiple Choice,P4Q17_24
"There are 5 boys and 25 girls in the school art club.
What fraction of the club is made up of girls?",,5/6,25/30,5/1,1/6,1/5,5/6,17,Fractions,Multiple Choice,P4Q17_25
"There are 30 boys and 20 girls in the school chess club.
What fraction of the club is made up of girls?",,2/3,2/5,20/50,3/2,3/5,2/5,17,Fractions,Multiple Choice,P4Q17_26
"There are 30 boys and 20 girls in the school choir.
What fraction of the club is made up of girls?",,2/5,2/3,3/2,3/5,20/50,2/5,17,Fractions,Multiple Choice,P4Q17_27
"There are 12 boys and 30 girls in the school choir.
What fraction of the club is made up of girls?",,2/7,5/7,30/42,2/5,5/2,5/7,17,Fractions,Multiple Choice,P4Q17_28
"There are 5 boys and 15 girls in the school choir.
What fraction of the club is made up of girls?",,3/4,1/3,16/20,1/4,3/1,3/4,17,Fractions,Multiple Choice,P4Q17_29
"There are 20 boys and 5 girls in the school swimming team.
What fraction of the club is made up of girls?",,1/5,1/4,4/1,5/25,4/5,1/5,17,Fractions,Multiple Choice,P4Q17_30
"There are 30 boys and 12 girls in the school chess club.
What fraction of the club is made up of girls?",,12/42,2/7,5/7,2/5,5/2,2/7,17,Fractions,Multiple Choice,P4Q17_31
"There are 6 boys and 3 girls in the school art club.
What fraction of the club is made up of girls?",,1/2,2/1,2/3,3/9,1/3,1/3,17,Fractions,Multiple Choice,P4Q17_32
"There are 25 boys and 10 girls in the school choir.
What fraction of the club is made up of girls?",,5/2,2/5,5/7,2/7,10/35,2/7,17,Fractions,Multiple Choice,P4Q17_33
"There are 20 boys and 15 girls in the school choir.
What fraction of the club is made up of girls?",,3/7,4/7,4/3,3/4,15/35,3/7,17,Fractions,Multiple Choice,P4Q17_34
"There are 30 boys and 40 girls in the school chess club.
What fraction of the club is made up of girls?",,4/3,40/70,4/7,3/4,3/7,4/7,17,Fractions,Multiple Choice,P4Q17_35
"There are 10 boys and 40 girls in the school chess club.
What fraction of the club is made up of girls?",,4/1,1/5,4/5,1/4,40/50,4/5,17,Fractions,Multiple Choice,P4Q17_36
"There are 3 boys and 12 girls in the school choir.
What fraction of the club is made up of girls?",,1/4,12/15,1/5,4/5,4/1,4/5,17,Fractions,Multiple Choice,P4Q17_37
"There are 18 boys and 9 girls in the school swimming team.
What fraction of the club is made up of girls?",,2/3,2/1,9/27,1/3,1/2,1/3,17,Fractions,Multiple Choice,P4Q17_38
"There are 4 boys and 8 girls in the school art club.
What fraction of the club is made up of girls?",,1/3,1/2,2/3,8/12,2/1,2/3,17,Fractions,Multiple Choice,P4Q17_39
"There are 55 boys and 11 girls in the school choir.
What fraction of the club is made up of girls?",,11/66,5/6,1/5,1/6,5/1,1/6,17,Fractions,Multiple Choice,P4Q17_40
"There are 20 boys and 12 girls in the school art club.
What fraction of the club is made up of girls?",,12/32,5/3,3/5,3/8,5/8,3/8,17,Fractions,Multiple Choice,P4Q17_41
"There are 4 boys and 8 girls in the school swimming team.
What fraction of the club is made up of girls?",,1/3,2/1,8/12,2/3,1/2,2/3,17,Fractions,Multiple Choice,P4Q17_42
"There are 2 boys and 8 girls in the school art club.
What fraction of the club is made up of girls?",,4/1,8/10,4/5,1/5,1/4,4/5,17,Fractions,Multiple Choice,P4Q17_43
"There are 9 boys and 3 girls in the school swimming team.
What fraction of the club is made up of girls?",,3/1,1/4,3/4,1/3,3/12,1/4,17,Fractions,Multiple Choice,P4Q17_44
"There are 44 boys and 11 girls in the school art club.
What fraction of the club is made up of girls?",,4/5,4/1,1/5,11/55,1/4,1/5,17,Fractions,Multiple Choice,P4Q17_45
"There are 15 boys and 20 girls in the school swimming team.
What fraction of the club is made up of girls?",,4/3,20/35,3/4,3/7,4/7,4/7,17,Fractions,Multiple Choice,P4Q17_46
"There are 9 boys and 3 girls in the school swimming team.
What fraction of the club is made up of girls?",,3/12,3/1,1/4,3/4,1/3,1/4,17,Fractions,Multiple Choice,P4Q17_47
"There are 32 boys and 8 girls in the school chess club.
What fraction of the club is made up of girls?",,1/5,4/1,4/5,1/4,8/40,1/5,17,Fractions,Multiple Choice,P4Q17_48
"There are 18 boys and 45 girls in the school art club.
What fraction of the club is made up of girls?",,5/7,2/5,5/2,45/63,2/7,5/7,17,Fractions,Multiple Choice,P4Q17_49
"There are 16 boys and 4 girls in the school swimming team.
What fraction of the club is made up of girls?",,1/5,4/20,1/4,4/1,4/5,1/5,17,Fractions,Multiple Choice,P4Q17_50
"Anita let me finish his box of chocolates. He had eaten 3/10 of them. If 70 chocolates were left for me, how many had Anita eaten?",,32,35,25,100,30,30,18,Fractions,Text,P2Q18_1
"Ben let me finish his box of sweets. He had eaten 1/4 of them. If 9 sweets were left for me, how many had Ben eaten?",,12,3,9,4,10,3,18,Fractions,Text,P2Q18_2
"Kim let me finish his box of sweets. He had eaten 3/5 of them. If 18 sweets were left for me, how many had Kim eaten?",,26,18,27,22,45,27,18,Fractions,Text,P2Q18_3
"Sanjay let me finish his box of mints. He had eaten 1/3 of them. If 18 mints were left for me, how many had Sanjay eaten?",,9,19,14,13,4,9,18,Fractions,Text,P2Q18_4
"Amul let me finish his box of strawberries. He had eaten 2/3 of them. If 14 strawberries were left for me, how many had Amul eaten?",,28,23,21,42,33,28,18,Fractions,Text,P2Q18_5
"Anita let me finish his box of biscuits. He had eaten 1/4 of them. If 9 biscuits were left for me, how many had Anita eaten?",,-2,2,3,10,9,3,18,Fractions,Text,P2Q18_6
"Jack let me finish his box of chocolates. He had eaten 3/5 of them. If 16 chocolates were left for me, how many had Jack eaten?",,25,29,16,24,20,24,18,Fractions,Text,P2Q18_7
"Jack let me finish his box of biscuits. He had eaten 2/5 of them. If 33 biscuits were left for me, how many had Jack eaten?",,55,35,22,27,17,22,18,Fractions,Text,P2Q18_8
"Amul let me finish his box of chocolates. He had eaten 1/2 of them. If 24 chocolates were left for me, how many had Amul eaten?",,48,29,24,27,26,24,18,Fractions,Text,P2Q18_9
"Jack let me finish his box of biscuits. He had eaten 3/5 of them. If 6 biscuits were left for me, how many had Jack eaten?",,6,7,15,9,14,9,18,Fractions,Text,P2Q18_10
"Lara let me finish his box of chocolates. He had eaten 3/4 of them. If 10 chocolates were left for me, how many had Lara eaten?",,30,31,10,13,35,30,18,Fractions,Text,P2Q18_11
"Peter let me finish his box of mints. He had eaten 1/10 of them. If 99 mints were left for me, how many had Peter eaten?",,110,11,13,16,99,11,18,Fractions,Text,P2Q18_12
"Sarah let me finish his box of strawberries. He had eaten 1/2 of them. If 16 strawberries were left for me, how many had Sarah eaten?",,16,17,32,20,21,16,18,Fractions,Text,P2Q18_13
"Peter let me finish his box of chocolates. He had eaten 3/10 of them. If 84 chocolates were left for me, how many had Peter eaten?",,60,37,36,87,84,36,18,Fractions,Text,P2Q18_14
"John let me finish his box of sweets. He had eaten 2/3 of them. If 12 sweets were left for me, how many had John eaten?",,36,29,24,12,19,24,18,Fractions,Text,P2Q18_15
"Sarah let me finish his box of biscuits. He had eaten 2/3 of them. If 12 biscuits were left for me, how many had Sarah eaten?",,29,24,36,18,12,24,18,Fractions,Text,P2Q18_16
"Anita let me finish his box of biscuits. He had eaten 2/3 of them. If 3 biscuits were left for me, how many had Anita eaten?",,4,6,5,1,3,6,18,Fractions,Text,P2Q18_17
"Yasmin let me finish his box of sweets. He had eaten 1/3 of them. If 12 sweets were left for me, how many had Yasmin eaten?",,7,14,1,18,6,6,18,Fractions,Text,P2Q18_18
"John let me finish his box of strawberries. He had eaten 1/2 of them. If 6 strawberries were left for me, how many had John eaten?",,1,12,6,8,11,6,18,Fractions,Text,P2Q18_19
"Kim let me finish his box of mints. He had eaten 1/2 of them. If 26 mints were left for me, how many had Kim eaten?",,28,26,21,31,27,26,18,Fractions,Text,P2Q18_20
"Debra let me finish his box of mints. He had eaten 3/5 of them. If 12 mints were left for me, how many had Debra eaten?",,15,13,18,17,23,18,18,Fractions,Text,P2Q18_21
"Rajiv let me finish his box of sweets. He had eaten 1/3 of them. If 24 sweets were left for me, how many had Rajiv eaten?",,24,12,17,18,11,12,18,Fractions,Text,P2Q18_22
"Debra let me finish her box of sweets. She had eaten 1/4 of them. If 12 sweets were left for me, how many had Debra eaten?",,16,4,8,10,13,4,18,Fractions,Text,P2Q18_23
"Ben let me finish his box of sweets. He had eaten 7/10 of them. If 27 sweets were left for me, how many had Ben eaten?",,65,45,90,58,63,63,18,Fractions,Text,P2Q18_24
"Debra let me finish his box of mints. He had eaten 3/4 of them. If 10 mints were left for me, how many had Debra eaten?",,30,13,25,20,10,30,18,Fractions,Text,P2Q18_25
"Sarah let me finish his box of strawberries. He had eaten 1/3 of them. If 12 strawberries were left for me, how many had Sarah eaten?",,13,18,7,11,6,6,18,Fractions,Text,P2Q18_26
"Anita let me finish his box of chocolates. He had eaten 3/10 of them. If 28 chocolates were left for me, how many had Anita eaten?",,14,20,31,12,17,12,18,Fractions,Text,P2Q18_27
"Kim let me finish his box of sweets. He had eaten 3/5 of them. If 12 sweets were left for me, how many had Kim eaten?",,23,13,15,18,19,18,18,Fractions,Text,P2Q18_28
"Sarah let me finish his box of biscuits. He had eaten 1/8 of them. If 56 biscuits were left for me, how many had Sarah eaten?",,8,32,57,10,56,8,18,Fractions,Text,P2Q18_29
"Debra let me finish his box of biscuits. He had eaten 3/4 of them. If 5 biscuits were left for me, how many had Debra eaten?",,10,20,15,14,8,15,18,Fractions,Text,P2Q18_30
"John let me finish his box of chocolates. He had eaten 2/3 of them. If 12 chocolates were left for me, how many had John eaten?",,24,25,19,36,16,24,18,Fractions,Text,P2Q18_31
"John let me finish his box of strawberries. He had eaten 1/3 of them. If 6 strawberries were left for me, how many had John eaten?",,2,-2,4,3,8,3,18,Fractions,Text,P2Q18_32
"Ben let me finish his box of strawberries. He had eaten 4/5 of them. If 9 strawberries were left for me, how many had Ben eaten?",,36,45,31,41,38,36,18,Fractions,Text,P2Q18_33
"Ben let me finish his box of chocolates. He had eaten 1/10 of them. If 126 chocolates were left for me, how many had Ben eaten?",,15,140,9,70,14,14,18,Fractions,Text,P2Q18_34
"Debra let me finish his box of strawberries. He had eaten 2/5 of them. If 24 strawberries were left for me, how many had Debra eaten?",,40,16,20,21,24,16,18,Fractions,Text,P2Q18_35
"Nina let me finish his box of chocolates. He had eaten 1/3 of them. If 10 chocolates were left for me, how many had Nina eaten?",,5,6,7,15,10,5,18,Fractions,Text,P2Q18_36
"Debra let me finish his box of biscuits. He had eaten 1/3 of them. If 14 biscuits were left for me, how many had Debra eaten?",,10,14,15,2,7,7,18,Fractions,Text,P2Q18_37
"Lara let me finish his box of strawberries. He had eaten 1/2 of them. If 28 strawberries were left for me, how many had Lara eaten?",,33,27,28,23,30,28,18,Fractions,Text,P2Q18_38
"Sarah let me finish his box of strawberries. He had eaten 3/8 of them. If 50 strawberries were left for me, how many had Sarah eaten?",,31,53,80,30,50,30,18,Fractions,Text,P2Q18_39
"John let me finish his box of strawberries. He had eaten 5/8 of them. If 39 strawberries were left for me, how many had John eaten?",,65,44,104,66,39,65,18,Fractions,Text,P2Q18_40
"Sarah let me finish his box of mints. He had eaten 1/2 of them. If 40 mints were left for me, how many had Sarah eaten?",,45,35,40,41,44,40,18,Fractions,Text,P2Q18_41
"Peter let me finish his box of biscuits. He had eaten 3/5 of them. If 36 biscuits were left for me, how many had Peter eaten?",,45,49,55,54,42,54,18,Fractions,Text,P2Q18_42
"Debra let me finish his box of sweets. He had eaten 1/3 of them. If 56 sweets were left for me, how many had Debra eaten?",,42,33,28,27,23,28,18,Fractions,Text,P2Q18_43
"Rajiv let me finish his box of strawberries. He had eaten 1/3 of them. If 12 strawberries were left for me, how many had Rajiv eaten?",,9,1,18,13,6,6,18,Fractions,Text,P2Q18_44
"Anita let me finish his box of strawberries. He had eaten 1/6 of them. If 75 strawberries were left for me, how many had Anita eaten?",,90,16,76,45,15,15,18,Fractions,Text,P2Q18_45
"Sarah let me finish his box of mints. He had eaten 1/3 of them. If 28 mints were left for me, how many had Sarah eaten?",,21,13,42,9,14,14,18,Fractions,Text,P2Q18_46
"Nina let me finish his box of chocolates. He had eaten 3/10 of them. If 98 chocolates were left for me, how many had Nina eaten?",,98,70,43,140,42,42,18,Fractions,Text,P2Q18_47
"Peter let me finish his box of chocolates. He had eaten 1/3 of them. If 14 chocolates were left for me, how many had Peter eaten?",,21,7,8,12,15,7,18,Fractions,Text,P2Q18_48
"Sanjay let me finish his box of biscuits. He had eaten 2/5 of them. If 12 biscuits were left for me, how many had Sanjay eaten?",,13,8,20,3,10,8,18,Fractions,Text,P2Q18_49
"Peter let me finish his box of chocolates. He had eaten 7/8 of them. If 3 chocolates were left for me, how many had Peter eaten?",,21,10,20,24,12,21,18,Fractions,Text,P2Q18_50
"What are the coordinates of P, Q and R?",P3Q18_1.png,"P (7, 3)  Q (3, 3)  R (6, 1)","P (3, 3)  Q (6, 1)  R (3, 7)","P (4, 7)  Q (3, 3)  R (6, 1)","P (7, 3)  Q (3, 3)  R (1, 6)","P (3, 7)  Q (3, 3)  R (6, 1)","P (3, 7)  Q (3, 3)  R (6, 1)",18,Geometry and Position,Multiple Choice,P3Q18_1
"What are the coordinates of P, Q and R?",P3Q18_2.png,"P (9, 1)  Q (2, 1)  R (5, 9)","P (5, 9)  Q (9, 1)  R (2, 1)","P (6, 9)  Q (9, 1)  R (2, 1)","P (9, 5)  Q (1, 9)  R (1, 2)","P (9, 5)  Q (9, 1)  R (2, 1)","P (5, 9)  Q (9, 1)  R (2, 1)",18,Geometry and Position,Multiple Choice,P3Q18_2
"What are the coordinates of P, Q and R?",P3Q18_3.png,"P (8, 6)  Q (3, 6)  R (4, 5)","P (5, 4)  Q (6, 8)  R (6, 3)","P (4, 5)  Q (8, 6)  R (3, 6)","P (5, 5)  Q (8, 6)  R (3, 6)","P (5, 4)  Q (8, 6)  R (3, 6)","P (4, 5)  Q (8, 6)  R (3, 6)",18,Geometry and Position,Multiple Choice,P3Q18_3
"What are the coordinates of P, Q and R?",P3Q18_4.png,"P (7, 4)  Q (4, 1)  R (1, 4)","P (8, 4)  Q (4, 1)  R (1, 4)","P (4, 7)  Q (4, 1)  R (1, 4)","P (4, 7)  Q (1, 4)  R (4, 1)","P (4, 1)  Q (1, 4)  R (7, 4)","P (7, 4)  Q (4, 1)  R (1, 4)",18,Geometry and Position,Multiple Choice,P3Q18_4
"What are the coordinates of P, Q and R?",P3Q18_5.png,"P (6, 2)  Q (1, 4)  R (7, 3)","P (3, 6)  Q (1, 4)  R (7, 3)","P (1, 4)  Q (7, 3)  R (2, 6)","P (6, 2)  Q (4, 1)  R (3, 7)","P (2, 6)  Q (1, 4)  R (7, 3)","P (2, 6)  Q (1, 4)  R (7, 3)",18,Geometry and Position,Multiple Choice,P3Q18_5
"What are the coordinates of P, Q and R?",P3Q18_6.png,"P (7, 7)  Q (8, 4)  R (7, 1)","P (7, 6)  Q (4, 8)  R (1, 7)","P (7, 6)  Q (8, 4)  R (7, 1)","P (6, 7)  Q (8, 4)  R (7, 1)","P (8, 4)  Q (7, 1)  R (6, 7)","P (6, 7)  Q (8, 4)  R (7, 1)",18,Geometry and Position,Multiple Choice,P3Q18_6
"What are the coordinates of P, Q and R?",P3Q18_7.png,"P (5, 5)  Q (4, 6)  R (7, 2)","P (4, 5)  Q (4, 6)  R (7, 2)","P (5, 4)  Q (4, 6)  R (7, 2)","P (5, 4)  Q (6, 4)  R (2, 7)","P (4, 6)  Q (7, 2)  R (4, 5)","P (4, 5)  Q (4, 6)  R (7, 2)",18,Geometry and Position,Multiple Choice,P3Q18_7
"What are the coordinates of P, Q and R?",P3Q18_8.png,"P (8, 9)  Q (1, 9)  R (4, 6)","P (4, 6)  Q (8, 9)  R (1, 9)","P (6, 4)  Q (9, 8)  R (9, 1)","P (6, 4)  Q (8, 9)  R (1, 9)","P (5, 6)  Q (8, 9)  R (1, 9)","P (4, 6)  Q (8, 9)  R (1, 9)",18,Geometry and Position,Multiple Choice,P3Q18_8
"What are the coordinates of P, Q and R?",P3Q18_9.png,"P (4, 4)  Q (1, 6)  R (2, 2)","P (9, 8)  Q (1, 6)  R (2, 2)","P (1, 6)  Q (2, 2)  R (4, 4)","P (5, 4)  Q (1, 6)  R (2, 2)","P (4, 4)  Q (6, 1)  R (2, 2)","P (4, 4)  Q (1, 6)  R (2, 2)",18,Geometry and Position,Multiple Choice,P3Q18_9
"What are the coordinates of P, Q and R?",P3Q18_10.png,"P (2, 5)  Q (7, 8)  R (9, 5)","P (10, 5)  Q (2, 5)  R (7, 8)","P (5, 9)  Q (5, 2)  R (8, 7)","P (5, 9)  Q (2, 5)  R (7, 8)","P (9, 5)  Q (2, 5)  R (7, 8)","P (9, 5)  Q (2, 5)  R (7, 8)",18,Geometry and Position,Multiple Choice,P3Q18_10
"What are the coordinates of P, Q and R?",P3Q18_11.png,"P (6, 1)  Q (7, 8)  R (1, 6)","P (6, 1)  Q (1, 6)  R (8, 7)","P (1, 6)  Q (6, 1)  R (7, 8)","P (2, 6)  Q (6, 1)  R (7, 8)","P (6, 1)  Q (6, 1)  R (7, 8)","P (1, 6)  Q (6, 1)  R (7, 8)",18,Geometry and Position,Multiple Choice,P3Q18_11
"What are the coordinates of P, Q and R?",P3Q18_12.png,"P (6, 5)  Q (8, 5)  R (3, 6)","P (8, 5)  Q (3, 6)  R (5, 5)","P (5, 5)  Q (8, 5)  R (3, 6)","P (5, 5)  Q (5, 8)  R (6, 3)","P (1, 7)  Q (8, 5)  R (3, 6)","P (5, 5)  Q (8, 5)  R (3, 6)",18,Geometry and Position,Multiple Choice,P3Q18_12
"What are the coordinates of P, Q and R?",P3Q18_13.png,"P (9, 5)  Q (3, 4)  R (7, 3)","P (3, 4)  Q (7, 3)  R (8, 5)","P (5, 8)  Q (4, 3)  R (3, 7)","P (8, 5)  Q (3, 4)  R (7, 3)","P (5, 8)  Q (3, 4)  R (7, 3)","P (8, 5)  Q (3, 4)  R (7, 3)",18,Geometry and Position,Multiple Choice,P3Q18_13
"What are the coordinates of P, Q and R?",P3Q18_14.png,"P (5, 9)  Q (2, 6)  R (1, 9)","P (10, 5)  Q (2, 6)  R (1, 9)","P (2, 6)  Q (1, 9)  R (9, 5)","P (9, 5)  Q (2, 6)  R (1, 9)","P (5, 9)  Q (6, 2)  R (9, 1)","P (9, 5)  Q (2, 6)  R (1, 9)",18,Geometry and Position,Multiple Choice,P3Q18_14
"What are the coordinates of P, Q and R?",P3Q18_15.png,"P (7, 3)  Q (9, 6)  R (6, 8)","P (6, 9)  Q (8, 6)  R (3, 7)","P (3, 7)  Q (6, 9)  R (8, 6)","P (4, 7)  Q (6, 9)  R (8, 6)","P (7, 3)  Q (6, 9)  R (8, 6)","P (3, 7)  Q (6, 9)  R (8, 6)",18,Geometry and Position,Multiple Choice,P3Q18_15
"What are the coordinates of P, Q and R?",P3Q18_16.png,"P (6, 3)  Q (3, 8)  R (8, 3)","P (9, 3)  Q (6, 3)  R (3, 8)","P (3, 8)  Q (6, 3)  R (3, 8)","P (8, 3)  Q (6, 3)  R (3, 8)","P (3, 8)  Q (3, 6)  R (8, 3)","P (8, 3)  Q (6, 3)  R (3, 8)",18,Geometry and Position,Multiple Choice,P3Q18_16
"What are the coordinates of P, Q and R?",P3Q18_17.png,"P (1, 3)  Q (7, 9)  R (7, 5)","P (3, 1)  Q (9, 7)  R (5, 7)","P (4, 1)  Q (9, 7)  R (5, 7)","P (9, 7)  Q (5, 7)  R (3, 1)","P (1, 3)  Q (9, 7)  R (5, 7)","P (3, 1)  Q (9, 7)  R (5, 7)",18,Geometry and Position,Multiple Choice,P3Q18_17
"What are the coordinates of P, Q and R?",P3Q18_18.png,"P (6, 1)  Q (3, 5)  R (5, 8)","P (1, 6)  Q (3, 5)  R (5, 8)","P (6, 1)  Q (5, 3)  R (8, 5)","P (3, 5)  Q (5, 8)  R (1, 6)","P (2, 6)  Q (3, 5)  R (5, 8)","P (1, 6)  Q (3, 5)  R (5, 8)",18,Geometry and Position,Multiple Choice,P3Q18_18
"What are the coordinates of P, Q and R?",P3Q18_19.png,"P (9, 9)  Q (6, 2)  R (3, 7)","P (9, 3)  Q (2, 6)  R (7, 3)","P (10, 9)  Q (2, 6)  R (7, 3)","P (2, 6)  Q (7, 3)  R (9, 9)","P (9, 9)  Q (2, 6)  R (7, 3)","P (9, 9)  Q (2, 6)  R (7, 3)",18,Geometry and Position,Multiple Choice,P3Q18_19
"What are the coordinates of P, Q and R?",P3Q18_20.png,"P (8, 3)  Q (3, 5)  R (7, 2)","P (8, 2)  Q (8, 3)  R (3, 5)","P (2, 7)  Q (8, 3)  R (3, 5)","P (2, 7)  Q (3, 8)  R (5, 3)","P (7, 2)  Q (8, 3)  R (3, 5)","P (7, 2)  Q (8, 3)  R (3, 5)",18,Geometry and Position,Multiple Choice,P3Q18_20
"The end points of five lines are shown below.
Which line is parallel to the line in the diagram?",P4Q18_1.png,"(1, 1) and (5, 1)","(2, 1) and (4, 4)","(0, 1) and (3, 4)","(2, 4) and (4, 1)","(1, 3) and (4, 5)","(2, 4) and (4, 1)",18,Geometry,Multiple Choice,P4Q18_1
"The end points of five lines are shown below.
Which line is parallel to the line in the diagram?",P4Q18_2.png,"(2, 1) and (5, 3)","(0, 2) and (4, 6)","(0, 6) and (4, 2)","(1, 1) and (5, 1)","(1, 2) and (5, 6)","(0, 6) and (4, 2)",18,Geometry,Multiple Choice,P4Q18_2
"The end points of five lines are shown below.
Which line is parallel to the line in the diagram?",P4Q18_3.png,"(3, 1) and (6, 3)","(1, 1) and (5, 1)","(1, 0) and (3, 3)","(2, 0) and (5, 4)","(3, 3) and (6, 1)","(3, 3) and (6, 1)",18,Geometry,Multiple Choice,P4Q18_3
"The end points of five lines are shown below.
Which line is parallel to the line in the diagram?",P4Q18_4.png,"(0, 0) and (3, 3)","(2, 0) and (5, 3)","(1, 1) and (5, 1)","(2, 3) and (5, 0)","(2, 0) and (3, 5)","(2, 3) and (5, 0)",18,Geometry,Multiple Choice,P4Q18_4
"The end points of five lines are shown below.
Which line is parallel to the line in the diagram?",P4Q18_5.png,"(2, 2) and (5, 5)","(2, 2) and (4, 4)","(1, 1) and (5, 1)","(0, 0) and (4, 4)","(0, 4) and (4, 0)","(0, 4) and (4, 0)",18,Geometry,Multiple Choice,P4Q18_5
"The end points of five lines are shown below.
Which line is parallel to the line in the diagram?",P4Q18_6.png,"(1, 1) and (5, 1)","(0, 3) and (2, 6)","(2, 6) and (5, 4)","(2, 4) and (5, 6)","(1, 0) and (3, 5)","(2, 6) and (5, 4)",18,Geometry,Multiple Choice,P4Q18_6
"The end points of five lines are shown below.
Which line is parallel to the line in the diagram?",P4Q18_7.png,"(1, 1) and (5, 1)","(2, 1) and (4, 5)","(2, 1) and (3, 4)","(0, 1) and (4, 3)","(2, 5) and (4, 1)","(2, 5) and (4, 1)",18,Geometry,Multiple Choice,P4Q18_7
"The end points of five lines are shown below.
Which line is parallel to the line in the diagram?",P4Q18_8.png,"(1, 1) and (5, 1)","(1, 1) and (3, 4)","(3, 2) and (5, 5)","(3, 1) and (6, 3)","(3, 5) and (5, 2)","(3, 5) and (5, 2)",18,Geometry,Multiple Choice,P4Q18_8
"The end points of five lines are shown below.
Which line is parallel to the line in the diagram?",P4Q18_9.png,"(1, 1) and (5, 1)","(1, 1) and (4, 5)","(1, 5) and (4, 1)","(2, 1) and (3, 5)","(0, 3) and (4, 6)","(1, 5) and (4, 1)",18,Geometry,Multiple Choice,P4Q18_9
"The end points of five lines are shown below.
Which line is parallel to the line in the diagram?",P4Q18_10.png,"(0, 4) and (3, 2)","(2, 2) and (3, 5)","(0, 2) and (3, 4)","(2, 2) and (4, 5)","(1, 1) and (5, 1)","(0, 4) and (3, 2)",18,Geometry,Multiple Choice,P4Q18_10
"The end points of five lines are shown below.
Which line is parallel to the line in the diagram?",P4Q18_11.png,"(1, 1) and (5, 1)","(0, 2) and (2, 5)","(2, 4) and (5, 6)","(2, 2) and (4, 4)","(2, 6) and (5, 4)","(2, 6) and (5, 4)",18,Geometry,Multiple Choice,P4Q18_11
"The end points of five lines are shown below.
Which line is parallel to the line in the diagram?",P4Q18_12.png,"(2, 0) and (5, 5)","(1, 4) and (5, 6)","(1, 6) and (5, 4)","(1, 1) and (5, 1)","(1, 3) and (3, 7)","(1, 6) and (5, 4)",18,Geometry,Multiple Choice,P4Q18_12
"The end points of five lines are shown below.
Which line is parallel to the line in the diagram?",P4Q18_13.png,"(2, 0) and (4, 4)","(1, 1) and (5, 1)","(1, 3) and (5, 1)","(2, 0) and (4, 3)","(1, 1) and (5, 3)","(1, 3) and (5, 1)",18,Geometry,Multiple Choice,P4Q18_13
"The end points of five lines are shown below.
Which line is parallel to the line in the diagram?",P4Q18_14.png,"(2, 3) and (5, 7)","(1, 1) and (5, 1)","(2, 3) and (6, 6)","(2, 2) and (5, 5)","(2, 6) and (6, 3)","(2, 6) and (6, 3)",18,Geometry,Multiple Choice,P4Q18_14
"The end points of five lines are shown below.
Which line is parallel to the line in the diagram?",P4Q18_15.png,"(0, 2) and (5, 3)","(3, 3) and (5, 6)","(1, 1) and (5, 1)","(3, 6) and (5, 3)","(0, 3) and (3, 5)","(3, 6) and (5, 3)",18,Geometry,Multiple Choice,P4Q18_15
"The end points of five lines are shown below.
Which line is parallel to the line in the diagram?",P4Q18_16.png,"(1, 1) and (5, 1)","(2, 2) and (4, 4)","(1, 5) and (4, 1)","(1, 2) and (5, 5)","(1, 1) and (4, 5)","(1, 5) and (4, 1)",18,Geometry,Multiple Choice,P4Q18_16
"The end points of five lines are shown below.
Which line is parallel to the line in the diagram?",P4Q18_17.png,"(1, 4) and (5, 0)","(1, 1) and (5, 1)","(2, 0) and (5, 5)","(2, 3) and (6, 7)","(1, 0) and (5, 4)","(1, 4) and (5, 0)",18,Geometry,Multiple Choice,P4Q18_17
"The end points of five lines are shown below.
Which line is parallel to the line in the diagram?",P4Q18_18.png,"(2, 0) and (4, 3)","(2, 0) and (3, 4)","(1, 1) and (5, 1)","(3, 4) and (6, 6)","(3, 6) and (6, 4)","(3, 6) and (6, 4)",18,Geometry,Multiple Choice,P4Q18_18
"The end points of five lines are shown below.
Which line is parallel to the line in the diagram?",P4Q18_19.png,"(1, 1) and (5, 1)","(3, 3) and (7, 7)","(0, 0) and (3, 4)","(2, 2) and (6, 6)","(2, 6) and (6, 2)","(2, 6) and (6, 2)",18,Geometry,Multiple Choice,P4Q18_19
"The end points of five lines are shown below.
Which line is parallel to the line in the diagram?",P4Q18_20.png,"(1, 0) and (5, 5)","(0, 5) and (3, 1)","(1, 1) and (5, 1)","(1, 2) and (5, 5)","(0, 1) and (3, 5)","(0, 5) and (3, 1)",18,Geometry,Multiple Choice,P4Q18_20
"Two coaches are booked for a trip. The first seats 60 passengers, and the second 41. 7 adults, 34 boys and 47 girls are going on the trip. How many spare seats will there be?",,23,13,14,12,101,13,19,Operations,Text,P2Q19_1
"Two coaches are booked for a trip. The first seats 61 passengers, and the second 45. 8 adults, 36 boys and 46 girls are going on the trip. How many spare seats will there be?",,16,90,26,17,15,16,19,Operations,Text,P2Q19_2
"Two train carriages are booked for a trip. The first seats 60 passengers, and the second 57. 7 adults, 49 boys and 43 girls are going on the trip. How many spare seats will there be?",,117,19,17,99,18,18,19,Operations,Text,P2Q19_3
"Two train carriages are booked for a trip. The first seats 65 passengers, and the second 48. 12 adults, 44 boys and 39 girls are going on the trip. How many spare seats will there be?",,17,19,113,28,18,18,19,Operations,Text,P2Q19_4
"Two train carriages are booked for a trip. The first seats 52 passengers, and the second 59. 9 adults, 39 boys and 45 girls are going on the trip. How many spare seats will there be?",,18,111,28,19,17,18,19,Operations,Text,P2Q19_5
"Two coaches are booked for a trip. The first seats 61 passengers, and the second 40. 10 adults, 40 boys and 46 girls are going on the trip. How many spare seats will there be?",,6,4,11,5,96,5,19,Operations,Text,P2Q19_6
"Two train carriages are booked for a trip. The first seats 57 passengers, and the second 60. 8 adults, 56 boys and 39 girls are going on the trip. How many spare seats will there be?",,13,7,24,14,15,14,19,Operations,Text,P2Q19_7
"Two coaches are booked for a trip. The first seats 47 passengers, and the second 48. 8 adults, 39 boys and 29 girls are going on the trip. How many spare seats will there be?",,20,19,18,0,29,19,19,Operations,Text,P2Q19_8
"Two coaches are booked for a trip. The first seats 52 passengers, and the second 58. 8 adults, 43 boys and 40 girls are going on the trip. How many spare seats will there be?",,19,20,91,110,18,19,19,Operations,Text,P2Q19_9
"Two train carriages are booked for a trip. The first seats 49 passengers, and the second 59. 12 adults, 38 boys and 48 girls are going on the trip. How many spare seats will there be?",,10,11,9,108,20,10,19,Operations,Text,P2Q19_10
"Two buses are booked for a trip. The first seats 63 passengers, and the second 44. 10 adults, 48 boys and 33 girls are going on the trip. How many spare seats will there be?",,107,16,15,26,91,16,19,Operations,Text,P2Q19_11
"Two train carriages are booked for a trip. The first seats 45 passengers, and the second 42. 8 adults, 28 boys and 35 girls are going on the trip. How many spare seats will there be?",,87,16,9,15,71,16,19,Operations,Text,P2Q19_12
"Two train carriages are booked for a trip. The first seats 47 passengers, and the second 51. 6 adults, 42 boys and 35 girls are going on the trip. How many spare seats will there be?",,15,25,1,16,14,15,19,Operations,Text,P2Q19_13
"Two coaches are booked for a trip. The first seats 52 passengers, and the second 57. 10 adults, 45 boys and 45 girls are going on the trip. How many spare seats will there be?",,9,3,10,8,109,9,19,Operations,Text,P2Q19_14
"Two train carriages are booked for a trip. The first seats 56 passengers, and the second 52. 12 adults, 39 boys and 38 girls are going on the trip. How many spare seats will there be?",,19,89,108,18,29,19,19,Operations,Text,P2Q19_15
"Two coaches are booked for a trip. The first seats 56 passengers, and the second 55. 6 adults, 34 boys and 53 girls are going on the trip. How many spare seats will there be?",,28,18,17,111,16,18,19,Operations,Text,P2Q19_16
"Two buses are booked for a trip. The first seats 48 passengers, and the second 57. 9 adults, 40 boys and 40 girls are going on the trip. How many spare seats will there be?",,15,26,89,1,16,16,19,Operations,Text,P2Q19_17
"Two buses are booked for a trip. The first seats 59 passengers, and the second 51. 12 adults, 48 boys and 34 girls are going on the trip. How many spare seats will there be?",,15,110,16,17,94,16,19,Operations,Text,P2Q19_18
"Two coaches are booked for a trip. The first seats 46 passengers, and the second 51. 11 adults, 35 boys and 39 girls are going on the trip. How many spare seats will there be?",,97,22,12,11,13,12,19,Operations,Text,P2Q19_19
"Two train carriages are booked for a trip. The first seats 50 passengers, and the second 49. 7 adults, 35 boys and 52 girls are going on the trip. How many spare seats will there be?",,4,6,5,99,94,5,19,Operations,Text,P2Q19_20
"Two coaches are booked for a trip. The first seats 53 passengers, and the second 60. 8 adults, 35 boys and 50 girls are going on the trip. How many spare seats will there be?",,19,20,21,113,10,20,19,Operations,Text,P2Q19_21
"Two train carriages are booked for a trip. The first seats 47 passengers, and the second 60. 9 adults, 38 boys and 44 girls are going on the trip. How many spare seats will there be?",,91,0,107,26,16,16,19,Operations,Text,P2Q19_22
"Two train carriages are booked for a trip. The first seats 52 passengers, and the second 53. 7 adults, 42 boys and 45 girls are going on the trip. How many spare seats will there be?",,11,3,21,94,105,11,19,Operations,Text,P2Q19_23
"Two coaches are booked for a trip. The first seats 59 passengers, and the second 40. 8 adults, 46 boys and 37 girls are going on the trip. How many spare seats will there be?",,5,18,99,9,8,8,19,Operations,Text,P2Q19_24
"Two buses are booked for a trip. The first seats 58 passengers, and the second 49. 12 adults, 43 boys and 43 girls are going on the trip. How many spare seats will there be?",,98,8,107,9,3,9,19,Operations,Text,P2Q19_25
"Two buses are booked for a trip. The first seats 64 passengers, and the second 54. 6 adults, 60 boys and 45 girls are going on the trip. How many spare seats will there be?",,111,6,118,8,7,7,19,Operations,Text,P2Q19_26
"Two train carriages are booked for a trip. The first seats 49 passengers, and the second 51. 9 adults, 36 boys and 47 girls are going on the trip. How many spare seats will there be?",,9,18,7,100,8,8,19,Operations,Text,P2Q19_27
"Two coaches are booked for a trip. The first seats 60 passengers, and the second 49. 6 adults, 37 boys and 52 girls are going on the trip. How many spare seats will there be?",,14,13,95,17,15,14,19,Operations,Text,P2Q19_28
"Two coaches are booked for a trip. The first seats 59 passengers, and the second 59. 6 adults, 59 boys and 43 girls are going on the trip. How many spare seats will there be?",,20,9,6,108,10,10,19,Operations,Text,P2Q19_29
"Two buses are booked for a trip. The first seats 45 passengers, and the second 56. 11 adults, 48 boys and 33 girls are going on the trip. How many spare seats will there be?",,101,8,9,92,19,9,19,Operations,Text,P2Q19_30
The kitchen clock says 7 o'clock. What is the smaller angle between the clock hands?,,120°,150°,30°,210°,165°,150°,19,Geometry,Multiple Choice,P3Q19_1
The kitchen clock says 7 o'clock. What is the smaller angle between the clock hands?,,30°,120°,165°,150°,210°,150°,19,Geometry,Multiple Choice,P3Q19_2
The kitchen clock says 7 o'clock. What is the smaller angle between the clock hands?,,120°,210°,30°,165°,150°,150°,19,Geometry,Multiple Choice,P3Q19_3
The kitchen clock says 3 o'clock. What is the smaller angle between the clock hands?,,120°,90°,105°,60°,270°,90°,19,Geometry,Multiple Choice,P3Q19_4
The kitchen clock says 1 o'clock. What is the smaller angle between the clock hands?,,60°,30°,45°,150°,330°,30°,19,Geometry,Multiple Choice,P3Q19_5
The kitchen clock says 4 o'clock. What is the smaller angle between the clock hands?,,60°,135°,90°,240°,120°,120°,19,Geometry,Multiple Choice,P3Q19_6
The kitchen clock says 1 o'clock. What is the smaller angle between the clock hands?,,30°,150°,330°,45°,60°,30°,19,Geometry,Multiple Choice,P3Q19_7
The kitchen clock says 5 o'clock. What is the smaller angle between the clock hands?,,150°,210°,120°,30°,165°,150°,19,Geometry,Multiple Choice,P3Q19_8
The kitchen clock says 3 o'clock. What is the smaller angle between the clock hands?,,90°,60°,270°,105°,120°,90°,19,Geometry,Multiple Choice,P3Q19_9
The kitchen clock says 3 o'clock. What is the smaller angle between the clock hands?,,105°,120°,60°,270°,90°,90°,19,Geometry,Multiple Choice,P3Q19_10
The kitchen clock says 8 o'clock. What is the smaller angle between the clock hands?,,135°,240°,120°,90°,60°,120°,19,Geometry,Multiple Choice,P3Q19_11
The kitchen clock says 10 o'clock. What is the smaller angle between the clock hands?,,75°,60°,120°,300°,30°,60°,19,Geometry,Multiple Choice,P3Q19_12
The kitchen clock says 6 o'clock. What is the smaller angle between the clock hands?,,90°,150°,210°,180°,195°,180°,19,Geometry,Multiple Choice,P3Q19_13
The kitchen clock says 11 o'clock. What is the smaller angle between the clock hands?,,60°,150°,45°,330°,30°,30°,19,Geometry,Multiple Choice,P3Q19_14
The kitchen clock says 2 o'clock. What is the smaller angle between the clock hands?,,75°,30°,300°,120°,60°,60°,19,Geometry,Multiple Choice,P3Q19_15
The kitchen clock says 9 o'clock. What is the smaller angle between the clock hands?,,120°,105°,90°,60°,270°,90°,19,Geometry,Multiple Choice,P3Q19_16
The kitchen clock says 9 o'clock. What is the smaller angle between the clock hands?,,90°,105°,120°,270°,60°,90°,19,Geometry,Multiple Choice,P3Q19_17
The kitchen clock says 9 o'clock. What is the smaller angle between the clock hands?,,120°,270°,105°,90°,60°,90°,19,Geometry,Multiple Choice,P3Q19_18
The kitchen clock says 10 o'clock. What is the smaller angle between the clock hands?,,30°,300°,120°,60°,75°,60°,19,Geometry,Multiple Choice,P3Q19_19
The kitchen clock says 3 o'clock. What is the smaller angle between the clock hands?,,60°,270°,105°,120°,90°,90°,19,Geometry,Multiple Choice,P3Q19_20
The kitchen clock says 10 o'clock. What is the smaller angle between the clock hands?,,300°,60°,120°,30°,75°,60°,19,Geometry,Multiple Choice,P3Q19_21
The kitchen clock says 2 o'clock. What is the smaller angle between the clock hands?,,300°,60°,30°,120°,75°,60°,19,Geometry,Multiple Choice,P3Q19_22
The kitchen clock says 5 o'clock. What is the smaller angle between the clock hands?,,30°,150°,165°,210°,120°,150°,19,Geometry,Multiple Choice,P3Q19_23
The kitchen clock says 8 o'clock. What is the smaller angle between the clock hands?,,120°,60°,240°,135°,90°,120°,19,Geometry,Multiple Choice,P3Q19_24
The kitchen clock says 6 o'clock. What is the smaller angle between the clock hands?,,210°,150°,120°,180°,195°,180°,19,Geometry,Multiple Choice,P3Q19_25
The kitchen clock says 7 o'clock. What is the smaller angle between the clock hands?,,150°,165°,30°,120°,210°,150°,19,Geometry,Multiple Choice,P3Q19_26
The kitchen clock says 3 o'clock. What is the smaller angle between the clock hands?,,105°,60°,90°,270°,120°,90°,19,Geometry,Multiple Choice,P3Q19_27
The kitchen clock says 2 o'clock. What is the smaller angle between the clock hands?,,30°,120°,60°,75°,300°,60°,19,Geometry,Multiple Choice,P3Q19_28
The kitchen clock says 2 o'clock. What is the smaller angle between the clock hands?,,30°,75°,60°,300°,120°,60°,19,Geometry,Multiple Choice,P3Q19_29
The kitchen clock says 3 o'clock. What is the smaller angle between the clock hands?,,105°,120°,60°,90°,270°,90°,19,Geometry,Multiple Choice,P3Q19_30
"Look at this grid in which there are some empty spaces.
When every square is filled in, each row and each column adds up to 30.
Which number should be in the square with the question mark?",P4Q19_1.png,11,6,4,8,5,6,19,Logic,Multiple Choice,P4Q19_1
"Look at this grid in which there are some empty spaces.
When every square is filled in, each row and each column adds up to 60.
Which number should be in the square with the question mark?",P4Q19_2.png,16,17,28,23,18,18,19,Logic,Multiple Choice,P4Q19_2
"Look at this grid in which there are some empty spaces.
When every square is filled in, each row and each column adds up to 75.
Which number should be in the square with the question mark?",P4Q19_3.png,37,25,28,27,29,27,19,Logic,Multiple Choice,P4Q19_3
"Look at this grid in which there are some empty spaces.
When every square is filled in, each row and each column adds up to 60.
Which number should be in the square with the question mark?",P4Q19_4.png,19,7,15,27,17,17,19,Logic,Multiple Choice,P4Q19_4
"Look at this grid in which there are some empty spaces.
When every square is filled in, each row and each column adds up to 75.
Which number should be in the square with the question mark?",P4Q19_5.png,30,27,24,29,31,29,19,Logic,Multiple Choice,P4Q19_5
"Look at this grid in which there are some empty spaces.
When every square is filled in, each row and each column adds up to 60.
Which number should be in the square with the question mark?",P4Q19_6.png,22,25,23,33,21,23,19,Logic,Multiple Choice,P4Q19_6
"Look at this grid in which there are some empty spaces.
When every square is filled in, each row and each column adds up to 45.
Which number should be in the square with the question mark?",P4Q19_7.png,27,19,17,15,12,17,19,Logic,Multiple Choice,P4Q19_7
"Look at this grid in which there are some empty spaces.
When every square is filled in, each row and each column adds up to 75.
Which number should be in the square with the question mark?",P4Q19_8.png,25,28,32,27,22,27,19,Logic,Multiple Choice,P4Q19_8
"Look at this grid in which there are some empty spaces.
When every square is filled in, each row and each column adds up to 45.
Which number should be in the square with the question mark?",P4Q19_9.png,20,17,28,18,16,18,19,Logic,Multiple Choice,P4Q19_9
"Look at this grid in which there are some empty spaces.
When every square is filled in, each row and each column adds up to 30.
Which number should be in the square with the question mark?",P4Q19_10.png,8,4,7,9,19,9,19,Logic,Multiple Choice,P4Q19_10
"Look at this grid in which there are some empty spaces.
When every square is filled in, each row and each column adds up to 75.
Which number should be in the square with the question mark?",P4Q19_11.png,23,21,32,22,17,22,19,Logic,Multiple Choice,P4Q19_11
"Look at this grid in which there are some empty spaces.
When every square is filled in, each row and each column adds up to 30.
Which number should be in the square with the question mark?",P4Q19_12.png,10,22,12,17,14,12,19,Logic,Multiple Choice,P4Q19_12
"Look at this grid in which there are some empty spaces.
When every square is filled in, each row and each column adds up to 75.
Which number should be in the square with the question mark?",P4Q19_13.png,31,21,26,36,16,26,19,Logic,Multiple Choice,P4Q19_13
"Look at this grid in which there are some empty spaces.
When every square is filled in, each row and each column adds up to 30.
Which number should be in the square with the question mark?",P4Q19_14.png,1,11,6,5,4,6,19,Logic,Multiple Choice,P4Q19_14
"Look at this grid in which there are some empty spaces.
When every square is filled in, each row and each column adds up to 75.
Which number should be in the square with the question mark?",P4Q19_15.png,28,38,30,29,33,28,19,Logic,Multiple Choice,P4Q19_15
"Look at this grid in which there are some empty spaces.
When every square is filled in, each row and each column adds up to 75.
Which number should be in the square with the question mark?",P4Q19_16.png,22,33,13,23,18,23,19,Logic,Multiple Choice,P4Q19_16
"Look at this grid in which there are some empty spaces.
When every square is filled in, each row and each column adds up to 75.
Which number should be in the square with the question mark?",P4Q19_17.png,18,28,26,30,27,28,19,Logic,Multiple Choice,P4Q19_17
"Look at this grid in which there are some empty spaces.
When every square is filled in, each row and each column adds up to 45.
Which number should be in the square with the question mark?",P4Q19_18.png,16,6,15,21,17,16,19,Logic,Multiple Choice,P4Q19_18
"Look at this grid in which there are some empty spaces.
When every square is filled in, each row and each column adds up to 60.
Which number should be in the square with the question mark?",P4Q19_19.png,16,17,19,15,27,17,19,Logic,Multiple Choice,P4Q19_19
"Look at this grid in which there are some empty spaces.
When every square is filled in, each row and each column adds up to 60.
Which number should be in the square with the question mark?",P4Q19_20.png,19,21,14,24,9,19,19,Logic,Multiple Choice,P4Q19_20
Jack and Amul held a charity sale. They sold 47 plant pots at 5p each and 62 packets of seeds at 4p each. How much money did they make?,,£4.83,£5.45,£2.35,£48.30,£3.83,£4.83,20,Money,Text,P2Q20_1
Lara and John held a charity sale. They sold 42 plant pots at 25p each and 78 packets of seeds at 15p each. How much money did they make?,,£10.50,£222.00,£30.00,£22.20,£21.20,£22.20,20,Money,Text,P2Q20_2
Amul and Peter held a charity sale. They sold 60 plant pots at 25p each and 50 packets of seeds at 8p each. How much money did they make?,,£18.00,£19.00,£190.00,£19.50,£27.50,£19.00,20,Money,Text,P2Q20_3
Sarah and Sanjay held a charity sale. They sold 50 adult tickets at 50p each and 77 child tickets at 8p each. How much money did they make?,,£63.50,£31.66,£25.00,£30.66,£31.16,£31.16,20,Money,Text,P2Q20_4
John and Amul held a charity sale. They sold 30 plant pots at 20p each and 62 packets of seeds at 4p each. How much money did they make?,,£9.48,£84.80,£18.40,£8.48,£7.98,£8.48,20,Money,Text,P2Q20_5
Sarah and Anita held a charity sale. They sold 29 large cakes at 20p each and 78 small cakes at 5p each. How much money did they make?,,£5.80,£9.70,£97.00,£8.70,£21.40,£9.70,20,Money,Text,P2Q20_6
Rajiv and Ben held a charity sale. They sold 50 cups of coffee at 10p each and 60 cups of tea at 8p each. How much money did they make?,,£9.30,£9.80,£11.00,£98.00,£10.30,£9.80,20,Money,Text,P2Q20_7
Sarah and Rajiv held a charity sale. They sold 48 toy cars at 5p each and 34 dolls at 4p each. How much money did they make?,,£8.76,£2.76,£3.76,£2.40,£37.60,£3.76,20,Money,Text,P2Q20_8
Peter and Kim held a charity sale. They sold 54 chocolate bars at 50p each and 59 lollipops at 10p each. How much money did they make?,,£329.00,£32.90,£27.00,£56.50,£33.90,£32.90,20,Money,Text,P2Q20_9
Nina and Peter held a charity sale. They sold 58 toy cars at 5p each and 40 dolls at 5p each. How much money did they make?,,£5.40,£2.90,£4.90,£49.00,£3.90,£4.90,20,Money,Text,P2Q20_10
Yasmin and Kim held a charity sale. They sold 51 cups of coffee at 5p each and 59 cups of tea at 2p each. How much money did they make?,,£2.55,£2.73,£37.30,£3.73,£4.23,£3.73,20,Money,Text,P2Q20_11
Debra and Sarah held a charity sale. They sold 57 toy cars at 50p each and 65 dolls at 15p each. How much money did they make?,,£28.50,£43.25,£37.75,£38.25,£61.00,£38.25,20,Money,Text,P2Q20_12
Sanjay and Sarah held a charity sale. They sold 52 cups of coffee at 25p each and 63 cups of tea at 4p each. How much money did they make?,,£15.52,£20.52,£28.75,£13.00,£155.20,£15.52,20,Money,Text,P2Q20_13
Nina and Lara held a charity sale. They sold 60 plant pots at 5p each and 43 packets of seeds at 10p each. How much money did they make?,,£5.15,£6.80,£7.30,£73.00,£3.00,£7.30,20,Money,Text,P2Q20_14
Kim and Peter held a charity sale. They sold 41 cups of coffee at 20p each and 46 cups of tea at 5p each. How much money did they make?,,£10.50,£10.00,£17.40,£8.20,£105.00,£10.50,20,Money,Text,P2Q20_15
Jack and Debra held a charity sale. They sold 28 toy cars at 5p each and 55 dolls at 2p each. How much money did they make?,,£25.00,£3.00,£2.00,£1.40,£2.50,£2.50,20,Money,Text,P2Q20_16
Debra and Sarah held a charity sale. They sold 37 large cakes at 50p each and 32 small cakes at 2p each. How much money did they make?,,£20.14,£19.14,£18.50,£191.40,£18.64,£19.14,20,Money,Text,P2Q20_17
Lara and Yasmin held a charity sale. They sold 36 large cakes at 50p each and 34 small cakes at 2p each. How much money did they make?,,£18.68,£18.18,£186.80,£35.00,£18.00,£18.68,20,Money,Text,P2Q20_18
Jack and Ben held a charity sale. They sold 50 hardback books at 20p each and 37 paperback books at 5p each. How much money did they make?,,£10.00,£11.85,£10.85,£118.50,£12.35,£11.85,20,Money,Text,P2Q20_19
Sanjay and Nina held a charity sale. They sold 47 adult tickets at 25p each and 36 child tickets at 5p each. How much money did they make?,,£11.75,£20.75,£135.50,£14.05,£13.55,£13.55,20,Money,Text,P2Q20_20
John and Jack held a charity sale. They sold 54 toy cars at 25p each and 65 dolls at 5p each. How much money did they make?,,£17.25,£16.75,£29.75,£167.50,£13.50,£16.75,20,Money,Text,P2Q20_21
Ben and Lara held a charity sale. They sold 52 hardback books at 25p each and 42 paperback books at 10p each. How much money did they make?,,£172.00,£17.20,£18.20,£16.70,£23.50,£17.20,20,Money,Text,P2Q20_22
Peter and Sarah held a charity sale. They sold 29 cups of coffee at 25p each and 72 cups of tea at 2p each. How much money did they make?,,£25.25,£8.69,£7.69,£13.69,£86.90,£8.69,20,Money,Text,P2Q20_23
Sarah and Kim held a charity sale. They sold 56 adult tickets at 5p each and 50 child tickets at 8p each. How much money did they make?,,£68.00,£6.80,£11.80,£5.30,£2.80,£6.80,20,Money,Text,P2Q20_24
Amul and Lara held a charity sale. They sold 53 toy cars at 20p each and 65 dolls at 2p each. How much money did they make?,,£23.60,£11.90,£119.00,£10.60,£10.90,£11.90,20,Money,Text,P2Q20_25
Yasmin and Ben held a charity sale. They sold 32 cups of coffee at 25p each and 40 cups of tea at 2p each. How much money did they make?,,£8.30,£8.00,£88.00,£9.80,£8.80,£8.80,20,Money,Text,P2Q20_26
Anita and Debra held a charity sale. They sold 56 large cakes at 20p each and 62 small cakes at 10p each. How much money did they make?,,£23.60,£16.40,£17.40,£17.90,£174.00,£17.40,20,Money,Text,P2Q20_27
Rajiv and Ben held a charity sale. They sold 58 plant pots at 5p each and 66 packets of seeds at 5p each. How much money did they make?,,£2.90,£62.00,£5.20,£6.20,£11.20,£6.20,20,Money,Text,P2Q20_28
Kim and Anita held a charity sale. They sold 41 cups of coffee at 5p each and 80 cups of tea at 4p each. How much money did they make?,,£5.25,£4.75,£6.05,£5.75,£2.05,£5.25,20,Money,Text,P2Q20_29
John and Yasmin held a charity sale. They sold 49 hardback books at 10p each and 36 paperback books at 5p each. How much money did they make?,,£5.70,£11.70,£6.70,£67.00,£4.90,£6.70,20,Money,Text,P2Q20_30
"When point G is added, DEFG is a square. What are the coordinates of point G?",P3Q20_1.png,"(5, 10)","(9, 6)","(10, 5)","(10, 4)","(11, 5)","(10, 5)",20,Geometry and Coordinates,Multiple Choice,P3Q20_1
"When point G is added, DEFG is a square. What are the coordinates of point G?",P3Q20_2.png,"(5, 8)","(4, 8)","(8, 4)","(8, 0)","(4, 7)","(4, 8)",20,Geometry and Coordinates,Multiple Choice,P3Q20_2
"When point G is added, DEFG is a square. What are the coordinates of point G?",P3Q20_3.png,"(9, 1)","(1, 8)","(0, 5)","(8, 0)","(8, 1)","(8, 1)",20,Geometry and Coordinates,Multiple Choice,P3Q20_3
"When point G is added, DEFG is a square. What are the coordinates of point G?",P3Q20_4.png,"(1, 8)","(2, 7)","(3, 7)","(2, 6)","(6, 9)","(2, 7)",20,Geometry and Coordinates,Multiple Choice,P3Q20_4
"When point G is added, DEFG is a square. What are the coordinates of point G?",P3Q20_5.png,"(0, 10)","(2, 1)","(1, 3)","(3, 2)","(2, 2)","(2, 2)",20,Geometry and Coordinates,Multiple Choice,P3Q20_5
"When point G is added, DEFG is a square. What are the coordinates of point G?",P3Q20_6.png,"(4, 1)","(4, 0)","(1, 4)","(5, 1)","(3, 2)","(4, 1)",20,Geometry and Coordinates,Multiple Choice,P3Q20_6
"When point G is added, DEFG is a square. What are the coordinates of point G?",P3Q20_7.png,"(3, 9)","(9, 3)","(4, 9)","(2, 10)","(3, 8)","(3, 9)",20,Geometry and Coordinates,Multiple Choice,P3Q20_7
"When point G is added, DEFG is a square. What are the coordinates of point G?",P3Q20_8.png,"(3, 5)","(3, 6)","(4, 6)","(2, 7)","(7, 12)","(3, 6)",20,Geometry and Coordinates,Multiple Choice,P3Q20_8
"When point G is added, DEFG is a square. What are the coordinates of point G?",P3Q20_9.png,"(10, 3)","(10, 4)","(2, 0)","(9, 5)","(11, 4)","(10, 4)",20,Geometry and Coordinates,Multiple Choice,P3Q20_9
"When point G is added, DEFG is a square. What are the coordinates of point G?",P3Q20_10.png,"(8, 8)","(8, 7)","(7, 9)","(9, 8)","(6, 4)","(8, 8)",20,Geometry and Coordinates,Multiple Choice,P3Q20_10
"When point G is added, DEFG is a square. What are the coordinates of point G?",P3Q20_11.png,"(3, 5)","(5, 4)","(4, 4)","(6, 12)","(4, 3)","(4, 4)",20,Geometry and Coordinates,Multiple Choice,P3Q20_11
"When point G is added, DEFG is a square. What are the coordinates of point G?",P3Q20_12.png,"(9, 8)","(10, 6)","(10, 7)","(11, 7)","(7, 10)","(10, 7)",20,Geometry and Coordinates,Multiple Choice,P3Q20_12
"When point G is added, DEFG is a square. What are the coordinates of point G?",P3Q20_13.png,"(7, 9)","(9, 1)","(8, 9)","(6, 10)","(7, 8)","(7, 9)",20,Geometry and Coordinates,Multiple Choice,P3Q20_13
"When point G is added, DEFG is a square. What are the coordinates of point G?",P3Q20_14.png,"(7, 4)","(0, 7)","(7, 0)","(8, 0)","(6, 1)","(7, 0)",20,Geometry and Coordinates,Multiple Choice,P3Q20_14
"When point G is added, DEFG is a square. What are the coordinates of point G?",P3Q20_15.png,"(7, 9)","(5, 5)","(9, 7)","(9, 6)","(10, 7)","(9, 7)",20,Geometry and Coordinates,Multiple Choice,P3Q20_15
"When point G is added, DEFG is a square. What are the coordinates of point G?",P3Q20_16.png,"(5, 3)","(1, 4)","(1, 5)","(0, 6)","(5, 1)","(1, 5)",20,Geometry and Coordinates,Multiple Choice,P3Q20_16
"When point G is added, DEFG is a square. What are the coordinates of point G?",P3Q20_17.png,"(7, 4)","(8, 5)","(5, 7)","(4, 6)","(4, 7)","(4, 7)",20,Geometry and Coordinates,Multiple Choice,P3Q20_17
"When point G is added, DEFG is a square. What are the coordinates of point G?",P3Q20_18.png,"(4, 4)","(5, 3)","(5, 11)","(3, 5)","(5, 2)","(5, 3)",20,Geometry and Coordinates,Multiple Choice,P3Q20_18
"When point G is added, DEFG is a square. What are the coordinates of point G?",P3Q20_19.png,"(5, 9)","(6, 7)","(7, 8)","(6, 8)","(8, 6)","(6, 8)",20,Geometry and Coordinates,Multiple Choice,P3Q20_19
"When point G is added, DEFG is a square. What are the coordinates of point G?",P3Q20_20.png,"(4, 9)","(8, 5)","(6, 8)","(5, 8)","(11, 4)","(5, 8)",20,Geometry and Coordinates,Multiple Choice,P3Q20_20
Here is the plan of a room. How far is it all round the edge of this room?,P2Q21_1.png,28,29.5,48,36,31,31,21,Perimeter,Image,P2Q21_1
Here is the plan of a room. How far is it all round the edge of this room?,P2Q21_2.png,28,30,32,40,26,30,21,Perimeter,Image,P2Q21_2
Here is the plan of a room. How far is it all round the edge of this room?,P2Q21_3.png,26,32,24,36,28,28,21,Perimeter,Image,P2Q21_3
Here is the plan of a room. How far is it all round the edge of this room?,P2Q21_4.png,28,30.5,34,33,45,33,21,Perimeter,Image,P2Q21_4
Here is the plan of a room. How far is it all round the edge of this room?,P2Q21_5.png,55,38,34.5,37,32,37,21,Perimeter,Image,P2Q21_5
Here is the plan of a room. How far is it all round the edge of this room?,P2Q21_6.png,38,30,54,33,31.5,33,21,Perimeter,Image,P2Q21_6
Here is the plan of a room. How far is it all round the edge of this room?,P2Q21_7.png,41,38,88,39.5,46,41,21,Perimeter,Image,P2Q21_7
Here is the plan of a room. How far is it all round the edge of this room?,P2Q21_8.png,32,33,35,38,55,38,21,Perimeter,Image,P2Q21_8
Here is the plan of a room. How far is it all round the edge of this room?,P2Q21_9.png,70,37,44,40,34,40,21,Perimeter,Image,P2Q21_9
Here is the plan of a room. How far is it all round the edge of this room?,P2Q21_10.png,44,36,32,34,60,36,21,Perimeter,Image,P2Q21_10
Here is the plan of a room. How far is it all round the edge of this room?,P2Q21_11.png,38,35,70,36,34,36,21,Perimeter,Image,P2Q21_11
Here is the plan of a room. How far is it all round the edge of this room?,P2Q21_12.png,44,90,38,42,40,42,21,Perimeter,Image,P2Q21_12
Here is the plan of a room. How far is it all round the edge of this room?,P2Q21_13.png,63,32,34.5,37,36,37,21,Perimeter,Image,P2Q21_13
Here is the plan of a room. How far is it all round the edge of this room?,P2Q21_14.png,29,27,42,26,32,32,21,Perimeter,Image,P2Q21_14
Here is the plan of a room. How far is it all round the edge of this room?,P2Q21_15.png,44,34,28,49,31,34,21,Perimeter,Image,P2Q21_15
Here is the plan of a room. How far is it all round the edge of this room?,P2Q21_16.png,31.5,40,33,30,56,33,21,Perimeter,Image,P2Q21_16
Here is the plan of a room. How far is it all round the edge of this room?,P2Q21_17.png,42,90,38,48,40,42,21,Perimeter,Image,P2Q21_17
Here is the plan of a room. How far is it all round the edge of this room?,P2Q21_18.png,38,37,35.5,70,34,37,21,Perimeter,Image,P2Q21_18
Here is the plan of a room. How far is it all round the edge of this room?,P2Q21_19.png,31,30,32,54,34,32,21,Perimeter,Image,P2Q21_19
Here is the plan of a room. How far is it all round the edge of this room?,P2Q21_20.png,63,32,36,38,35,38,21,Perimeter,Image,P2Q21_20
"Ravi enjoys lots of out-of-school activities.
On Tuesday Ravi does gymnastics, which costs £8.00.
On Monday Ravi does Cubs, which costs £3.00.
On Wednesday Ravi does French club, which costs £8.50.
On Saturday Ravi does swimming, which costs £5.50.

What is the total cost of Ravi's activities each week?",,£35.00,£25.00,£20.00,£27.00,£25.50,£25.00,21,Money,Multiple Choice,P4Q21_1
"Tom enjoys lots of out-of-school activities.
On Saturday Tom does Cubs, which costs £2.50.
On Monday Tom does swimming, which costs £7.00.
On Tuesday Tom does flute lesson, which costs £12.00.

What is the total cost of Tom's activities each week?",,£17.20,£16.50,£22.00,£31.50,£21.50,£21.50,21,Money,Multiple Choice,P4Q21_2
"Sarah enjoys lots of out-of-school activities.
On Thursday Sarah does piano lesson, which costs £19.00.
On Tuesday Sarah does guitar lesson, which costs £11.50.
On Friday Sarah does Cubs, which costs £5.00.

What is the total cost of Sarah's activities each week?",,£45.50,£30.50,£36.00,£35.50,£28.40,£35.50,21,Money,Multiple Choice,P4Q21_3
"Alice enjoys lots of out-of-school activities.
On Wednesday Alice does Cubs, which costs £4.00.
On Sunday Alice does gymnastics, which costs £7.00.
On Thursday Alice does swimming, which costs £5.50.
On Saturday Alice does French club, which costs £7.00.
On Tuesday Alice does flute lesson, which costs £11.50.

What is the total cost of Alice's activities each week?",,£35.00,£30.00,£45.00,£28.00,£35.50,£35.00,21,Money,Multiple Choice,P4Q21_4
"Jessica enjoys lots of out-of-school activities.
On Tuesday Jessica does gymnastics, which costs £7.00.
On Monday Jessica does German class, which costs £12.50.
On Sunday Jessica does guitar lesson, which costs £11.00.
On Wednesday Jessica does Brownies, which costs £3.00.
On Saturday Jessica does piano lesson, which costs £13.00.

What is the total cost of Jessica's activities each week?",,£41.50,£56.50,£37.20,£47.00,£46.50,£46.50,21,Money,Multiple Choice,P4Q21_5
"Ravi enjoys lots of out-of-school activities.
On Monday Ravi does German class, which costs £8.50.
On Sunday Ravi does Brownies, which costs £2.00.
On Tuesday Ravi does piano lesson, which costs £13.50.

What is the total cost of Ravi's activities each week?",,£19.20,£24.50,£24.00,£19.00,£34.00,£24.00,21,Money,Multiple Choice,P4Q21_6
"Phoebe enjoys lots of out-of-school activities.
On Thursday Phoebe does Cubs, which costs £2.50.
On Sunday Phoebe does flute lesson, which costs £10.50.
On Monday Phoebe does guitar lesson, which costs £9.50.
On Wednesday Phoebe does piano lesson, which costs £14.00.
On Saturday Phoebe does swimming, which costs £4.00.

What is the total cost of Phoebe's activities each week?",,£50.50,£40.50,£32.40,£35.50,£41.00,£40.50,21,Money,Multiple Choice,P4Q21_7
"Phoebe enjoys lots of out-of-school activities.
On Sunday Phoebe does swimming, which costs £4.00.
On Friday Phoebe does piano lesson, which costs £19.00.
On Wednesday Phoebe does football practice, which costs £3.00.
On Monday Phoebe does Cubs, which costs £2.00.

What is the total cost of Phoebe's activities each week?",,£22.40,£28.50,£28.00,£38.00,£23.00,£28.00,21,Money,Multiple Choice,P4Q21_8
"Sarah enjoys lots of out-of-school activities.
On Friday Sarah does flute lesson, which costs £13.00.
On Monday Sarah does German class, which costs £13.50.
On Sunday Sarah does French club, which costs £6.50.
On Tuesday Sarah does gymnastics, which costs £5.00.
On Thursday Sarah does Brownies, which costs £2.50.

What is the total cost of Sarah's activities each week?",,£35.50,£50.50,£41.00,£40.50,£32.40,£40.50,21,Money,Multiple Choice,P4Q21_9
"Jessica enjoys lots of out-of-school activities.
On Monday Jessica does swimming, which costs £7.50.
On Wednesday Jessica does gymnastics, which costs £5.50.
On Sunday Jessica does German class, which costs £12.50.

What is the total cost of Jessica's activities each week?",,£20.50,£25.50,£26.00,£35.50,£20.40,£25.50,21,Money,Multiple Choice,P4Q21_10
"Tom enjoys lots of out-of-school activities.
On Sunday Tom does French club, which costs £7.00.
On Monday Tom does flute lesson, which costs £13.00.
On Wednesday Tom does gymnastics, which costs £7.00.
On Tuesday Tom does Brownies, which costs £2.00.

What is the total cost of Tom's activities each week?",,£29.50,£24.00,£29.00,£39.00,£23.20,£29.00,21,Money,Multiple Choice,P4Q21_11
"Jessica enjoys lots of out-of-school activities.
On Sunday Jessica does gymnastics, which costs £6.00.
On Saturday Jessica does French club, which costs £6.00.
On Wednesday Jessica does guitar lesson, which costs £10.50.
On Friday Jessica does Brownies, which costs £2.50.

What is the total cost of Jessica's activities each week?",,£26.00,£35.00,£25.00,£25.50,£20.00,£25.00,21,Money,Multiple Choice,P4Q21_12
"Tom enjoys lots of out-of-school activities.
On Thursday Tom does French club, which costs £6.50.
On Saturday Tom does flute lesson, which costs £11.50.
On Sunday Tom does Brownies, which costs £5.00.
On Friday Tom does Cubs, which costs £3.50.

What is the total cost of Tom's activities each week?",,£27.00,£36.50,£26.50,£21.20,£21.50,£26.50,21,Money,Multiple Choice,P4Q21_13
"Jessica enjoys lots of out-of-school activities.
On Friday Jessica does piano lesson, which costs £19.00.
On Thursday Jessica does Cubs, which costs £4.00.
On Tuesday Jessica does guitar lesson, which costs £8.00.
On Monday Jessica does Brownies, which costs £3.50.
On Sunday Jessica does gymnastics, which costs £6.00.

What is the total cost of Jessica's activities each week?",,£50.50,£32.40,£40.50,£35.50,£41.00,£40.50,21,Money,Multiple Choice,P4Q21_14
"Sarah enjoys lots of out-of-school activities.
On Sunday Sarah does gymnastics, which costs £8.00.
On Wednesday Sarah does football practice, which costs £4.50.
On Saturday Sarah does French club, which costs £7.50.
On Monday Sarah does German class, which costs £15.00.
On Friday Sarah does piano lesson, which costs £17.50.

What is the total cost of Sarah's activities each week?",,£52.50,£62.50,£53.00,£47.50,£42.00,£52.50,21,Money,Multiple Choice,P4Q21_15
"Tom enjoys lots of out-of-school activities.
On Saturday Tom does piano lesson, which costs £11.00.
On Thursday Tom does gymnastics, which costs £6.50.
On Monday Tom does flute lesson, which costs £9.50.

What is the total cost of Tom's activities each week?",,£27.00,£37.00,£22.00,£21.60,£27.50,£27.00,21,Money,Multiple Choice,P4Q21_16
"Alice enjoys lots of out-of-school activities.
On Friday Alice does Cubs, which costs £5.00.
On Thursday Alice does football practice, which costs £4.50.
On Saturday Alice does French club, which costs £6.00.

What is the total cost of Alice's activities each week?",,£25.50,£10.50,£15.50,£12.40,£16.00,£15.50,21,Money,Multiple Choice,P4Q21_17
"Jessica enjoys lots of out-of-school activities.
On Wednesday Jessica does Brownies, which costs £3.00.
On Sunday Jessica does guitar lesson, which costs £11.50.
On Saturday Jessica does Cubs, which costs £2.00.
On Monday Jessica does French club, which costs £9.00.

What is the total cost of Jessica's activities each week?",,£25.50,£35.50,£26.00,£20.50,£20.40,£25.50,21,Money,Multiple Choice,P4Q21_18
"Sarah enjoys lots of out-of-school activities.
On Sunday Sarah does Cubs, which costs £3.00.
On Friday Sarah does French club, which costs £5.50.
On Wednesday Sarah does guitar lesson, which costs £11.50.
On Tuesday Sarah does flute lesson, which costs £9.50.

What is the total cost of Sarah's activities each week?",,£23.60,£24.50,£29.50,£39.50,£30.00,£29.50,21,Money,Multiple Choice,P4Q21_19
"Ravi enjoys lots of out-of-school activities.
On Wednesday Ravi does German class, which costs £10.50.
On Monday Ravi does football practice, which costs £4.50.
On Tuesday Ravi does Cubs, which costs £3.00.
On Friday Ravi does Brownies, which costs £3.50.
On Sunday Ravi does gymnastics, which costs £6.50.

What is the total cost of Ravi's activities each week?",,£22.40,£28.00,£23.00,£38.00,£28.50,£28.00,21,Money,Multiple Choice,P4Q21_20
"Phoebe enjoys lots of out-of-school activities.
On Wednesday Phoebe does German class, which costs £11.00.
On Monday Phoebe does piano lesson, which costs £18.50.
On Tuesday Phoebe does gymnastics, which costs £5.00.
On Saturday Phoebe does football practice, which costs £7.00.
On Sunday Phoebe does French club, which costs £9.00.

What is the total cost of Phoebe's activities each week?",,£50.50,£45.50,£51.00,£60.50,£40.40,£50.50,21,Money,Multiple Choice,P4Q21_21
"Jessica enjoys lots of out-of-school activities.
On Monday Jessica does Cubs, which costs £3.00.
On Wednesday Jessica does gymnastics, which costs £7.00.
On Friday Jessica does German class, which costs £14.00.
On Saturday Jessica does Brownies, which costs £3.50.

What is the total cost of Jessica's activities each week?",,£28.00,£22.50,£22.00,£27.50,£37.50,£27.50,21,Money,Multiple Choice,P4Q21_22
"Alice enjoys lots of out-of-school activities.
On Saturday Alice does guitar lesson, which costs £9.00.
On Monday Alice does gymnastics, which costs £8.00.
On Friday Alice does Cubs, which costs £3.00.
On Sunday Alice does swimming, which costs £6.00.
On Wednesday Alice does Brownies, which costs £3.50.

What is the total cost of Alice's activities each week?",,£23.60,£30.00,£24.50,£29.50,£39.50,£29.50,21,Money,Multiple Choice,P4Q21_23
"Alice enjoys lots of out-of-school activities.
On Tuesday Alice does gymnastics, which costs £5.50.
On Friday Alice does piano lesson, which costs £11.00.
On Sunday Alice does swimming, which costs £5.00.
On Wednesday Alice does German class, which costs £14.00.

What is the total cost of Alice's activities each week?",,£28.40,£30.50,£35.50,£36.00,£45.50,£35.50,21,Money,Multiple Choice,P4Q21_24
"Phoebe enjoys lots of out-of-school activities.
On Wednesday Phoebe does gymnastics, which costs £7.00.
On Sunday Phoebe does Cubs, which costs £4.00.
On Monday Phoebe does football practice, which costs £5.50.
On Saturday Phoebe does swimming, which costs £5.50.
On Thursday Phoebe does German class, which costs £10.50.

What is the total cost of Phoebe's activities each week?",,£42.50,£27.50,£33.00,£32.50,£26.00,£32.50,21,Money,Multiple Choice,P4Q21_25
"Sarah enjoys lots of out-of-school activities.
On Thursday Sarah does gymnastics, which costs £5.50.
On Sunday Sarah does guitar lesson, which costs £13.50.
On Friday Sarah does flute lesson, which costs £10.00.

What is the total cost of Sarah's activities each week?",,£29.50,£24.00,£29.00,£39.00,£23.20,£29.00,21,Money,Multiple Choice,P4Q21_26
"Sarah enjoys lots of out-of-school activities.
On Monday Sarah does football practice, which costs £5.50.
On Sunday Sarah does flute lesson, which costs £11.00.
On Wednesday Sarah does guitar lesson, which costs £8.00.
On Saturday Sarah does Brownies, which costs £3.00.

What is the total cost of Sarah's activities each week?",,£22.50,£28.00,£22.00,£37.50,£27.50,£27.50,21,Money,Multiple Choice,P4Q21_27
"Sarah enjoys lots of out-of-school activities.
On Friday Sarah does flute lesson, which costs £9.00.
On Wednesday Sarah does gymnastics, which costs £8.00.
On Tuesday Sarah does Brownies, which costs £2.50.
On Saturday Sarah does swimming, which costs £7.50.
On Monday Sarah does piano lesson, which costs £11.00.

What is the total cost of Sarah's activities each week?",,£48.00,£30.40,£38.00,£38.50,£33.00,£38.00,21,Money,Multiple Choice,P4Q21_28
"Tom enjoys lots of out-of-school activities.
On Monday Tom does Brownies, which costs £4.00.
On Thursday Tom does Cubs, which costs £5.00.
On Friday Tom does guitar lesson, which costs £13.00.
On Saturday Tom does German class, which costs £13.50.
On Wednesday Tom does flute lesson, which costs £11.00.

What is the total cost of Tom's activities each week?",,£47.00,£41.50,£56.50,£37.20,£46.50,£46.50,21,Money,Multiple Choice,P4Q21_29
"Ravi enjoys lots of out-of-school activities.
On Thursday Ravi does piano lesson, which costs £17.00.
On Saturday Ravi does football practice, which costs £6.00.
On Sunday Ravi does gymnastics, which costs £7.50.

What is the total cost of Ravi's activities each week?",,£31.00,£24.40,£25.50,£30.50,£40.50,£30.50,21,Money,Multiple Choice,P4Q21_30
"Jessica enjoys lots of out-of-school activities.
On Thursday Jessica does Cubs, which costs £2.00.
On Saturday Jessica does flute lesson, which costs £14.50.
On Wednesday Jessica does German class, which costs £14.50.
On Sunday Jessica does French club, which costs £9.50.

What is the total cost of Jessica's activities each week?",,£40.50,£41.00,£35.50,£50.50,£32.40,£40.50,21,Money,Multiple Choice,P4Q21_31
"Phoebe enjoys lots of out-of-school activities.
On Saturday Phoebe does piano lesson, which costs £16.00.
On Friday Phoebe does flute lesson, which costs £14.50.
On Monday Phoebe does French club, which costs £6.00.
On Sunday Phoebe does guitar lesson, which costs £9.50.
On Wednesday Phoebe does Brownies, which costs £3.50.

What is the total cost of Phoebe's activities each week?",,£44.50,£39.60,£49.50,£50.00,£59.50,£49.50,21,Money,Multiple Choice,P4Q21_32
"Ravi enjoys lots of out-of-school activities.
On Thursday Ravi does flute lesson, which costs £15.00.
On Wednesday Ravi does guitar lesson, which costs £9.00.
On Saturday Ravi does piano lesson, which costs £17.00.
On Tuesday Ravi does Brownies, which costs £3.50.

What is the total cost of Ravi's activities each week?",,£45.00,£39.50,£44.50,£35.60,£54.50,£44.50,21,Money,Multiple Choice,P4Q21_33
"Phoebe enjoys lots of out-of-school activities.
On Wednesday Phoebe does German class, which costs £15.00.
On Saturday Phoebe does football practice, which costs £4.00.
On Sunday Phoebe does Cubs, which costs £3.50.
On Monday Phoebe does guitar lesson, which costs £15.00.

What is the total cost of Phoebe's activities each week?",,£47.50,£30.00,£38.00,£32.50,£37.50,£37.50,21,Money,Multiple Choice,P4Q21_34
"Tom enjoys lots of out-of-school activities.
On Saturday Tom does guitar lesson, which costs £11.00.
On Tuesday Tom does flute lesson, which costs £8.00.
On Thursday Tom does piano lesson, which costs £19.00.

What is the total cost of Tom's activities each week?",,£38.50,£48.00,£33.00,£30.40,£38.00,£38.00,21,Money,Multiple Choice,P4Q21_35
"Alice enjoys lots of out-of-school activities.
On Wednesday Alice does Brownies, which costs £5.00.
On Monday Alice does French club, which costs £9.50.
On Saturday Alice does flute lesson, which costs £10.00.
On Tuesday Alice does piano lesson, which costs £14.00.
On Thursday Alice does swimming, which costs £6.00.

What is the total cost of Alice's activities each week?",,£54.50,£45.00,£35.60,£44.50,£39.50,£44.50,21,Money,Multiple Choice,P4Q21_36
"Tom enjoys lots of out-of-school activities.
On Saturday Tom does flute lesson, which costs £13.00.
On Monday Tom does French club, which costs £5.00.
On Wednesday Tom does German class, which costs £15.00.
On Sunday Tom does gymnastics, which costs £6.00.

What is the total cost of Tom's activities each week?",,£49.00,£39.00,£39.50,£34.00,£31.20,£39.00,21,Money,Multiple Choice,P4Q21_37
"Sarah enjoys lots of out-of-school activities.
On Monday Sarah does flute lesson, which costs £8.50.
On Friday Sarah does swimming, which costs £5.50.
On Wednesday Sarah does football practice, which costs £6.50.

What is the total cost of Sarah's activities each week?",,£15.50,£21.00,£16.40,£30.50,£20.50,£20.50,21,Money,Multiple Choice,P4Q21_38
"Jessica enjoys lots of out-of-school activities.
On Saturday Jessica does swimming, which costs £7.00.
On Friday Jessica does piano lesson, which costs £10.00.
On Sunday Jessica does Cubs, which costs £3.50.
On Monday Jessica does German class, which costs £14.50.

What is the total cost of Jessica's activities each week?",,£28.00,£45.00,£35.50,£30.00,£35.00,£35.00,21,Money,Multiple Choice,P4Q21_39
"Ravi enjoys lots of out-of-school activities.
On Sunday Ravi does guitar lesson, which costs £12.50.
On Thursday Ravi does piano lesson, which costs £11.00.
On Friday Ravi does Brownies, which costs £2.00.

What is the total cost of Ravi's activities each week?",,£20.40,£25.50,£20.50,£35.50,£26.00,£25.50,21,Money,Multiple Choice,P4Q21_40
"Jessica enjoys lots of out-of-school activities.
On Friday Jessica does Cubs, which costs £4.50.
On Monday Jessica does German class, which costs £12.00.
On Thursday Jessica does gymnastics, which costs £7.50.

What is the total cost of Jessica's activities each week?",,£34.00,£24.00,£19.00,£19.20,£24.50,£24.00,21,Money,Multiple Choice,P4Q21_41
"Alice enjoys lots of out-of-school activities.
On Saturday Alice does football practice, which costs £3.50.
On Friday Alice does Cubs, which costs £4.50.
On Wednesday Alice does piano lesson, which costs £16.50.
On Monday Alice does French club, which costs £6.00.

What is the total cost of Alice's activities each week?",,£40.50,£25.50,£31.00,£24.40,£30.50,£30.50,21,Money,Multiple Choice,P4Q21_42
"Phoebe enjoys lots of out-of-school activities.
On Monday Phoebe does piano lesson, which costs £13.00.
On Friday Phoebe does German class, which costs £14.00.
On Sunday Phoebe does guitar lesson, which costs £8.00.

What is the total cost of Phoebe's activities each week?",,£35.50,£30.00,£45.00,£28.00,£35.00,£35.00,21,Money,Multiple Choice,P4Q21_43
"Tom enjoys lots of out-of-school activities.
On Saturday Tom does football practice, which costs £5.00.
On Thursday Tom does swimming, which costs £6.00.
On Friday Tom does French club, which costs £9.00.
On Monday Tom does Brownies, which costs £2.50.

What is the total cost of Tom's activities each week?",,£18.00,£32.50,£23.00,£22.50,£17.50,£22.50,21,Money,Multiple Choice,P4Q21_44
"Alice enjoys lots of out-of-school activities.
On Saturday Alice does gymnastics, which costs £6.50.
On Friday Alice does piano lesson, which costs £11.00.
On Wednesday Alice does flute lesson, which costs £11.50.
On Tuesday Alice does German class, which costs £13.00.

What is the total cost of Alice's activities each week?",,£52.00,£42.00,£33.60,£37.00,£42.50,£42.00,21,Money,Multiple Choice,P4Q21_45
"Phoebe enjoys lots of out-of-school activities.
On Thursday Phoebe does guitar lesson, which costs £10.00.
On Tuesday Phoebe does German class, which costs £12.00.
On Saturday Phoebe does gymnastics, which costs £6.00.

What is the total cost of Phoebe's activities each week?",,£38.00,£28.50,£22.40,£23.00,£28.00,£28.00,21,Money,Multiple Choice,P4Q21_46
"Sarah enjoys lots of out-of-school activities.
On Tuesday Sarah does French club, which costs £8.50.
On Friday Sarah does gymnastics, which costs £6.50.
On Saturday Sarah does Brownies, which costs £2.50.
On Wednesday Sarah does German class, which costs £9.00.
On Thursday Sarah does piano lesson, which costs £20.00.

What is the total cost of Sarah's activities each week?",,£46.50,£37.20,£56.50,£47.00,£41.50,£46.50,21,Money,Multiple Choice,P4Q21_47
"Jessica enjoys lots of out-of-school activities.
On Friday Jessica does German class, which costs £12.00.
On Saturday Jessica does French club, which costs £7.50.
On Thursday Jessica does gymnastics, which costs £7.00.

What is the total cost of Jessica's activities each week?",,£26.50,£27.00,£21.20,£36.50,£21.50,£26.50,21,Money,Multiple Choice,P4Q21_48
"Phoebe enjoys lots of out-of-school activities.
On Monday Phoebe does French club, which costs £7.50.
On Friday Phoebe does German class, which costs £14.50.
On Saturday Phoebe does flute lesson, which costs £13.00.

What is the total cost of Phoebe's activities each week?",,£35.00,£35.50,£28.00,£45.00,£30.00,£35.00,21,Money,Multiple Choice,P4Q21_49
"Tom enjoys lots of out-of-school activities.
On Friday Tom does swimming, which costs £6.50.
On Wednesday Tom does football practice, which costs £4.50.
On Thursday Tom does piano lesson, which costs £17.00.

What is the total cost of Tom's activities each week?",,£22.40,£38.00,£28.50,£23.00,£28.00,£28.00,21,Money,Multiple Choice,P4Q21_50
Which shape has more than two lines of symmetry?,,Rectangle,Isosceles Triangle,Rhombus,Regular Hexagon,Kite,Regular Hexagon,22,Geometry,Text,P2Q22_1
Which shape has more than two lines of symmetry?,,Rhombus,Parallelogram,Isosceles Triangle,Equilateral Triangle,Scalene Triangle,Equilateral Triangle,22,Geometry,Text,P2Q22_2
Which shape has more than two lines of symmetry?,,Rectangle,Isosceles Triangle,Regular Pentagon,Kite,Rhombus,Regular Pentagon,22,Geometry,Text,P2Q22_3
Which shape has more than two lines of symmetry?,,Regular Pentagon,Kite,Scalene Triangle,Parallelogram,Rectangle,Regular Pentagon,22,Geometry,Text,P2Q22_4
Which shape has more than two lines of symmetry?,,Rectangle,Scalene Triangle,Kite,Regular Pentagon,Parallelogram,Regular Pentagon,22,Geometry,Text,P2Q22_5
Which shape has more than two lines of symmetry?,,Rhombus,Kite,Scalene Triangle,Isosceles Triangle,Regular Pentagon,Regular Pentagon,22,Geometry,Text,P2Q22_6
Which shape has more than two lines of symmetry?,,Isosceles Triangle,Circle,Rectangle,Rhombus,Parallelogram,Circle,22,Geometry,Text,P2Q22_7
Which shape has more than two lines of symmetry?,,Isosceles Triangle,Rhombus,Regular Octagon,Rectangle,Kite,Regular Octagon,22,Geometry,Text,P2Q22_8
Which shape has more than two lines of symmetry?,,Parallelogram,Kite,Rectangle,Circle,Rhombus,Circle,22,Geometry,Text,P2Q22_9
Which shape has more than two lines of symmetry?,,Regular Octagon,Rhombus,Isosceles Triangle,Parallelogram,Scalene Triangle,Regular Octagon,22,Geometry,Text,P2Q22_10
Which shape has more than two lines of symmetry?,,Parallelogram,Scalene Triangle,Kite,Rectangle,Square,Square,22,Geometry,Text,P2Q22_11
Which shape has more than two lines of symmetry?,,Kite,Regular Hexagon,Rectangle,Rhombus,Isosceles Triangle,Regular Hexagon,22,Geometry,Text,P2Q22_12
Which shape has more than two lines of symmetry?,,Parallelogram,Rhombus,Square,Scalene Triangle,Kite,Square,22,Geometry,Text,P2Q22_13
Which shape has more than two lines of symmetry?,,Isosceles Triangle,Rectangle,Square,Parallelogram,Scalene Triangle,Square,22,Geometry,Text,P2Q22_14
Which shape has more than two lines of symmetry?,,Circle,Rectangle,Scalene Triangle,Parallelogram,Rhombus,Circle,22,Geometry,Text,P2Q22_15
Which shape has more than two lines of symmetry?,,Rectangle,Parallelogram,Scalene Triangle,Isosceles Triangle,Regular Pentagon,Regular Pentagon,22,Geometry,Text,P2Q22_16
Which shape has more than two lines of symmetry?,,Rectangle,Parallelogram,Regular Hexagon,Rhombus,Isosceles Triangle,Regular Hexagon,22,Geometry,Text,P2Q22_17
Which shape has more than two lines of symmetry?,,Scalene Triangle,Kite,Isosceles Triangle,Square,Rhombus,Square,22,Geometry,Text,P2Q22_18
Which shape has more than two lines of symmetry?,,Rectangle,Regular Octagon,Scalene Triangle,Isosceles Triangle,Rhombus,Regular Octagon,22,Geometry,Text,P2Q22_19
Which shape has more than two lines of symmetry?,,Scalene Triangle,Regular Pentagon,Rhombus,Kite,Rectangle,Regular Pentagon,22,Geometry,Text,P2Q22_20
Which shape has more than two lines of symmetry?,,Regular Hexagon,Isosceles Triangle,Rectangle,Parallelogram,Scalene Triangle,Regular Hexagon,22,Geometry,Text,P2Q22_21
Which shape has more than two lines of symmetry?,,Rhombus,Kite,Rectangle,Regular Octagon,Scalene Triangle,Regular Octagon,22,Geometry,Text,P2Q22_22
Which shape has more than two lines of symmetry?,,Isosceles Triangle,Parallelogram,Regular Octagon,Kite,Rhombus,Regular Octagon,22,Geometry,Text,P2Q22_23
Which shape has more than two lines of symmetry?,,Isosceles Triangle,Kite,Scalene Triangle,Regular Octagon,Parallelogram,Regular Octagon,22,Geometry,Text,P2Q22_24
Which shape has more than two lines of symmetry?,,Circle,Isosceles Triangle,Rhombus,Kite,Rectangle,Circle,22,Geometry,Text,P2Q22_25
Which shape has more than two lines of symmetry?,,Parallelogram,Scalene Triangle,Rectangle,Equilateral Triangle,Isosceles Triangle,Equilateral Triangle,22,Geometry,Text,P2Q22_26
Which shape has more than two lines of symmetry?,,Parallelogram,Kite,Regular Pentagon,Rhombus,Rectangle,Regular Pentagon,22,Geometry,Text,P2Q22_27
Which shape has more than two lines of symmetry?,,Rhombus,Isosceles Triangle,Rectangle,Parallelogram,Regular Hexagon,Regular Hexagon,22,Geometry,Text,P2Q22_28
Which shape has more than two lines of symmetry?,,Rectangle,Kite,Regular Pentagon,Parallelogram,Isosceles Triangle,Regular Pentagon,22,Geometry,Text,P2Q22_29
Which shape has more than two lines of symmetry?,,Parallelogram,Rectangle,Rhombus,Isosceles Triangle,Equilateral Triangle,Equilateral Triangle,22,Geometry,Text,P2Q22_30
Which shape has more than two lines of symmetry?,,Kite,Scalene Triangle,Rhombus,Rectangle,Regular Octagon,Regular Octagon,22,Geometry,Text,P2Q22_31
Which shape has more than two lines of symmetry?,,Parallelogram,Kite,Regular Pentagon,Rhombus,Rectangle,Regular Pentagon,22,Geometry,Text,P2Q22_32
Which shape has more than two lines of symmetry?,,Rectangle,Rhombus,Regular Pentagon,Parallelogram,Scalene Triangle,Regular Pentagon,22,Geometry,Text,P2Q22_33
Which shape has more than two lines of symmetry?,,Rhombus,Scalene Triangle,Kite,Square,Isosceles Triangle,Square,22,Geometry,Text,P2Q22_34
Which shape has more than two lines of symmetry?,,Scalene Triangle,Kite,Rectangle,Regular Hexagon,Isosceles Triangle,Regular Hexagon,22,Geometry,Text,P2Q22_35
Which shape has more than two lines of symmetry?,,Square,Rhombus,Isosceles Triangle,Scalene Triangle,Parallelogram,Square,22,Geometry,Text,P2Q22_36
Which shape has more than two lines of symmetry?,,Scalene Triangle,Kite,Isosceles Triangle,Rhombus,Regular Hexagon,Regular Hexagon,22,Geometry,Text,P2Q22_37
Which shape has more than two lines of symmetry?,,Kite,Parallelogram,Scalene Triangle,Equilateral Triangle,Isosceles Triangle,Equilateral Triangle,22,Geometry,Text,P2Q22_38
Which shape has more than two lines of symmetry?,,Scalene Triangle,Circle,Isosceles Triangle,Parallelogram,Rectangle,Circle,22,Geometry,Text,P2Q22_39
Which shape has more than two lines of symmetry?,,Regular Pentagon,Rhombus,Parallelogram,Scalene Triangle,Rectangle,Regular Pentagon,22,Geometry,Text,P2Q22_40
Which shape has more than two lines of symmetry?,,Equilateral Triangle,Isosceles Triangle,Rectangle,Parallelogram,Rhombus,Equilateral Triangle,22,Geometry,Text,P2Q22_41
Which shape has more than two lines of symmetry?,,Isosceles Triangle,Equilateral Triangle,Kite,Rectangle,Scalene Triangle,Equilateral Triangle,22,Geometry,Text,P2Q22_42
Which shape has more than two lines of symmetry?,,Scalene Triangle,Isosceles Triangle,Circle,Rhombus,Parallelogram,Circle,22,Geometry,Text,P2Q22_43
Which shape has more than two lines of symmetry?,,Rectangle,Circle,Rhombus,Isosceles Triangle,Parallelogram,Circle,22,Geometry,Text,P2Q22_44
Which shape has more than two lines of symmetry?,,Scalene Triangle,Isosceles Triangle,Rhombus,Parallelogram,Equilateral Triangle,Equilateral Triangle,22,Geometry,Text,P2Q22_45
Which shape has more than two lines of symmetry?,,Kite,Regular Hexagon,Scalene Triangle,Parallelogram,Isosceles Triangle,Regular Hexagon,22,Geometry,Text,P2Q22_46
Which shape has more than two lines of symmetry?,,Scalene Triangle,Rectangle,Isosceles Triangle,Regular Octagon,Rhombus,Regular Octagon,22,Geometry,Text,P2Q22_47
Which shape has more than two lines of symmetry?,,Kite,Regular Hexagon,Rectangle,Rhombus,Parallelogram,Regular Hexagon,22,Geometry,Text,P2Q22_48
Which shape has more than two lines of symmetry?,,Kite,Rhombus,Rectangle,Scalene Triangle,Regular Octagon,Regular Octagon,22,Geometry,Text,P2Q22_49
Which shape has more than two lines of symmetry?,,Circle,Parallelogram,Isosceles Triangle,Rhombus,Rectangle,Circle,22,Geometry,Text,P2Q22_50
This graph converts Pounds (£) to Dollars ($). How many Pounds (£) are in 90 Dollars ($)?,P3Q22_1.png,135 Pounds (£),50 Pounds (£),70 Pounds (£),600 Pounds (£),60 Pounds (£),60 Pounds (£),22,Algebra and Graphs,Multiple Choice,P3Q22_1
This graph converts Gallons to Litres. How many Gallons are in 90 Litres?,P3Q22_2.png,20 Gallons,200 Gallons,2.0 Gallons,10 Gallons,405 Gallons,20 Gallons,22,Algebra and Graphs,Multiple Choice,P3Q22_2
This graph converts Litres to Pints. How many Litres are in 14 Pints?,P3Q22_3.png,14 Litres,9 Litres,8 Litres,24.5 Litres,7 Litres,8 Litres,22,Algebra and Graphs,Multiple Choice,P3Q22_3
This graph converts Euros (€) to Pounds (£). How many Euros (€) are in 8 Pounds (£)?,P3Q22_4.png,8 Euros (€),10 Euros (€),9 Euros (€),6.4 Euros (€),11 Euros (€),10 Euros (€),22,Algebra and Graphs,Multiple Choice,P3Q22_4
This graph converts Euros (€) to Pounds (£). How many Pounds (£) are in 10 Euros (€)?,P3Q22_5.png,12.5 Pounds (£),10 Pounds (£),7 Pounds (£),8 Pounds (£),9 Pounds (£),8 Pounds (£),22,Algebra and Graphs,Multiple Choice,P3Q22_5
This graph converts Pounds (£) to Dollars ($). How many Pounds (£) are in 60 Dollars ($)?,P3Q22_6.png,4.0 Pounds (£),40 Pounds (£),90 Pounds (£),50 Pounds (£),400 Pounds (£),40 Pounds (£),22,Algebra and Graphs,Multiple Choice,P3Q22_6
This graph converts Pounds (£) to Dollars ($). How many Pounds (£) are in 90 Dollars ($)?,P3Q22_7.png,70 Pounds (£),50 Pounds (£),60 Pounds (£),135 Pounds (£),600 Pounds (£),60 Pounds (£),22,Algebra and Graphs,Multiple Choice,P3Q22_7
This graph converts Euros (€) to Pounds (£). How many Pounds (£) are in 150 Euros (€)?,P3Q22_8.png,12.0 Pounds (£),110 Pounds (£),120 Pounds (£),1200 Pounds (£),150 Pounds (£),120 Pounds (£),22,Algebra and Graphs,Multiple Choice,P3Q22_8
This graph converts Inches to Centimetres. How many Centimetres are in 20 Inches?,P3Q22_9.png,50 Centimetres,20 Centimetres,8 Centimetres,40 Centimetres,5.0 Centimetres,50 Centimetres,22,Algebra and Graphs,Multiple Choice,P3Q22_9
This graph converts Euros (€) to Pounds (£). How many Pounds (£) are in 50 Euros (€)?,P3Q22_10.png,30 Pounds (£),50 Pounds (£),400 Pounds (£),40 Pounds (£),4.0 Pounds (£),40 Pounds (£),22,Algebra and Graphs,Multiple Choice,P3Q22_10
This graph converts Litres to Pints. How many Pints are in 4 Litres?,P3Q22_11.png,2.3 Pints,6 Pints,7 Pints,4 Pints,8 Pints,7 Pints,22,Algebra and Graphs,Multiple Choice,P3Q22_11
This graph converts Kilograms to Pounds (lbs). How many Kilograms are in 22 Pounds (lbs)?,P3Q22_12.png,9 Kilograms,11 Kilograms,22 Kilograms,48.4 Kilograms,10 Kilograms,10 Kilograms,22,Algebra and Graphs,Multiple Choice,P3Q22_12
This graph converts Miles to Kilometres. How many Kilometres are in 200 Miles?,P3Q22_13.png,32.0 Kilometres,320 Kilometres,3200 Kilometres,330 Kilometres,200 Kilometres,320 Kilometres,22,Algebra and Graphs,Multiple Choice,P3Q22_13
This graph converts Gallons to Litres. How many Litres are in 10 Gallons?,P3Q22_14.png,44 Litres,10 Litres,45 Litres,2.2 Litres,46 Litres,45 Litres,22,Algebra and Graphs,Multiple Choice,P3Q22_14
This graph converts Miles to Kilometres. How many Kilometres are in 200 Miles?,P3Q22_15.png,200 Kilometres,3200 Kilometres,320 Kilometres,32.0 Kilometres,330 Kilometres,320 Kilometres,22,Algebra and Graphs,Multiple Choice,P3Q22_15
This graph converts Litres to Pints. How many Litres are in 210 Pints?,P3Q22_16.png,367.5 Litres,120 Litres,12.0 Litres,110 Litres,1200 Litres,120 Litres,22,Algebra and Graphs,Multiple Choice,P3Q22_16
This graph converts Miles to Kilometres. How many Miles are in 24 Kilometres?,P3Q22_17.png,15 Miles,38.4 Miles,14 Miles,16 Miles,24 Miles,15 Miles,22,Algebra and Graphs,Multiple Choice,P3Q22_17
This graph converts Inches to Centimetres. How many Centimetres are in 100 Inches?,P3Q22_18.png,40 Centimetres,100 Centimetres,260 Centimetres,250 Centimetres,240 Centimetres,250 Centimetres,22,Algebra and Graphs,Multiple Choice,P3Q22_18
This graph converts Pounds (£) to Dollars ($). How many Dollars ($) are in 80 Pounds (£)?,P3Q22_19.png,12.0 Dollars ($),80 Dollars ($),110 Dollars ($),120 Dollars ($),1200 Dollars ($),120 Dollars ($),22,Algebra and Graphs,Multiple Choice,P3Q22_19
This graph converts Kilograms to Pounds (lbs). How many Pounds (lbs) are in 5 Kilograms?,P3Q22_20.png,11 Pounds (lbs),5 Pounds (lbs),2.3 Pounds (lbs),10 Pounds (lbs),12 Pounds (lbs),11 Pounds (lbs),22,Algebra and Graphs,Multiple Choice,P3Q22_20
"In the parallelogram below, angle y measures 100°.
What is the value of angle x?",P4Q22_1.png,100°,85°,60°,70°,90°,80°,22,Geometry,Multiple Choice,P4Q22_1
"In the parallelogram below, angle y measures 105°.
What is the value of angle x?",P4Q22_1.png,105°,90°,75°,85°,70°,75°,22,Geometry,Multiple Choice,P4Q22_2
"In the parallelogram below, angle y measures 100°.
What is the value of angle x?",P4Q22_1.png,60°,90°,70°,80°,75°,80°,22,Geometry,Multiple Choice,P4Q22_3
"In the parallelogram below, angle y measures 105°.
What is the value of angle x?",P4Q22_1.png,105°,90°,55°,75°,95°,75°,22,Geometry,Multiple Choice,P4Q22_4
"In the parallelogram below, angle y measures 125°.
What is the value of angle x?",P4Q22_1.png,125°,90°,45°,65°,50°,55°,22,Geometry,Multiple Choice,P4Q22_5
"In the parallelogram below, angle y measures 140°.
What is the value of angle x?",P4Q22_1.png,140°,90°,30°,35°,50°,40°,22,Geometry,Multiple Choice,P4Q22_6
"In the parallelogram below, angle y measures 120°.
What is the value of angle x?",P4Q22_1.png,120°,90°,40°,60°,55°,60°,22,Geometry,Multiple Choice,P4Q22_7
"In the parallelogram below, angle y measures 115°.
What is the value of angle x?",P4Q22_1.png,115°,90°,85°,65°,55°,65°,22,Geometry,Multiple Choice,P4Q22_8
"In the parallelogram below, angle y measures 130°.
What is the value of angle x?",P4Q22_1.png,130°,90°,70°,50°,30°,50°,22,Geometry,Multiple Choice,P4Q22_9
"In the parallelogram below, angle y measures 135°.
What is the value of angle x?",P4Q22_1.png,135°,90°,45°,50°,65°,45°,22,Geometry,Multiple Choice,P4Q22_10
"In the parallelogram below, angle y measures 115°.
What is the value of angle x?",P4Q22_1.png,115°,90°,45°,65°,70°,65°,22,Geometry,Multiple Choice,P4Q22_11
"In the parallelogram below, angle y measures 140°.
What is the value of angle x?",P4Q22_1.png,140°,90°,35°,30°,40°,40°,22,Geometry,Multiple Choice,P4Q22_12
"In the parallelogram below, angle y measures 135°.
What is the value of angle x?",P4Q22_1.png,135°,90°,25°,55°,45°,45°,22,Geometry,Multiple Choice,P4Q22_13
"In the parallelogram below, angle y measures 130°.
What is the value of angle x?",P4Q22_1.png,130°,90°,60°,50°,40°,50°,22,Geometry,Multiple Choice,P4Q22_14
"In the parallelogram below, angle y measures 130°.
What is the value of angle x?",P4Q22_1.png,130°,90°,70°,50°,60°,50°,22,Geometry,Multiple Choice,P4Q22_15
"In the parallelogram below, angle y measures 115°.
What is the value of angle x?",P4Q22_1.png,115°,90°,45°,70°,75°,65°,22,Geometry,Multiple Choice,P4Q22_16
"In the parallelogram below, angle y measures 110°.
What is the value of angle x?",P4Q22_1.png,110°,70°,90°,60°,80°,70°,22,Geometry,Multiple Choice,P4Q22_17
"In the parallelogram below, angle y measures 100°.
What is the value of angle x?",P4Q22_1.png,100°,90°,75°,85°,80°,80°,22,Geometry,Multiple Choice,P4Q22_18
"In the parallelogram below, angle y measures 100°.
What is the value of angle x?",P4Q22_1.png,70°,80°,100°,75°,90°,80°,22,Geometry,Multiple Choice,P4Q22_19
"In the parallelogram below, angle y measures 130°.
What is the value of angle x?",P4Q22_1.png,130°,90°,40°,45°,30°,50°,22,Geometry,Multiple Choice,P4Q22_20
Which number is exactly divisible by 2 and 5?,,40,45,42,39,41,40,23,Multiples,Text,P2Q23_1
Which number is exactly divisible by 2 and 9?,,55,56,53,63,54,54,23,Multiples,Text,P2Q23_2
Which number is exactly divisible by 4 and 5?,,99,105,101,104,100,100,23,Multiples,Text,P2Q23_3
Which number is exactly divisible by 2 and 9?,,53,63,56,55,54,54,23,Multiples,Text,P2Q23_4
Which number is exactly divisible by 3 and 4?,,25,28,27,24,23,24,23,Multiples,Text,P2Q23_5
Which number is exactly divisible by 2 and 5?,,55,49,51,50,52,50,23,Multiples,Text,P2Q23_6
Which number is exactly divisible by 4 and 5?,,99,105,100,104,101,100,23,Multiples,Text,P2Q23_7
Which number is exactly divisible by 3 and 4?,,27,25,24,28,23,24,23,Multiples,Text,P2Q23_8
Which number is exactly divisible by 3 and 4?,,60,64,59,63,61,60,23,Multiples,Text,P2Q23_9
Which number is exactly divisible by 4 and 5?,,99,101,100,105,104,100,23,Multiples,Text,P2Q23_10
Which number is exactly divisible by 4 and 5?,,41,44,40,45,39,40,23,Multiples,Text,P2Q23_11
Which number is exactly divisible by 4 and 5?,,65,59,61,64,60,60,23,Multiples,Text,P2Q23_12
Which number is exactly divisible by 4 and 5?,,100,104,101,99,105,100,23,Multiples,Text,P2Q23_13
Which number is exactly divisible by 2 and 5?,,29,31,32,30,35,30,23,Multiples,Text,P2Q23_14
Which number is exactly divisible by 4 and 5?,,80,79,85,81,84,80,23,Multiples,Text,P2Q23_15
Which number is exactly divisible by 4 and 5?,,80,81,85,79,84,80,23,Multiples,Text,P2Q23_16
Which number is exactly divisible by 3 and 4?,,59,60,64,63,61,60,23,Multiples,Text,P2Q23_17
Which number is exactly divisible by 3 and 4?,,40,36,37,39,35,36,23,Multiples,Text,P2Q23_18
Which number is exactly divisible by 3 and 4?,,49,51,47,48,52,48,23,Multiples,Text,P2Q23_19
Which number is exactly divisible by 4 and 5?,,64,61,59,65,60,60,23,Multiples,Text,P2Q23_20
Which number is exactly divisible by 2 and 5?,,21,25,19,22,20,20,23,Multiples,Text,P2Q23_21
Which number is exactly divisible by 2 and 5?,,50,55,51,52,49,50,23,Multiples,Text,P2Q23_22
Which number is exactly divisible by 4 and 5?,,61,59,60,65,64,60,23,Multiples,Text,P2Q23_23
Which number is exactly divisible by 4 and 5?,,44,40,45,39,41,40,23,Multiples,Text,P2Q23_24
Which number is exactly divisible by 4 and 5?,,79,85,81,80,84,80,23,Multiples,Text,P2Q23_25
Which number is exactly divisible by 3 and 4?,,49,47,52,51,48,48,23,Multiples,Text,P2Q23_26
Which number is exactly divisible by 2 and 9?,,53,55,54,63,56,54,23,Multiples,Text,P2Q23_27
Which number is exactly divisible by 3 and 4?,,24,23,28,25,27,24,23,Multiples,Text,P2Q23_28
Which number is exactly divisible by 4 and 5?,,79,85,81,80,84,80,23,Multiples,Text,P2Q23_29
Which number is exactly divisible by 4 and 5?,,79,81,84,85,80,80,23,Multiples,Text,P2Q23_30
Which number is exactly divisible by 3 and 4?,,60,59,61,63,64,60,23,Multiples,Text,P2Q23_31
Which number is exactly divisible by 4 and 5?,,79,81,84,80,85,80,23,Multiples,Text,P2Q23_32
Which number is exactly divisible by 2 and 9?,,81,71,73,74,72,72,23,Multiples,Text,P2Q23_33
Which number is exactly divisible by 3 and 4?,,47,51,48,49,52,48,23,Multiples,Text,P2Q23_34
Which number is exactly divisible by 2 and 9?,,45,37,36,35,38,36,23,Multiples,Text,P2Q23_35
Which number is exactly divisible by 2 and 9?,,38,35,45,37,36,36,23,Multiples,Text,P2Q23_36
Which number is exactly divisible by 3 and 4?,,48,52,47,49,51,48,23,Multiples,Text,P2Q23_37
Which number is exactly divisible by 3 and 4?,,39,36,40,37,35,36,23,Multiples,Text,P2Q23_38
Which number is exactly divisible by 3 and 4?,,63,64,60,59,61,60,23,Multiples,Text,P2Q23_39
Which number is exactly divisible by 4 and 5?,,105,101,104,99,100,100,23,Multiples,Text,P2Q23_40
Which number is exactly divisible by 4 and 5?,,59,60,64,61,65,60,23,Multiples,Text,P2Q23_41
Which number is exactly divisible by 2 and 5?,,22,20,21,19,25,20,23,Multiples,Text,P2Q23_42
Which number is exactly divisible by 2 and 5?,,49,50,51,52,55,50,23,Multiples,Text,P2Q23_43
Which number is exactly divisible by 4 and 5?,,60,59,65,64,61,60,23,Multiples,Text,P2Q23_44
Which number is exactly divisible by 4 and 5?,,64,59,60,65,61,60,23,Multiples,Text,P2Q23_45
Which number is exactly divisible by 4 and 5?,,64,65,61,60,59,60,23,Multiples,Text,P2Q23_46
Which number is exactly divisible by 2 and 5?,,20,21,22,25,19,20,23,Multiples,Text,P2Q23_47
Which number is exactly divisible by 2 and 5?,,20,19,22,25,21,20,23,Multiples,Text,P2Q23_48
Which number is exactly divisible by 3 and 4?,,39,40,35,36,37,36,23,Multiples,Text,P2Q23_49
Which number is exactly divisible by 2 and 9?,,74,73,72,71,81,72,23,Multiples,Text,P2Q23_50
Sarah attends Art Classes for a full year. Use the notice board to calculate the total cost of the lessons.,P3Q23_1.png,£783.75,£807.50,£1235.00,£33.00,£261.25,£783.75,23,Number - Money and Measure,Multiple Choice,P3Q23_1
Emma attends Tennis Coaching for a full year. Use the notice board to calculate the total cost of the lessons.,P3Q23_2.png,£783.75,£261.25,£33.00,£807.50,£1235.00,£783.75,23,Number - Money and Measure,Multiple Choice,P3Q23_2
Sarah attends Art Classes for a full year. Use the notice board to calculate the total cost of the lessons.,P3Q23_3.png,£472.00,£33.00,£452.00,£462.00,£448.00,£462.00,23,Number - Money and Measure,Multiple Choice,P3Q23_3
Sarah attends Guitar Lessons for a full year. Use the notice board to calculate the total cost of the lessons.,P3Q23_4.png,£229.50,£33.00,£222.75,£212.75,£232.75,£222.75,23,Number - Money and Measure,Multiple Choice,P3Q23_4
Emma attends Keyboard Lessons for a full year. Use the notice board to calculate the total cost of the lessons.,P3Q23_5.png,£503.00,£741.00,£513.00,£523.00,£527.25,£513.00,23,Number - Money and Measure,Multiple Choice,P3Q23_5
David attends Keyboard Lessons for a full year. Use the notice board to calculate the total cost of the lessons.,P3Q23_6.png,£767.00,£462.00,£32.00,£472.00,£118.00,£472.00,23,Number - Money and Measure,Multiple Choice,P3Q23_6
Liam attends Drama Workshop for a full year. Use the notice board to calculate the total cost of the lessons.,P3Q23_7.png,£990.00,£1287.00,£965.25,£40.00,£980.00,£990.00,23,Number - Money and Measure,Multiple Choice,P3Q23_7
Olivia attends Tennis Coaching for a full year. Use the notice board to calculate the total cost of the lessons.,P3Q23_8.png,£32.00,£470.25,£456.00,£446.00,£466.00,£456.00,23,Number - Money and Measure,Multiple Choice,P3Q23_8
Olivia attends Art Classes for a full year. Use the notice board to calculate the total cost of the lessons.,P3Q23_9.png,£796.25,£1183.00,£136.50,£819.00,£841.75,£819.00,23,Number - Money and Measure,Multiple Choice,P3Q23_9
Noah attends Maths Tutoring for a full year. Use the notice board to calculate the total cost of the lessons.,P3Q23_10.png,£618.75,£600.00,£33.00,£975.00,£628.75,£618.75,23,Number - Money and Measure,Multiple Choice,P3Q23_10
Noah attends Drama Workshop for a full year. Use the notice board to calculate the total cost of the lessons.,P3Q23_11.png,£369.00,£123.00,£533.00,£379.25,£36.00,£369.00,23,Number - Money and Measure,Multiple Choice,P3Q23_11
Sarah attends Swimming Club for a full year. Use the notice board to calculate the total cost of the lessons.,P3Q23_12.png,£1066.00,£40.00,£830.00,£820.00,£799.50,£820.00,23,Number - Money and Measure,Multiple Choice,P3Q23_12
Noah attends Maths Tutoring for a full year. Use the notice board to calculate the total cost of the lessons.,P3Q23_13.png,£832.00,£496.00,£160.00,£470.00,£480.00,£480.00,23,Number - Money and Measure,Multiple Choice,P3Q23_13
Sarah attends Tennis Coaching for a full year. Use the notice board to calculate the total cost of the lessons.,P3Q23_14.png,£877.75,£867.75,£289.25,£39.00,£1157.00,£867.75,23,Number - Money and Measure,Multiple Choice,P3Q23_14
Olivia attends Guitar Lessons for a full year. Use the notice board to calculate the total cost of the lessons.,P3Q23_15.png,£559.00,£430.00,£419.25,£440.75,£40.00,£430.00,23,Number - Money and Measure,Multiple Choice,P3Q23_15
Emma attends Karate Class for a full year. Use the notice board to calculate the total cost of the lessons.,P3Q23_16.png,£166.75,£162.50,£182.50,£172.50,£299.00,£172.50,23,Number - Money and Measure,Multiple Choice,P3Q23_16
David attends Tennis Coaching for a full year. Use the notice board to calculate the total cost of the lessons.,P3Q23_17.png,£36.00,£273.00,£179.00,£189.00,£63.00,£189.00,23,Number - Money and Measure,Multiple Choice,P3Q23_17
Sarah attends Keyboard Lessons for a full year. Use the notice board to calculate the total cost of the lessons.,P3Q23_18.png,£265.75,£263.50,£255.75,£85.25,£33.00,£255.75,23,Number - Money and Measure,Multiple Choice,P3Q23_18
Sarah attends Art Classes for a full year. Use the notice board to calculate the total cost of the lessons.,P3Q23_19.png,£512.00,£832.00,£522.00,£496.00,£32.00,£512.00,23,Number - Money and Measure,Multiple Choice,P3Q23_19
Liam attends Keyboard Lessons for a full year. Use the notice board to calculate the total cost of the lessons.,P3Q23_20.png,£619.75,£201.00,£603.00,£871.00,£586.25,£603.00,23,Number - Money and Measure,Multiple Choice,P3Q23_20
"In a survey of 150 people, every eighth person cycled to work.
How many people cycled to work?",,150 x 1/8,8 ÷ 150,150 - 1/8,150 x 1/9,150 x 0.5,150 x 1/8,23,Calculations,Multiple Choice,P4Q23_1
"In a survey of 90 people, every tenth person was left-handed.
How many people was left-handed?",,90 x 1/10,10 ÷ 90,90 x 0.5,90 x 1/11,90 - 1/10,90 x 1/10,23,Calculations,Multiple Choice,P4Q23_2
"In a survey of 100 people, every third person had blue eyes.
How many people had blue eyes?",,100 - 1/3,100 x 0.5,3 ÷ 100,100 x 1/3,100 x 1/4,100 x 1/3,23,Calculations,Multiple Choice,P4Q23_3
"In a survey of 85 people, every fifth person was left-handed.
How many people was left-handed?",,85 x 1/6,85 x 1/5,5 ÷ 85,85 x 0.5,85 - 1/5,85 x 1/5,23,Calculations,Multiple Choice,P4Q23_4
"In a survey of 120 people, every eighth person had a pierced ear.
How many people had a pierced ear?",,120 x 1/9,8 ÷ 120,120 x 1/8,120 x 0.5,120 - 1/8,120 x 1/8,23,Calculations,Multiple Choice,P4Q23_5
"In a survey of 120 people, every tenth person wore glasses.
How many people wore glasses?",,120 x 1/10,120 x 0.5,120 x 1/11,120 - 1/10,10 ÷ 120,120 x 1/10,23,Calculations,Multiple Choice,P4Q23_6
"In a survey of 120 people, every second person cycled to work.
How many people cycled to work?",,120 x 0.2,2 ÷ 120,120 x 1/2,120 - 1/2,120 x 1/3,120 x 1/2,23,Calculations,Multiple Choice,P4Q23_7
"In a survey of 90 people, every tenth person wore glasses.
How many people wore glasses?",,90 x 1/11,90 x 1/10,10 ÷ 90,90 x 0.5,90 - 1/10,90 x 1/10,23,Calculations,Multiple Choice,P4Q23_8
"In a survey of 90 people, every second person wore glasses.
How many people wore glasses?",,90 - 1/2,90 x 0.2,90 x 1/3,2 ÷ 90,90 x 1/2,90 x 1/2,23,Calculations,Multiple Choice,P4Q23_9
"In a survey of 120 people, every third person cycled to work.
How many people cycled to work?",,120 x 0.5,120 - 1/3,120 x 1/4,120 x 1/3,3 ÷ 120,120 x 1/3,23,Calculations,Multiple Choice,P4Q23_10
"In a survey of 85 people, every fourth person was left-handed.
How many people was left-handed?",,4 ÷ 85,85 - 1/4,85 x 1/5,85 x 0.5,85 x 1/4,85 x 1/4,23,Calculations,Multiple Choice,P4Q23_11
"In a survey of 150 people, every eighth person had a pierced ear.
How many people had a pierced ear?",,150 x 1/9,8 ÷ 150,150 - 1/8,150 x 0.5,150 x 1/8,150 x 1/8,23,Calculations,Multiple Choice,P4Q23_12
"In a survey of 60 people, every second person was left-handed.
How many people was left-handed?",,60 - 1/2,2 ÷ 60,60 x 1/2,60 x 0.2,60 x 1/3,60 x 1/2,23,Calculations,Multiple Choice,P4Q23_13
"In a survey of 80 people, every eighth person cycled to work.
How many people cycled to work?",,8 ÷ 80,80 - 1/8,80 x 1/9,80 x 0.5,80 x 1/8,80 x 1/8,23,Calculations,Multiple Choice,P4Q23_14
"In a survey of 100 people, every third person cycled to work.
How many people cycled to work?",,100 - 1/3,3 ÷ 100,100 x 1/3,100 x 0.5,100 x 1/4,100 x 1/3,23,Calculations,Multiple Choice,P4Q23_15
"In a survey of 60 people, every eighth person had blue eyes.
How many people had blue eyes?",,60 - 1/8,60 x 0.5,8 ÷ 60,60 x 1/8,60 x 1/9,60 x 1/8,23,Calculations,Multiple Choice,P4Q23_16
"In a survey of 150 people, every fourth person had blue eyes.
How many people had blue eyes?",,150 x 1/4,150 x 1/5,4 ÷ 150,150 - 1/4,150 x 0.5,150 x 1/4,23,Calculations,Multiple Choice,P4Q23_17
"In a survey of 120 people, every tenth person wore glasses.
How many people wore glasses?",,120 x 0.5,120 - 1/10,120 x 1/10,120 x 1/11,10 ÷ 120,120 x 1/10,23,Calculations,Multiple Choice,P4Q23_18
"In a survey of 80 people, every second person had a pierced ear.
How many people had a pierced ear?",,80 x 1/2,80 x 0.2,80 - 1/2,80 x 1/3,2 ÷ 80,80 x 1/2,23,Calculations,Multiple Choice,P4Q23_19
"In a survey of 60 people, every tenth person cycled to work.
How many people cycled to work?",,10 ÷ 60,60 - 1/10,60 x 1/10,60 x 1/11,60 x 0.5,60 x 1/10,23,Calculations,Multiple Choice,P4Q23_20
"In a survey of 120 people, every tenth person had blue eyes.
How many people had blue eyes?",,120 x 0.5,120 x 1/10,120 - 1/10,10 ÷ 120,120 x 1/11,120 x 1/10,23,Calculations,Multiple Choice,P4Q23_21
"In a survey of 150 people, every fourth person cycled to work.
How many people cycled to work?",,150 x 1/5,4 ÷ 150,150 - 1/4,150 x 0.5,150 x 1/4,150 x 1/4,23,Calculations,Multiple Choice,P4Q23_22
"In a survey of 85 people, every eighth person cycled to work.
How many people cycled to work?",,85 x 1/8,85 x 1/9,8 ÷ 85,85 x 0.5,85 - 1/8,85 x 1/8,23,Calculations,Multiple Choice,P4Q23_23
"In a survey of 100 people, every second person was left-handed.
How many people was left-handed?",,100 x 1/3,100 x 1/2,100 - 1/2,100 x 0.2,2 ÷ 100,100 x 1/2,23,Calculations,Multiple Choice,P4Q23_24
"In a survey of 85 people, every third person wore glasses.
How many people wore glasses?",,3 ÷ 85,85 x 1/3,85 x 1/4,85 - 1/3,85 x 0.5,85 x 1/3,23,Calculations,Multiple Choice,P4Q23_25
"In a survey of 85 people, every third person wore glasses.
How many people wore glasses?",,85 x 1/4,3 ÷ 85,85 - 1/3,85 x 0.5,85 x 1/3,85 x 1/3,23,Calculations,Multiple Choice,P4Q23_26
"In a survey of 100 people, every fifth person was left-handed.
How many people was left-handed?",,100 x 0.5,5 ÷ 100,100 - 1/5,100 x 1/6,100 x 1/5,100 x 1/5,23,Calculations,Multiple Choice,P4Q23_27
"In a survey of 60 people, every fifth person had blue eyes.
How many people had blue eyes?",,60 x 1/5,5 ÷ 60,60 x 1/6,60 - 1/5,60 x 0.5,60 x 1/5,23,Calculations,Multiple Choice,P4Q23_28
"In a survey of 80 people, every eighth person was left-handed.
How many people was left-handed?",,80 - 1/8,8 ÷ 80,80 x 1/9,80 x 0.5,80 x 1/8,80 x 1/8,23,Calculations,Multiple Choice,P4Q23_29
"In a survey of 60 people, every tenth person had a pierced ear.
How many people had a pierced ear?",,60 x 1/11,10 ÷ 60,60 x 1/10,60 x 0.5,60 - 1/10,60 x 1/10,23,Calculations,Multiple Choice,P4Q23_30
"In a survey of 90 people, every eighth person had blue eyes.
How many people had blue eyes?",,90 x 1/8,8 ÷ 90,90 x 0.5,90 - 1/8,90 x 1/9,90 x 1/8,23,Calculations,Multiple Choice,P4Q23_31
"In a survey of 100 people, every tenth person cycled to work.
How many people cycled to work?",,100 x 0.5,100 - 1/10,100 x 1/10,100 x 1/11,10 ÷ 100,100 x 1/10,23,Calculations,Multiple Choice,P4Q23_32
"In a survey of 100 people, every fifth person had a pierced ear.
How many people had a pierced ear?",,100 x 1/5,5 ÷ 100,100 x 1/6,100 x 0.5,100 - 1/5,100 x 1/5,23,Calculations,Multiple Choice,P4Q23_33
"In a survey of 150 people, every third person wore glasses.
How many people wore glasses?",,150 - 1/3,150 x 1/3,3 ÷ 150,150 x 1/4,150 x 0.5,150 x 1/3,23,Calculations,Multiple Choice,P4Q23_34
"In a survey of 90 people, every fifth person cycled to work.
How many people cycled to work?",,5 ÷ 90,90 x 1/6,90 x 1/5,90 - 1/5,90 x 0.5,90 x 1/5,23,Calculations,Multiple Choice,P4Q23_35
"In a survey of 85 people, every eighth person wore glasses.
How many people wore glasses?",,85 x 1/9,85 x 0.5,85 - 1/8,8 ÷ 85,85 x 1/8,85 x 1/8,23,Calculations,Multiple Choice,P4Q23_36
"In a survey of 150 people, every tenth person had a pierced ear.
How many people had a pierced ear?",,150 x 0.5,10 ÷ 150,150 x 1/10,150 - 1/10,150 x 1/11,150 x 1/10,23,Calculations,Multiple Choice,P4Q23_37
"In a survey of 90 people, every third person was left-handed.
How many people was left-handed?",,90 x 0.5,3 ÷ 90,90 x 1/3,90 - 1/3,90 x 1/4,90 x 1/3,23,Calculations,Multiple Choice,P4Q23_38
"In a survey of 100 people, every third person wore glasses.
How many people wore glasses?",,3 ÷ 100,100 - 1/3,100 x 1/4,100 x 0.5,100 x 1/3,100 x 1/3,23,Calculations,Multiple Choice,P4Q23_39
"In a survey of 85 people, every third person wore glasses.
How many people wore glasses?",,85 x 1/4,3 ÷ 85,85 - 1/3,85 x 1/3,85 x 0.5,85 x 1/3,23,Calculations,Multiple Choice,P4Q23_40
"In a survey of 90 people, every third person had a pierced ear.
How many people had a pierced ear?",,90 x 1/4,90 x 1/3,90 x 0.5,90 - 1/3,3 ÷ 90,90 x 1/3,23,Calculations,Multiple Choice,P4Q23_41
"In a survey of 60 people, every fifth person wore glasses.
How many people wore glasses?",,5 ÷ 60,60 x 0.5,60 x 1/6,60 - 1/5,60 x 1/5,60 x 1/5,23,Calculations,Multiple Choice,P4Q23_42
"In a survey of 100 people, every fourth person wore glasses.
How many people wore glasses?",,100 - 1/4,100 x 1/5,100 x 1/4,100 x 0.5,4 ÷ 100,100 x 1/4,23,Calculations,Multiple Choice,P4Q23_43
"In a survey of 85 people, every eighth person wore glasses.
How many people wore glasses?",,85 - 1/8,8 ÷ 85,85 x 1/9,85 x 0.5,85 x 1/8,85 x 1/8,23,Calculations,Multiple Choice,P4Q23_44
"In a survey of 60 people, every fifth person wore glasses.
How many people wore glasses?",,5 ÷ 60,60 - 1/5,60 x 0.5,60 x 1/6,60 x 1/5,60 x 1/5,23,Calculations,Multiple Choice,P4Q23_45
"In a survey of 90 people, every third person wore glasses.
How many people wore glasses?",,3 ÷ 90,90 - 1/3,90 x 1/4,90 x 1/3,90 x 0.5,90 x 1/3,23,Calculations,Multiple Choice,P4Q23_46
"In a survey of 120 people, every tenth person had blue eyes.
How many people had blue eyes?",,120 - 1/10,120 x 0.5,120 x 1/10,120 x 1/11,10 ÷ 120,120 x 1/10,23,Calculations,Multiple Choice,P4Q23_47
"In a survey of 85 people, every tenth person was left-handed.
How many people was left-handed?",,85 x 1/11,85 x 1/10,10 ÷ 85,85 x 0.5,85 - 1/10,85 x 1/10,23,Calculations,Multiple Choice,P4Q23_48
"In a survey of 150 people, every eighth person had blue eyes.
How many people had blue eyes?",,150 x 0.5,150 x 1/8,150 x 1/9,150 - 1/8,8 ÷ 150,150 x 1/8,23,Calculations,Multiple Choice,P4Q23_49
"In a survey of 85 people, every third person was left-handed.
How many people was left-handed?",,85 x 1/4,85 x 1/3,3 ÷ 85,85 - 1/3,85 x 0.5,85 x 1/3,23,Calculations,Multiple Choice,P4Q23_50
The diagram below shows part of a shape and two of its lines of symmetry. What is the name of the complete shape?,P3Q24_1.png,regular hexagon,parallelogram,heptagon,regular pentagon,regular octagon,regular hexagon,24,Symmetry and Geometry,Multiple Choice,P3Q24_1
The diagram below shows part of a shape and two of its lines of symmetry. What is the name of the complete shape?,P3Q24_2.png,rhombus,parallelogram,square,kite,regular pentagon,rhombus,24,Symmetry and Geometry,Multiple Choice,P3Q24_2
The diagram below shows part of a shape and two of its lines of symmetry. What is the name of the complete shape?,P3Q24_3.png,regular octagon,regular hexagon,rhombus,heptagon,regular pentagon,regular hexagon,24,Symmetry and Geometry,Multiple Choice,P3Q24_3
The diagram below shows part of a shape and its vertical line of symmetry. What is the name of the complete shape?,P3Q24_4.png,isosceles triangle,regular hexagon,regular octagon,rhombus,regular pentagon,isosceles triangle,24,Symmetry and Geometry,Multiple Choice,P3Q24_4
The diagram below shows part of a shape and two of its lines of symmetry. What is the name of the complete shape?,P3Q24_5.png,regular pentagon,square,parallelogram,rhombus,kite,rhombus,24,Symmetry and Geometry,Multiple Choice,P3Q24_5
The diagram below shows part of a shape and two of its lines of symmetry. What is the name of the complete shape?,P3Q24_6.png,regular hexagon,square,regular octagon,regular pentagon,heptagon,regular hexagon,24,Symmetry and Geometry,Multiple Choice,P3Q24_6
The diagram below shows part of a shape and its vertical line of symmetry. What is the name of the complete shape?,P3Q24_7.png,isosceles triangle,kite,rhombus,arrowhead,parallelogram,kite,24,Symmetry and Geometry,Multiple Choice,P3Q24_7
The diagram below shows part of a shape and two of its lines of symmetry. What is the name of the complete shape?,P3Q24_8.png,rectangle,parallelogram,square,regular pentagon,regular octagon,rectangle,24,Symmetry and Geometry,Multiple Choice,P3Q24_8
The diagram below shows part of a shape and its vertical line of symmetry. What is the name of the complete shape?,P3Q24_9.png,isosceles triangle,square,parallelogram,rectangle,regular pentagon,isosceles triangle,24,Symmetry and Geometry,Multiple Choice,P3Q24_9
The diagram below shows part of a shape and two of its lines of symmetry. What is the name of the complete shape?,P3Q24_10.png,rhombus,rectangle,regular pentagon,kite,square,square,24,Symmetry and Geometry,Multiple Choice,P3Q24_10
The diagram below shows part of a shape and two of its lines of symmetry. What is the name of the complete shape?,P3Q24_11.png,rectangle,isosceles triangle,parallelogram,trapezium,square,rectangle,24,Symmetry and Geometry,Multiple Choice,P3Q24_11
The diagram below shows part of a shape and two of its lines of symmetry. What is the name of the complete shape?,P3Q24_12.png,regular octagon,heptagon,regular pentagon,regular hexagon,rhombus,regular hexagon,24,Symmetry and Geometry,Multiple Choice,P3Q24_12
The diagram below shows part of a shape and its vertical line of symmetry. What is the name of the complete shape?,P3Q24_13.png,rhombus,square,arrowhead,isosceles triangle,kite,kite,24,Symmetry and Geometry,Multiple Choice,P3Q24_13
The diagram below shows part of a shape and two of its lines of symmetry. What is the name of the complete shape?,P3Q24_14.png,kite,regular hexagon,heptagon,regular pentagon,regular octagon,regular hexagon,24,Symmetry and Geometry,Multiple Choice,P3Q24_14
The diagram below shows part of a shape and its vertical line of symmetry. What is the name of the complete shape?,P3Q24_15.png,isosceles triangle,square,regular octagon,trapezium,rhombus,isosceles triangle,24,Symmetry and Geometry,Multiple Choice,P3Q24_15
The diagram below shows part of a shape and two of its lines of symmetry. What is the name of the complete shape?,P3Q24_16.png,regular pentagon,parallelogram,rectangle,kite,square,rectangle,24,Symmetry and Geometry,Multiple Choice,P3Q24_16
The diagram below shows part of a shape and two of its lines of symmetry. What is the name of the complete shape?,P3Q24_17.png,rectangle,regular hexagon,square,parallelogram,regular pentagon,rectangle,24,Symmetry and Geometry,Multiple Choice,P3Q24_17
The diagram below shows part of a shape and two of its lines of symmetry. What is the name of the complete shape?,P3Q24_18.png,square,regular octagon,parallelogram,kite,rhombus,rhombus,24,Symmetry and Geometry,Multiple Choice,P3Q24_18
The diagram below shows part of a shape and its vertical line of symmetry. What is the name of the complete shape?,P3Q24_19.png,rectangle,square,regular pentagon,trapezium,isosceles triangle,isosceles triangle,24,Symmetry and Geometry,Multiple Choice,P3Q24_19
The diagram below shows part of a shape and two of its lines of symmetry. What is the name of the complete shape?,P3Q24_20.png,square,rectangle,trapezium,parallelogram,rhombus,square,24,Symmetry and Geometry,Multiple Choice,P3Q24_20
"This table shows the results of a science test:

[Image]

Which one of these statements is true?",P4Q24_1.png,38 children were tested altogether.,10 children scored less than 31.,21 children scored between 26 and 45.,18 children scored more than 35.,More than half of the children scored above 40.,10 children scored less than 31.,24,Data Handling,Multiple Choice,P4Q24_1
"This table shows the results of a science test:

[Image]

Which one of these statements is true?",P4Q24_2.png,20 children scored less than 36.,39 children scored more than 30.,38 children scored between 16 and 40.,More than half of the children scored above 45.,50 children were tested altogether.,50 children were tested altogether.,24,Data Handling,Multiple Choice,P4Q24_2
"This table shows the results of a science test:

[Image]

Which one of these statements is true?",P4Q24_3.png,More than half of the children scored above 30.,20 children scored between 21 and 30.,51 children were tested altogether.,11 children scored more than 40.,10 children scored less than 21.,10 children scored less than 21.,24,Data Handling,Multiple Choice,P4Q24_3
"This table shows the results of a science test:

[Image]

Which one of these statements is true?",P4Q24_4.png,Less than half of the children scored above 40.,45 children scored more than 25.,29 children scored less than 36.,55 children were tested altogether.,28 children scored between 36 and 50.,Less than half of the children scored above 40.,24,Data Handling,Multiple Choice,P4Q24_4
"This table shows the results of a science test:

[Image]

Which one of these statements is true?",P4Q24_5.png,39 children scored between 26 and 50.,54 children were tested altogether.,44 children scored less than 46.,11 children scored more than 45.,More than half of the children scored above 40.,11 children scored more than 45.,24,Data Handling,Multiple Choice,P4Q24_5
"This table shows the results of a science test:

[Image]

Which one of these statements is true?",P4Q24_6.png,13 children scored between 36 and 45.,28 children scored less than 41.,19 children scored more than 25.,38 children were tested altogether.,More than half of the children scored above 45.,28 children scored less than 41.,24,Data Handling,Multiple Choice,P4Q24_6
"This table shows the results of a science test:

[Image]

Which one of these statements is true?",P4Q24_7.png,22 children scored between 26 and 35.,63 children were tested altogether.,More than half of the children scored above 35.,60 children scored less than 46.,24 children scored more than 35.,22 children scored between 26 and 35.,24,Data Handling,Multiple Choice,P4Q24_7
"This table shows the results of a science test:

[Image]

Which one of these statements is true?",P4Q24_8.png,41 children were tested altogether.,0 children scored less than 26.,1 children scored more than 45.,19 children scored between 36 and 50.,Less than half of the children scored above 25.,1 children scored more than 45.,24,Data Handling,Multiple Choice,P4Q24_8
"This table shows the results of a science test:

[Image]

Which one of these statements is true?",P4Q24_9.png,54 children were tested altogether.,24 children scored between 36 and 45.,0 children scored less than 21.,21 children scored more than 40.,Less than half of the children scored above 45.,Less than half of the children scored above 45.,24,Data Handling,Multiple Choice,P4Q24_9
"This table shows the results of a science test:

[Image]

Which one of these statements is true?",P4Q24_10.png,More than half of the children scored above 40.,30 children scored more than 25.,50 children were tested altogether.,10 children scored less than 21.,3 children scored between 21 and 30.,30 children scored more than 25.,24,Data Handling,Multiple Choice,P4Q24_10
"This table shows the results of a science test:

[Image]

Which one of these statements is true?",P4Q24_11.png,Less than half of the children scored above 35.,36 children scored less than 41.,38 children scored more than 30.,14 children scored between 26 and 35.,61 children were tested altogether.,14 children scored between 26 and 35.,24,Data Handling,Multiple Choice,P4Q24_11
"This table shows the results of a science test:

[Image]

Which one of these statements is true?",P4Q24_12.png,31 children scored more than 25.,Less than half of the children scored above 25.,21 children scored less than 41.,35 children were tested altogether.,21 children scored between 26 and 40.,31 children scored more than 25.,24,Data Handling,Multiple Choice,P4Q24_12
"This table shows the results of a science test:

[Image]

Which one of these statements is true?",P4Q24_13.png,49 children were tested altogether.,37 children scored more than 25.,41 children scored less than 46.,27 children scored between 26 and 45.,More than half of the children scored above 35.,41 children scored less than 46.,24,Data Handling,Multiple Choice,P4Q24_13
"This table shows the results of a science test:

[Image]

Which one of these statements is true?",P4Q24_14.png,30 children scored between 26 and 45.,37 children scored more than 20.,41 children were tested altogether.,0 children scored less than 21.,Less than half of the children scored above 30.,41 children were tested altogether.,24,Data Handling,Multiple Choice,P4Q24_14
"This table shows the results of a science test:

[Image]

Which one of these statements is true?",P4Q24_15.png,0 children scored between 36 and 45.,More than half of the children scored above 30.,29 children scored less than 41.,35 children were tested altogether.,12 children scored more than 45.,35 children were tested altogether.,24,Data Handling,Multiple Choice,P4Q24_15
"This table shows the results of a science test:

[Image]

Which one of these statements is true?",P4Q24_16.png,25 children scored between 36 and 50.,54 children were tested altogether.,11 children scored more than 45.,23 children scored less than 31.,More than half of the children scored above 35.,23 children scored less than 31.,24,Data Handling,Multiple Choice,P4Q24_16
"This table shows the results of a science test:

[Image]

Which one of these statements is true?",P4Q24_17.png,More than half of the children scored above 45.,11 children scored more than 35.,46 children were tested altogether.,40 children scored between 16 and 50.,38 children scored less than 41.,11 children scored more than 35.,24,Data Handling,Multiple Choice,P4Q24_17
"This table shows the results of a science test:

[Image]

Which one of these statements is true?",P4Q24_18.png,48 children were tested altogether.,26 children scored more than 35.,22 children scored between 36 and 50.,Less than half of the children scored above 35.,31 children scored less than 41.,31 children scored less than 41.,24,Data Handling,Multiple Choice,P4Q24_18
"This table shows the results of a science test:

[Image]

Which one of these statements is true?",P4Q24_19.png,48 children scored less than 46.,37 children scored between 26 and 50.,42 children were tested altogether.,35 children scored more than 20.,More than half of the children scored above 45.,37 children scored between 26 and 50.,24,Data Handling,Multiple Choice,P4Q24_19
"This table shows the results of a science test:

[Image]

Which one of these statements is true?",P4Q24_20.png,More than half of the children scored above 40.,4 children scored between 16 and 30.,39 children were tested altogether.,40 children scored more than 25.,25 children scored less than 41.,25 children scored less than 41.,24,Data Handling,Multiple Choice,P4Q24_20
I multiply a number by 2 then add 4. The result is 32. What was the number?,,15,13,28,16,14,14,25,Algebra,Text,P2Q25_1
I multiply a number by 2 then add 4. The result is 14. What was the number?,,6,4,10,7,5,5,25,Algebra,Text,P2Q25_2
I multiply a number by 2 then add 4. The result is 16. What was the number?,,7,5,12,8,6,6,25,Algebra,Text,P2Q25_3
I multiply a number by 2 then add 4. The result is 18. What was the number?,,8,6,14,9,7,7,25,Algebra,Text,P2Q25_4
I multiply a number by 2 then add 4. The result is 32. What was the number?,,15,13,28,16,14,14,25,Algebra,Text,P2Q25_5
I multiply a number by 2 then add 4. The result is 20. What was the number?,,9,7,16,10,8,8,25,Algebra,Text,P2Q25_6
I multiply a number by 2 then add 4. The result is 24. What was the number?,,11,9,20,12,10,10,25,Algebra,Text,P2Q25_7
I multiply a number by 2 then add 4. The result is 14. What was the number?,,6,4,10,7,5,5,25,Algebra,Text,P2Q25_8
I multiply a number by 2 then add 4. The result is 32. What was the number?,,15,13,28,16,14,14,25,Algebra,Text,P2Q25_9
I multiply a number by 2 then add 4. The result is 14. What was the number?,,6,4,10,7,5,5,25,Algebra,Text,P2Q25_10
I multiply a number by 2 then add 4. The result is 32. What was the number?,,15,13,28,16,14,14,25,Algebra,Text,P2Q25_11
I multiply a number by 2 then add 4. The result is 30. What was the number?,,14,12,26,15,13,13,25,Algebra,Text,P2Q25_12
I multiply a number by 2 then add 4. The result is 32. What was the number?,,15,13,28,16,14,14,25,Algebra,Text,P2Q25_13
I multiply a number by 2 then add 4. The result is 26. What was the number?,,12,10,22,13,11,11,25,Algebra,Text,P2Q25_14
I multiply a number by 2 then add 4. The result is 14. What was the number?,,6,4,10,7,5,5,25,Algebra,Text,P2Q25_15
I multiply a number by 2 then add 4. The result is 16. What was the number?,,7,5,12,8,6,6,25,Algebra,Text,P2Q25_16
I multiply a number by 2 then add 4. The result is 14. What was the number?,,6,4,10,7,5,5,25,Algebra,Text,P2Q25_17
I multiply a number by 2 then add 4. The result is 18. What was the number?,,8,6,14,9,7,7,25,Algebra,Text,P2Q25_18
I multiply a number by 2 then add 4. The result is 22. What was the number?,,10,8,18,11,9,9,25,Algebra,Text,P2Q25_19
I multiply a number by 2 then add 4. The result is 22. What was the number?,,10,8,18,11,9,9,25,Algebra,Text,P2Q25_20
I multiply a number by 2 then add 4. The result is 24. What was the number?,,11,9,20,12,10,10,25,Algebra,Text,P2Q25_21
I multiply a number by 2 then add 4. The result is 18. What was the number?,,8,6,14,9,7,7,25,Algebra,Text,P2Q25_22
I multiply a number by 2 then add 4. The result is 18. What was the number?,,8,6,14,9,7,7,25,Algebra,Text,P2Q25_23
I multiply a number by 2 then add 4. The result is 22. What was the number?,,10,8,18,11,9,9,25,Algebra,Text,P2Q25_24
I multiply a number by 2 then add 4. The result is 16. What was the number?,,7,5,12,8,6,6,25,Algebra,Text,P2Q25_25
I multiply a number by 2 then add 4. The result is 16. What was the number?,,7,5,12,8,6,6,25,Algebra,Text,P2Q25_26
I multiply a number by 2 then add 4. The result is 18. What was the number?,,8,6,14,9,7,7,25,Algebra,Text,P2Q25_27
I multiply a number by 2 then add 4. The result is 28. What was the number?,,13,11,24,14,12,12,25,Algebra,Text,P2Q25_28
I multiply a number by 2 then add 4. The result is 14. What was the number?,,6,4,10,7,5,5,25,Algebra,Text,P2Q25_29
I multiply a number by 2 then add 4. The result is 32. What was the number?,,15,13,28,16,14,14,25,Algebra,Text,P2Q25_30
I multiply a number by 2 then add 4. The result is 18. What was the number?,,8,6,14,9,7,7,25,Algebra,Text,P2Q25_31
I multiply a number by 2 then add 4. The result is 20. What was the number?,,9,7,16,10,8,8,25,Algebra,Text,P2Q25_32
I multiply a number by 2 then add 4. The result is 32. What was the number?,,15,13,28,16,14,14,25,Algebra,Text,P2Q25_33
I multiply a number by 2 then add 4. The result is 34. What was the number?,,16,14,30,17,15,15,25,Algebra,Text,P2Q25_34
I multiply a number by 2 then add 4. The result is 32. What was the number?,,15,13,28,16,14,14,25,Algebra,Text,P2Q25_35
I multiply a number by 2 then add 4. The result is 34. What was the number?,,16,14,30,17,15,15,25,Algebra,Text,P2Q25_36
I multiply a number by 2 then add 4. The result is 16. What was the number?,,7,5,12,8,6,6,25,Algebra,Text,P2Q25_37
I multiply a number by 2 then add 4. The result is 22. What was the number?,,10,8,18,11,9,9,25,Algebra,Text,P2Q25_38
I multiply a number by 2 then add 4. The result is 26. What was the number?,,12,10,22,13,11,11,25,Algebra,Text,P2Q25_39
I multiply a number by 2 then add 4. The result is 20. What was the number?,,9,7,16,10,8,8,25,Algebra,Text,P2Q25_40
I multiply a number by 2 then add 4. The result is 20. What was the number?,,9,7,16,10,8,8,25,Algebra,Text,P2Q25_41
I multiply a number by 2 then add 4. The result is 22. What was the number?,,10,8,18,11,9,9,25,Algebra,Text,P2Q25_42
I multiply a number by 2 then add 4. The result is 16. What was the number?,,7,5,12,8,6,6,25,Algebra,Text,P2Q25_43
I multiply a number by 2 then add 4. The result is 16. What was the number?,,7,5,12,8,6,6,25,Algebra,Text,P2Q25_44
I multiply a number by 2 then add 4. The result is 24. What was the number?,,11,9,20,12,10,10,25,Algebra,Text,P2Q25_45
I multiply a number by 2 then add 4. The result is 18. What was the number?,,8,6,14,9,7,7,25,Algebra,Text,P2Q25_46
I multiply a number by 2 then add 4. The result is 14. What was the number?,,6,4,10,7,5,5,25,Algebra,Text,P2Q25_47
I multiply a number by 2 then add 4. The result is 32. What was the number?,,15,13,28,16,14,14,25,Algebra,Text,P2Q25_48
I multiply a number by 2 then add 4. The result is 18. What was the number?,,8,6,14,9,7,7,25,Algebra,Text,P2Q25_49
I multiply a number by 2 then add 4. The result is 28. What was the number?,,13,11,24,14,12,12,25,Algebra,Text,P2Q25_50
"Mrs Patel buys one armchair, one bookshelf and four rugs. What is the total cost of these items?",P3Q25_1.png,£2938.98,£2918.98,£5857.96,£2928.98,£2929.98,£2928.98,25,Number - Money,Multiple Choice,P3Q25_1
"Dr Brown buys one printer, one keyboard, one monitor and one headphones. What is the total cost of these items?",P3Q25_2.png,£608.25,£618.25,£623.25,£461.75,£628.25,£618.25,25,Number - Money,Multiple Choice,P3Q25_2
"Mr Wilson buys three tablets, four printers and three usb sticks. What is the total cost of these items?",P3Q25_3.png,£1120.85,£728.00,£2241.70,£1121.85,£326.20,£1120.85,25,Number - Money,Multiple Choice,P3Q25_3
"Mr Smith buys three benchs, one rose bush and two plant pots. What is the total cost of these items?",P3Q25_4.png,£1482.94,£741.47,£751.47,£741.97,£731.47,£741.47,25,Number - Money,Multiple Choice,P3Q25_4
"Mr Lee buys two large cakes, two sandwich platters, one box of donuts and two coffee pots. What is the total cost of these items?",P3Q25_5.png,£65.43,£112.36,£72.38,£122.36,£132.36,£122.36,25,Number - Money,Multiple Choice,P3Q25_5
"Mr Lee buys three pe kits, one shoes, one blazer and three ties. What is the total cost of these items?",P3Q25_6.png,£178.45,£168.45,£64.95,£336.90,£158.45,£168.45,25,Number - Money,Multiple Choice,P3Q25_6
"Mr Smith buys one printer, one keyboard, one tablet and three monitors. What is the total cost of these items?",P3Q25_7.png,£1425.50,£722.75,£712.75,£717.75,£702.75,£712.75,25,Number - Money,Multiple Choice,P3Q25_7
"Mr Wilson buys four bookshelfs, one coffee table and three dining chairs. What is the total cost of these items?",P3Q25_8.png,£972.49,£2829.46,£5638.92,£2819.46,£2824.46,£2819.46,25,Number - Money,Multiple Choice,P3Q25_8
"Mrs Patel buys one trainers, four shin pads and one water bottle. What is the total cost of these items?",P3Q25_9.png,£275.45,£275.94,£285.94,£284.94,£113.47,£285.94,25,Number - Money,Multiple Choice,P3Q25_9
"Mr Wilson buys three building blocks, one doll and one toy car. What is the total cost of these items?",P3Q25_10.png,£93.00,£111.25,£101.25,£91.25,£100.25,£101.25,25,Number - Money,Multiple Choice,P3Q25_10
"Miss Jones buys two board games, one puzzle, one doll and four toy cars. What is the total cost of these items?",P3Q25_11.png,£77.70,£163.55,£153.55,£162.55,£327.10,£163.55,25,Number - Money,Multiple Choice,P3Q25_11
"Mr Lee buys two shirts, one shoes and one blazer. What is the total cost of these items?",P3Q25_12.png,£104.25,£113.75,£78.75,£103.75,£67.00,£103.75,25,Number - Money,Multiple Choice,P3Q25_12
"Mr Wilson buys three mouses, two headphones, one usb stick and one monitor. What is the total cost of these items?",P3Q25_13.png,£1053.24,£1102.74,£2205.48,£656.24,£1101.74,£1102.74,25,Number - Money,Multiple Choice,P3Q25_13
"Mr Lee buys one trainers, four gym bags, four water bottles and two shin pads. What is the total cost of these items?",P3Q25_14.png,£386.91,£143.44,£793.82,£396.91,£336.91,£396.91,25,Number - Money,Multiple Choice,P3Q25_14
"Mr Lee buys one water bottle, two shin pads, one trainers and one tennis racket. What is the total cost of these items?",P3Q25_15.png,£386.44,£149.23,£145.47,£193.22,£192.72,£193.22,25,Number - Money,Multiple Choice,P3Q25_15
"Mr Lee buys four sandwich platters, four pastry boxs and one large cake. What is the total cost of these items?",P3Q25_16.png,£27.98,£99.92,£205.84,£112.92,£102.92,£102.92,25,Number - Money,Multiple Choice,P3Q25_16
"Dr Brown buys one large cake, three pastry boxs, one coffee pot and one sandwich platter. What is the total cost of these items?",P3Q25_17.png,£72.75,£82.75,£62.75,£145.50,£77.75,£72.75,25,Number - Money,Multiple Choice,P3Q25_17
"Dr Brown buys two large cakes, three coffee pots and two sandwich platters. What is the total cost of these items?",P3Q25_18.png,£71.85,£143.70,£32.95,£25.35,£61.85,£71.85,25,Number - Money,Multiple Choice,P3Q25_18
"Mr Smith buys one box of donuts, four pastry boxs, three coffee pots and one sandwich platter. What is the total cost of these items?",P3Q25_19.png,£82.51,£165.02,£51.68,£65.26,£72.51,£82.51,25,Number - Money,Multiple Choice,P3Q25_19
"Mrs Davis buys one football, three tennis rackets, four gym bags and four shin pads. What is the total cost of these items?",P3Q25_20.png,£276.30,£271.30,£82.43,£193.30,£261.30,£271.30,25,Number - Money,Multiple Choice,P3Q25_20
"Can you guide the robot along the white squares through this grid?
It starts on the square marked 'Begin' and finishes on the square marked 'End'.
You can only programme it to move FORWARD, TURN LEFT 90° or TURN RIGHT 90°.
Which of the instructions below will guide the robot through the grid?",P4Q25_1.png,"FORWARD 4, TURN RIGHT 90°, FORWARD 2, TURN LEFT 90°, FORWARD 2, TURN RIGHT 90°, FORWARD 2, TURN RIGHT 90°, FORWARD 2, TURN LEFT 90°, FORWARD 2.","FORWARD 4, TURN RIGHT 90°, FORWARD 2, TURN LEFT 90°, FORWARD 2, TURN RIGHT 90°, FORWARD 2, TURN RIGHT 90°, FORWARD 3.","FORWARD 4, TURN RIGHT 90°, FORWARD 2, TURN LEFT 90°, FORWARD 2, TURN RIGHT 90°, FORWARD 2, TURN RIGHT 90°, FORWARD 2.","FORWARD 4, TURN LEFT 90°, FORWARD 2, TURN LEFT 90°, FORWARD 2, TURN RIGHT 90°, FORWARD 2, TURN RIGHT 90°, FORWARD 2.","FORWARD 4, TURN RIGHT 90°, FORWARD 2, TURN LEFT 90°, FORWARD 2, TURN LEFT 90°, FORWARD 2, TURN RIGHT 90°, FORWARD 2.","FORWARD 4, TURN RIGHT 90°, FORWARD 2, TURN LEFT 90°, FORWARD 2, TURN RIGHT 90°, FORWARD 2, TURN RIGHT 90°, FORWARD 2.",25,Geometry - Position/Direction,Multiple Choice,P4Q25_1
"Can you guide the robot along the white squares through this grid?
It starts on the square marked 'Begin' and finishes on the square marked 'End'.
You can only programme it to move FORWARD, TURN LEFT 90° or TURN RIGHT 90°.
Which of the instructions below will guide the robot through the grid?",P4Q25_2.png,"FORWARD 2, TURN LEFT 90°, FORWARD 3, TURN RIGHT 90°, FORWARD 4, TURN RIGHT 90°, FORWARD 2.","FORWARD 2, TURN LEFT 90°, FORWARD 3, TURN RIGHT 90°, FORWARD 3, TURN LEFT 90°, FORWARD 2.","FORWARD 2, TURN LEFT 90°, FORWARD 3, TURN RIGHT 90°, FORWARD 4, TURN LEFT 90°, FORWARD 2, TURN LEFT 90°, FORWARD 2.","FORWARD 2, TURN LEFT 90°, FORWARD 3, TURN RIGHT 90°, FORWARD 4, TURN LEFT 90°, FORWARD 2.","FORWARD 2, TURN LEFT 90°, FORWARD 3, TURN RIGHT 90°, FORWARD 4.","FORWARD 2, TURN LEFT 90°, FORWARD 3, TURN RIGHT 90°, FORWARD 4, TURN LEFT 90°, FORWARD 2.",25,Geometry - Position/Direction,Multiple Choice,P4Q25_2
"Can you guide the robot along the white squares through this grid?
It starts on the square marked 'Begin' and finishes on the square marked 'End'.
You can only programme it to move FORWARD, TURN LEFT 90° or TURN RIGHT 90°.
Which of the instructions below will guide the robot through the grid?",P4Q25_3.png,"FORWARD 4, TURN LEFT 90°, FORWARD 1, TURN LEFT 90°, FORWARD 3.","FORWARD 4, TURN LEFT 90°, FORWARD 1, TURN RIGHT 90°, FORWARD 2.","FORWARD 4, TURN LEFT 90°, FORWARD 1, TURN LEFT 90°, FORWARD 2.","FORWARD 4, TURN LEFT 90°, FORWARD 1.","FORWARD 4, TURN LEFT 90°, FORWARD 1, TURN LEFT 90°, FORWARD 2, TURN LEFT 90°, FORWARD 2.","FORWARD 4, TURN LEFT 90°, FORWARD 1, TURN LEFT 90°, FORWARD 2.",25,Geometry - Position/Direction,Multiple Choice,P4Q25_3
"Can you guide the robot along the white squares through this grid?
It starts on the square marked 'Begin' and finishes on the square marked 'End'.
You can only programme it to move FORWARD, TURN LEFT 90° or TURN RIGHT 90°.
Which of the instructions below will guide the robot through the grid?",P4Q25_4.png,"FORWARD 4, TURN RIGHT 90°, FORWARD 2, TURN LEFT 90°, FORWARD 4, TURN LEFT 90°, FORWARD 1.","FORWARD 3, TURN RIGHT 90°, FORWARD 2, TURN RIGHT 90°, FORWARD 4, TURN LEFT 90°, FORWARD 1.","FORWARD 4, TURN RIGHT 90°, FORWARD 2, TURN RIGHT 90°, FORWARD 4, TURN LEFT 90°, FORWARD 1.","FORWARD 4, TURN RIGHT 90°, FORWARD 2, TURN RIGHT 90°, FORWARD 4, TURN LEFT 90°, FORWARD 1, TURN LEFT 90°, FORWARD 2.","FORWARD 4, TURN RIGHT 90°, FORWARD 2, TURN RIGHT 90°, FORWARD 4, TURN RIGHT 90°, FORWARD 1.","FORWARD 4, TURN RIGHT 90°, FORWARD 2, TURN RIGHT 90°, FORWARD 4, TURN LEFT 90°, FORWARD 1.",25,Geometry - Position/Direction,Multiple Choice,P4Q25_4
"Can you guide the robot along the white squares through this grid?
It starts on the square marked 'Begin' and finishes on the square marked 'End'.
You can only programme it to move FORWARD, TURN LEFT 90° or TURN RIGHT 90°.
Which of the instructions below will guide the robot through the grid?",P4Q25_5.png,"FORWARD 3, TURN LEFT 90°, FORWARD 2.","FORWARD 3, TURN LEFT 90°, FORWARD 1, TURN LEFT 90°, FORWARD 3.","FORWARD 3, TURN LEFT 90°, FORWARD 2, TURN LEFT 90°, FORWARD 3.","FORWARD 4, TURN LEFT 90°, FORWARD 2, TURN LEFT 90°, FORWARD 3.","FORWARD 3, TURN LEFT 90°, FORWARD 2, TURN LEFT 90°, FORWARD 2.","FORWARD 3, TURN LEFT 90°, FORWARD 2, TURN LEFT 90°, FORWARD 3.",25,Geometry - Position/Direction,Multiple Choice,P4Q25_5
"Can you guide the robot along the white squares through this grid?
It starts on the square marked 'Begin' and finishes on the square marked 'End'.
You can only programme it to move FORWARD, TURN LEFT 90° or TURN RIGHT 90°.
Which of the instructions below will guide the robot through the grid?",P4Q25_6.png,"FORWARD 3, TURN RIGHT 90°, FORWARD 4, TURN RIGHT 90°, FORWARD 4, TURN LEFT 90°, FORWARD 1.","FORWARD 5, TURN RIGHT 90°, FORWARD 4, TURN RIGHT 90°, FORWARD 4, TURN LEFT 90°, FORWARD 1.","FORWARD 4, TURN RIGHT 90°, FORWARD 4, TURN RIGHT 90°, FORWARD 4, TURN LEFT 90°, FORWARD 1, TURN LEFT 90°, FORWARD 2.","FORWARD 4, TURN RIGHT 90°, FORWARD 4, TURN LEFT 90°, FORWARD 4, TURN LEFT 90°, FORWARD 1.","FORWARD 4, TURN RIGHT 90°, FORWARD 4, TURN RIGHT 90°, FORWARD 4, TURN LEFT 90°, FORWARD 1.","FORWARD 4, TURN RIGHT 90°, FORWARD 4, TURN RIGHT 90°, FORWARD 4, TURN LEFT 90°, FORWARD 1.",25,Geometry - Position/Direction,Multiple Choice,P4Q25_6
"Can you guide the robot along the white squares through this grid?
It starts on the square marked 'Begin' and finishes on the square marked 'End'.
You can only programme it to move FORWARD, TURN LEFT 90° or TURN RIGHT 90°.
Which of the instructions below will guide the robot through the grid?",P4Q25_7.png,"FORWARD 2, TURN LEFT 90°, FORWARD 3, TURN RIGHT 90°, FORWARD 2.","FORWARD 2, TURN LEFT 90°, FORWARD 3, TURN RIGHT 90°, FORWARD 2, TURN LEFT 90°, FORWARD 2.","FORWARD 2, TURN LEFT 90°, FORWARD 3.","FORWARD 2, TURN RIGHT 90°, FORWARD 3, TURN RIGHT 90°, FORWARD 2.","FORWARD 1, TURN LEFT 90°, FORWARD 3, TURN RIGHT 90°, FORWARD 2.","FORWARD 2, TURN LEFT 90°, FORWARD 3, TURN RIGHT 90°, FORWARD 2.",25,Geometry - Position/Direction,Multiple Choice,P4Q25_7
"Can you guide the robot along the white squares through this grid?
It starts on the square marked 'Begin' and finishes on the square marked 'End'.
You can only programme it to move FORWARD, TURN LEFT 90° or TURN RIGHT 90°.
Which of the instructions below will guide the robot through the grid?",P4Q25_8.png,"FORWARD 4, TURN LEFT 90°, FORWARD 2.","FORWARD 4, TURN LEFT 90°, FORWARD 3, TURN LEFT 90°, FORWARD 4.","FORWARD 4, TURN LEFT 90°, FORWARD 1, TURN LEFT 90°, FORWARD 4.","FORWARD 4, TURN LEFT 90°, FORWARD 2, TURN LEFT 90°, FORWARD 4, TURN LEFT 90°, FORWARD 2.","FORWARD 4, TURN LEFT 90°, FORWARD 2, TURN LEFT 90°, FORWARD 4.","FORWARD 4, TURN LEFT 90°, FORWARD 2, TURN LEFT 90°, FORWARD 4.",25,Geometry - Position/Direction,Multiple Choice,P4Q25_8
"Can you guide the robot along the white squares through this grid?
It starts on the square marked 'Begin' and finishes on the square marked 'End'.
You can only programme it to move FORWARD, TURN LEFT 90° or TURN RIGHT 90°.
Which of the instructions below will guide the robot through the grid?",P4Q25_9.png,"FORWARD 3, TURN LEFT 90°, FORWARD 3, TURN LEFT 90°, FORWARD 3.","FORWARD 2, TURN LEFT 90°, FORWARD 2, TURN LEFT 90°, FORWARD 3.","FORWARD 3, TURN LEFT 90°, FORWARD 2, TURN LEFT 90°, FORWARD 3, TURN LEFT 90°, FORWARD 2.","FORWARD 3, TURN LEFT 90°, FORWARD 2, TURN LEFT 90°, FORWARD 3.","FORWARD 3, TURN LEFT 90°, FORWARD 2.","FORWARD 3, TURN LEFT 90°, FORWARD 2, TURN LEFT 90°, FORWARD 3.",25,Geometry - Position/Direction,Multiple Choice,P4Q25_9
"Can you guide the robot along the white squares through this grid?
It starts on the square marked 'Begin' and finishes on the square marked 'End'.
You can only programme it to move FORWARD, TURN LEFT 90° or TURN RIGHT 90°.
Which of the instructions below will guide the robot through the grid?",P4Q25_10.png,"FORWARD 3, TURN RIGHT 90°, FORWARD 2, TURN RIGHT 90°, FORWARD 3.","FORWARD 2, TURN RIGHT 90°, FORWARD 2, TURN RIGHT 90°, FORWARD 3.","FORWARD 3, TURN RIGHT 90°, FORWARD 2, TURN RIGHT 90°, FORWARD 3, TURN LEFT 90°, FORWARD 2.","FORWARD 3, TURN RIGHT 90°, FORWARD 2, TURN LEFT 90°, FORWARD 3.","FORWARD 3, TURN RIGHT 90°, FORWARD 2.","FORWARD 3, TURN RIGHT 90°, FORWARD 2, TURN RIGHT 90°, FORWARD 3.",25,Geometry - Position/Direction,Multiple Choice,P4Q25_10
"Can you guide the robot along the white squares through this grid?
It starts on the square marked 'Begin' and finishes on the square marked 'End'.
You can only programme it to move FORWARD, TURN LEFT 90° or TURN RIGHT 90°.
Which of the instructions below will guide the robot through the grid?",P4Q25_11.png,"FORWARD 4, TURN LEFT 90°, FORWARD 1.","FORWARD 4, TURN LEFT 90°, FORWARD 1, TURN LEFT 90°, FORWARD 2.","FORWARD 5, TURN LEFT 90°, FORWARD 1, TURN LEFT 90°, FORWARD 2.","FORWARD 4, TURN LEFT 90°, FORWARD 1, TURN LEFT 90°, FORWARD 2, TURN LEFT 90°, FORWARD 2.","FORWARD 4, TURN LEFT 90°, FORWARD 1, TURN RIGHT 90°, FORWARD 2.","FORWARD 4, TURN LEFT 90°, FORWARD 1, TURN LEFT 90°, FORWARD 2.",25,Geometry - Position/Direction,Multiple Choice,P4Q25_11
"Can you guide the robot along the white squares through this grid?
It starts on the square marked 'Begin' and finishes on the square marked 'End'.
You can only programme it to move FORWARD, TURN LEFT 90° or TURN RIGHT 90°.
Which of the instructions below will guide the robot through the grid?",P4Q25_12.png,"FORWARD 2, TURN LEFT 90°, FORWARD 2, TURN RIGHT 90°, FORWARD 3, TURN LEFT 90°, FORWARD 1, TURN LEFT 90°, FORWARD 1.","FORWARD 2, TURN LEFT 90°, FORWARD 2, TURN RIGHT 90°, FORWARD 3, TURN LEFT 90°, FORWARD 1, TURN RIGHT 90°, FORWARD 1, TURN LEFT 90°, FORWARD 2.","FORWARD 2, TURN RIGHT 90°, FORWARD 2, TURN RIGHT 90°, FORWARD 3, TURN LEFT 90°, FORWARD 1, TURN RIGHT 90°, FORWARD 1.","FORWARD 2, TURN LEFT 90°, FORWARD 2, TURN RIGHT 90°, FORWARD 3, TURN LEFT 90°, FORWARD 1.","FORWARD 2, TURN LEFT 90°, FORWARD 2, TURN RIGHT 90°, FORWARD 3, TURN LEFT 90°, FORWARD 1, TURN RIGHT 90°, FORWARD 1.","FORWARD 2, TURN LEFT 90°, FORWARD 2, TURN RIGHT 90°, FORWARD 3, TURN LEFT 90°, FORWARD 1, TURN RIGHT 90°, FORWARD 1.",25,Geometry - Position/Direction,Multiple Choice,P4Q25_12
"Can you guide the robot along the white squares through this grid?
It starts on the square marked 'Begin' and finishes on the square marked 'End'.
You can only programme it to move FORWARD, TURN LEFT 90° or TURN RIGHT 90°.
Which of the instructions below will guide the robot through the grid?",P4Q25_13.png,"FORWARD 4, TURN RIGHT 90°, FORWARD 3, TURN RIGHT 90°, FORWARD 2, TURN RIGHT 90°, FORWARD 4.","FORWARD 4, TURN LEFT 90°, FORWARD 3, TURN RIGHT 90°, FORWARD 2.","FORWARD 4, TURN LEFT 90°, FORWARD 3, TURN RIGHT 90°, FORWARD 2, TURN RIGHT 90°, FORWARD 4.","FORWARD 4, TURN LEFT 90°, FORWARD 3, TURN RIGHT 90°, FORWARD 2, TURN RIGHT 90°, FORWARD 3.","FORWARD 4, TURN LEFT 90°, FORWARD 3, TURN RIGHT 90°, FORWARD 2, TURN RIGHT 90°, FORWARD 4, TURN LEFT 90°, FORWARD 2.","FORWARD 4, TURN LEFT 90°, FORWARD 3, TURN RIGHT 90°, FORWARD 2, TURN RIGHT 90°, FORWARD 4.",25,Geometry - Position/Direction,Multiple Choice,P4Q25_13
"Can you guide the robot along the white squares through this grid?
It starts on the square marked 'Begin' and finishes on the square marked 'End'.
You can only programme it to move FORWARD, TURN LEFT 90° or TURN RIGHT 90°.
Which of the instructions below will guide the robot through the grid?",P4Q25_14.png,"FORWARD 4, TURN LEFT 90°, FORWARD 4.","FORWARD 4, TURN LEFT 90°, FORWARD 4, TURN LEFT 90°, FORWARD 3.","FORWARD 4, TURN LEFT 90°, FORWARD 5, TURN LEFT 90°, FORWARD 3.","FORWARD 4, TURN LEFT 90°, FORWARD 4, TURN LEFT 90°, FORWARD 3, TURN LEFT 90°, FORWARD 2.","FORWARD 4, TURN RIGHT 90°, FORWARD 4, TURN LEFT 90°, FORWARD 3.","FORWARD 4, TURN LEFT 90°, FORWARD 4, TURN LEFT 90°, FORWARD 3.",25,Geometry - Position/Direction,Multiple Choice,P4Q25_14
"Can you guide the robot along the white squares through this grid?
It starts on the square marked 'Begin' and finishes on the square marked 'End'.
You can only programme it to move FORWARD, TURN LEFT 90° or TURN RIGHT 90°.
Which of the instructions below will guide the robot through the grid?",P4Q25_15.png,"FORWARD 3, TURN LEFT 90°, FORWARD 2, TURN RIGHT 90°, FORWARD 3, TURN LEFT 90°, FORWARD 3, TURN LEFT 90°, FORWARD 2.","FORWARD 3, TURN RIGHT 90°, FORWARD 2, TURN RIGHT 90°, FORWARD 3, TURN LEFT 90°, FORWARD 3.","FORWARD 3, TURN LEFT 90°, FORWARD 2, TURN LEFT 90°, FORWARD 3, TURN LEFT 90°, FORWARD 3.","FORWARD 3, TURN LEFT 90°, FORWARD 2, TURN RIGHT 90°, FORWARD 3, TURN LEFT 90°, FORWARD 2.","FORWARD 3, TURN LEFT 90°, FORWARD 2, TURN RIGHT 90°, FORWARD 3, TURN LEFT 90°, FORWARD 3.","FORWARD 3, TURN LEFT 90°, FORWARD 2, TURN RIGHT 90°, FORWARD 3, TURN LEFT 90°, FORWARD 3.",25,Geometry - Position/Direction,Multiple Choice,P4Q25_15
"Can you guide the robot along the white squares through this grid?
It starts on the square marked 'Begin' and finishes on the square marked 'End'.
You can only programme it to move FORWARD, TURN LEFT 90° or TURN RIGHT 90°.
Which of the instructions below will guide the robot through the grid?",P4Q25_16.png,"FORWARD 3, TURN RIGHT 90°, FORWARD 2, TURN RIGHT 90°, FORWARD 3, TURN RIGHT 90°, FORWARD 1.","FORWARD 3, TURN RIGHT 90°, FORWARD 2, TURN RIGHT 90°, FORWARD 3, TURN RIGHT 90°, FORWARD 2.","FORWARD 3, TURN RIGHT 90°, FORWARD 2, TURN RIGHT 90°, FORWARD 3.","FORWARD 3, TURN RIGHT 90°, FORWARD 2, TURN RIGHT 90°, FORWARD 3, TURN LEFT 90°, FORWARD 1.","FORWARD 3, TURN RIGHT 90°, FORWARD 2, TURN RIGHT 90°, FORWARD 3, TURN RIGHT 90°, FORWARD 1, TURN LEFT 90°, FORWARD 2.","FORWARD 3, TURN RIGHT 90°, FORWARD 2, TURN RIGHT 90°, FORWARD 3, TURN RIGHT 90°, FORWARD 1.",25,Geometry - Position/Direction,Multiple Choice,P4Q25_16
"Can you guide the robot along the white squares through this grid?
It starts on the square marked 'Begin' and finishes on the square marked 'End'.
You can only programme it to move FORWARD, TURN LEFT 90° or TURN RIGHT 90°.
Which of the instructions below will guide the robot through the grid?",P4Q25_17.png,"FORWARD 3, TURN RIGHT 90°, FORWARD 2, TURN RIGHT 90°, FORWARD 3.","FORWARD 2, TURN RIGHT 90°, FORWARD 2, TURN RIGHT 90°, FORWARD 3.","FORWARD 3, TURN LEFT 90°, FORWARD 2, TURN RIGHT 90°, FORWARD 3.","FORWARD 3, TURN RIGHT 90°, FORWARD 2, TURN RIGHT 90°, FORWARD 3, TURN LEFT 90°, FORWARD 2.","FORWARD 3, TURN RIGHT 90°, FORWARD 3, TURN RIGHT 90°, FORWARD 3.","FORWARD 3, TURN RIGHT 90°, FORWARD 2, TURN RIGHT 90°, FORWARD 3.",25,Geometry - Position/Direction,Multiple Choice,P4Q25_17
"Can you guide the robot along the white squares through this grid?
It starts on the square marked 'Begin' and finishes on the square marked 'End'.
You can only programme it to move FORWARD, TURN LEFT 90° or TURN RIGHT 90°.
Which of the instructions below will guide the robot through the grid?",P4Q25_18.png,"FORWARD 4, TURN LEFT 90°, FORWARD 2, TURN RIGHT 90°, FORWARD 2, TURN LEFT 90°, FORWARD 2, TURN LEFT 90°, FORWARD 2.","FORWARD 4, TURN LEFT 90°, FORWARD 2, TURN RIGHT 90°, FORWARD 2, TURN LEFT 90°, FORWARD 2.","FORWARD 4, TURN LEFT 90°, FORWARD 2, TURN LEFT 90°, FORWARD 2, TURN LEFT 90°, FORWARD 2, TURN LEFT 90°, FORWARD 2.","FORWARD 4, TURN LEFT 90°, FORWARD 2, TURN RIGHT 90°, FORWARD 2, TURN LEFT 90°, FORWARD 2, TURN LEFT 90°, FORWARD 2, TURN LEFT 90°, FORWARD 2.","FORWARD 4, TURN LEFT 90°, FORWARD 2, TURN RIGHT 90°, FORWARD 2, TURN LEFT 90°, FORWARD 2, TURN LEFT 90°, FORWARD 3.","FORWARD 4, TURN LEFT 90°, FORWARD 2, TURN RIGHT 90°, FORWARD 2, TURN LEFT 90°, FORWARD 2, TURN LEFT 90°, FORWARD 2.",25,Geometry - Position/Direction,Multiple Choice,P4Q25_18
"Can you guide the robot along the white squares through this grid?
It starts on the square marked 'Begin' and finishes on the square marked 'End'.
You can only programme it to move FORWARD, TURN LEFT 90° or TURN RIGHT 90°.
Which of the instructions below will guide the robot through the grid?",P4Q25_19.png,"FORWARD 3, TURN LEFT 90°, FORWARD 2, TURN LEFT 90°, FORWARD 3.","FORWARD 3, TURN LEFT 90°, FORWARD 2, TURN LEFT 90°, FORWARD 2.","FORWARD 3, TURN LEFT 90°, FORWARD 2.","FORWARD 3, TURN LEFT 90°, FORWARD 2, TURN RIGHT 90°, FORWARD 3.","FORWARD 2, TURN LEFT 90°, FORWARD 2, TURN LEFT 90°, FORWARD 3.","FORWARD 3, TURN LEFT 90°, FORWARD 2, TURN LEFT 90°, FORWARD 3.",25,Geometry - Position/Direction,Multiple Choice,P4Q25_19
"Can you guide the robot along the white squares through this grid?
It starts on the square marked 'Begin' and finishes on the square marked 'End'.
You can only programme it to move FORWARD, TURN LEFT 90° or TURN RIGHT 90°.
Which of the instructions below will guide the robot through the grid?",P4Q25_20.png,"FORWARD 4, TURN RIGHT 90°, FORWARD 1, TURN LEFT 90°, FORWARD 3.","FORWARD 4, TURN LEFT 90°, FORWARD 1, TURN LEFT 90°, FORWARD 2.","FORWARD 4, TURN LEFT 90°, FORWARD 1, TURN RIGHT 90°, FORWARD 3.","FORWARD 4, TURN LEFT 90°, FORWARD 1, TURN LEFT 90°, FORWARD 3.","FORWARD 4, TURN LEFT 90°, FORWARD 1, TURN LEFT 90°, FORWARD 3, TURN LEFT 90°, FORWARD 2.","FORWARD 4, TURN LEFT 90°, FORWARD 1, TURN LEFT 90°, FORWARD 3.",25,Geometry - Position/Direction,Multiple Choice,P4Q25_20
"Out of 20 items, 15 are left. What percentage is left?",,10%,25%,75%,50%,80%,75%,26,Percentages,Text,P2Q26_1
"Out of 20 items, 5 are left. What percentage is left?",,10%,35%,75%,50%,25%,25%,26,Percentages,Text,P2Q26_2
"Out of 20 items, 10 are left. What percentage is left?",,10%,25%,75%,20%,50%,50%,26,Percentages,Text,P2Q26_5
"The three circles represent people who like Piano, Guitar and Violin. Which area shows the people who do NOT like Guitar?",P3Q26_1.png,F + D + C + A,B + F + G,G + E + B,A + E + F,F,G + E + B,26,Data Handling - Venn Diagrams,Multiple Choice,P3Q26_1
"The three circles represent people who like Maths, English and Science. Which letter represents people who like only Maths?",P3Q26_2.png,A,B,F,G,E,G,26,Data Handling - Venn Diagrams,Multiple Choice,P3Q26_2
"The three circles represent people who like Pizza, Pasta and Burgers. Which letter represents people who like Pizza and Pasta but not Burgers?",P3Q26_3.png,A,F,B,D,G,D,26,Data Handling - Venn Diagrams,Multiple Choice,P3Q26_3
"The three circles represent people who like Tea, Coffee and Juice. Which area shows ALL the people who like Tea?",P3Q26_4.png,B + G + C,C + G + B,G + D + C + E,E + B + F,G,G + D + C + E,26,Data Handling - Venn Diagrams,Multiple Choice,P3Q26_4
"The three circles represent people who like Dogs, Cats and Fish. Which area shows the people who do NOT like Dogs?",P3Q26_5.png,B + F + C,G + D + C + E,F + A + B,G + D + B,G,F + A + B,26,Data Handling - Venn Diagrams,Multiple Choice,P3Q26_5
"The three circles represent people who like Piano, Guitar and Violin. Which area shows the people who do NOT like Guitar?",P3Q26_6.png,F,A + B + C,G + E + B,F + D + C + A,G + D + F,G + E + B,26,Data Handling - Venn Diagrams,Multiple Choice,P3Q26_6
"The three circles represent people who like French, Spanish and German. Which letter represents people who like only Spanish?",P3Q26_7.png,C,B,D,F,G,F,26,Data Handling - Venn Diagrams,Multiple Choice,P3Q26_7
"The three circles represent people who like Dogs, Cats and Fish. Which letter represents people who like only Dogs?",P3Q26_8.png,C,F,G,B,D,G,26,Data Handling - Venn Diagrams,Multiple Choice,P3Q26_8
"The three circles represent people who like Pizza, Pasta and Burgers. Which letter represents people who like Pizza and Pasta but not Burgers?",P3Q26_9.png,A,C,B,G,D,D,26,Data Handling - Venn Diagrams,Multiple Choice,P3Q26_9
"The three circles represent people who like Dogs, Cats and Fish. Which area shows ALL the people who like Dogs?",P3Q26_10.png,E + F + A,G + D + C + E,E + A + G,C + G + A,G,G + D + C + E,26,Data Handling - Venn Diagrams,Multiple Choice,P3Q26_10
"The three circles represent people who like Dogs, Cats and Fish. Which area shows ALL the people who like Dogs?",P3Q26_11.png,C + F + A,G + D + C + E,G,C + E + A,G + D + E,G + D + C + E,26,Data Handling - Venn Diagrams,Multiple Choice,P3Q26_11
"The three circles represent people who like Football, Rugby and Tennis. Which letter represents people who like Football and Tennis but not Rugby?",P3Q26_12.png,C,E,D,A,F,E,26,Data Handling - Venn Diagrams,Multiple Choice,P3Q26_12
"The three circles represent people who like Dogs, Cats and Fish. Which area shows the people who do NOT like Fish?",P3Q26_13.png,B,B + E + C + A,C + A + B,G + D + F,E + G + B,G + D + F,26,Data Handling - Venn Diagrams,Multiple Choice,P3Q26_13
"The three circles represent people who like Tea, Coffee and Juice. Which letter represents people who like Tea, Coffee and Juice?",P3Q26_14.png,E,G,C,D,A,C,26,Data Handling - Venn Diagrams,Multiple Choice,P3Q26_14
"The three circles represent people who like Pizza, Pasta and Burgers. Which area shows the people who do NOT like Pizza?",P3Q26_15.png,E + B + G,A + E + G,G + D + C + E,F + A + B,G,F + A + B,26,Data Handling - Venn Diagrams,Multiple Choice,P3Q26_15
"The three circles represent people who like Piano, Guitar and Violin. Which letter represents people who like Piano and Guitar but not Violin?",P3Q26_16.png,F,C,A,B,D,D,26,Data Handling - Venn Diagrams,Multiple Choice,P3Q26_16
"The three circles represent people who like Tea, Coffee and Juice. Which letter represents people who like Tea and Juice but not Coffee?",P3Q26_17.png,B,D,E,G,A,E,26,Data Handling - Venn Diagrams,Multiple Choice,P3Q26_17
"The three circles represent people who like French, Spanish and German. Which area shows ALL the people who like Spanish?",P3Q26_18.png,F,F + D + C + A,D + E + B,E + B + G,E + A + G,F + D + C + A,26,Data Handling - Venn Diagrams,Multiple Choice,P3Q26_18
"The three circles represent people who like Dogs, Cats and Fish. Which area shows the people who do NOT like Dogs?",P3Q26_19.png,C + D + A,C + D + E,F + A + B,G,G + D + C + E,F + A + B,26,Data Handling - Venn Diagrams,Multiple Choice,P3Q26_19
"The three circles represent people who like Tea, Coffee and Juice. Which letter represents people who like only Coffee?",P3Q26_20.png,F,D,C,A,E,F,26,Data Handling - Venn Diagrams,Multiple Choice,P3Q26_20
"Laptops are being packed into shelves.
Each shelve holds 11 laptops.
How many shelves are needed for 108 laptops?",,9,5,12,11,10,10,26,Calculations,Multiple Choice,P4Q26_1
"Books are being packed into shelves.
Each shelve holds 7 books.
How many shelves are needed for 50 books?",,8,3,9,6,7,8,26,Calculations,Multiple Choice,P4Q26_2
"Footballs are being packed into trunks.
Each trunk holds 8 footballs.
How many trunks are needed for 101 footballs?",,15,14,13,12,18,13,26,Calculations,Multiple Choice,P4Q26_3
"Books are being packed into shelves.
Each shelve holds 12 books.
How many shelves are needed for 186 books?",,18,11,15,17,16,16,26,Calculations,Multiple Choice,P4Q26_4
"Rucksacks are being packed into crates.
Each crate holds 6 rucksacks.
How many crates are needed for 32 rucksacks?",,5,7,6,4,8,6,26,Calculations,Multiple Choice,P4Q26_5
"Boxes are being packed into trunks.
Each trunk holds 4 boxes.
How many trunks are needed for 54 boxes?",,12,14,13,19,15,14,26,Calculations,Multiple Choice,P4Q26_6
"Boxes are being packed into boxes.
Each boxe holds 8 boxes.
How many boxes are needed for 61 boxes?",,13,9,7,10,8,8,26,Calculations,Multiple Choice,P4Q26_7
"Footballs are being packed into bags.
Each bag holds 7 footballs.
How many bags are needed for 40 footballs?",,7,8,5,6,4,6,26,Calculations,Multiple Choice,P4Q26_8
"Boxes are being packed into crates.
Each crate holds 12 boxes.
How many crates are needed for 137 boxes?",,11,13,7,12,10,12,26,Calculations,Multiple Choice,P4Q26_9
"Books are being packed into bags.
Each bag holds 12 books.
How many bags are needed for 97 books?",,11,10,7,8,9,9,26,Calculations,Multiple Choice,P4Q26_10
"Books are being packed into boxes.
Each boxe holds 10 books.
How many boxes are needed for 143 books?",,14,10,17,16,13,15,26,Calculations,Multiple Choice,P4Q26_11
"Books are being packed into boxes.
Each boxe holds 8 books.
How many boxes are needed for 55 books?",,6,9,7,8,12,7,26,Calculations,Multiple Choice,P4Q26_12
"Laptops are being packed into bags.
Each bag holds 10 laptops.
How many bags are needed for 152 laptops?",,15,17,18,14,16,16,26,Calculations,Multiple Choice,P4Q26_13
"Rucksacks are being packed into shelves.
Each shelve holds 6 rucksacks.
How many shelves are needed for 88 rucksacks?",,14,16,17,15,20,15,26,Calculations,Multiple Choice,P4Q26_14
"Boxes are being packed into shelves.
Each shelve holds 10 boxes.
How many shelves are needed for 134 boxes?",,13,9,12,14,15,14,26,Calculations,Multiple Choice,P4Q26_15
"Footballs are being packed into trunks.
Each trunk holds 12 footballs.
How many trunks are needed for 121 footballs?",,16,12,10,9,11,11,26,Calculations,Multiple Choice,P4Q26_16
"Footballs are being packed into boxes.
Each boxe holds 11 footballs.
How many boxes are needed for 171 footballs?",,15,16,14,17,21,16,26,Calculations,Multiple Choice,P4Q26_17
"Footballs are being packed into crates.
Each crate holds 7 footballs.
How many crates are needed for 109 footballs?",,18,17,15,14,21,16,26,Calculations,Multiple Choice,P4Q26_18
"Boxes are being packed into trunks.
Each trunk holds 12 boxes.
How many trunks are needed for 91 boxes?",,6,9,8,7,10,8,26,Calculations,Multiple Choice,P4Q26_19
"Books are being packed into bags.
Each bag holds 8 books.
How many bags are needed for 45 books?",,5,7,6,1,8,6,26,Calculations,Multiple Choice,P4Q26_20
"Rucksacks are being packed into shelves.
Each shelve holds 7 rucksacks.
How many shelves are needed for 97 rucksacks?",,13,12,16,15,14,14,26,Calculations,Multiple Choice,P4Q26_21
"Rucksacks are being packed into shelves.
Each shelve holds 5 rucksacks.
How many shelves are needed for 39 rucksacks?",,7,13,9,6,8,8,26,Calculations,Multiple Choice,P4Q26_22
"Boxes are being packed into trunks.
Each trunk holds 4 boxes.
How many trunks are needed for 53 boxes?",,16,9,13,15,14,14,26,Calculations,Multiple Choice,P4Q26_23
"Boxes are being packed into bags.
Each bag holds 5 boxes.
How many bags are needed for 57 boxes?",,14,11,17,13,12,12,26,Calculations,Multiple Choice,P4Q26_24
"Rucksacks are being packed into crates.
Each crate holds 7 rucksacks.
How many crates are needed for 64 rucksacks?",,8,11,10,12,9,10,26,Calculations,Multiple Choice,P4Q26_25
"Footballs are being packed into trunks.
Each trunk holds 7 footballs.
How many trunks are needed for 69 footballs?",,12,11,5,8,9,10,26,Calculations,Multiple Choice,P4Q26_26
"Rucksacks are being packed into bags.
Each bag holds 5 rucksacks.
How many bags are needed for 42 rucksacks?",,8,10,14,7,4,9,26,Calculations,Multiple Choice,P4Q26_27
"Boxes are being packed into shelves.
Each shelve holds 7 boxes.
How many shelves are needed for 53 boxes?",,8,9,13,10,7,8,26,Calculations,Multiple Choice,P4Q26_28
"Rucksacks are being packed into trunks.
Each trunk holds 8 rucksacks.
How many trunks are needed for 62 rucksacks?",,7,9,10,3,13,8,26,Calculations,Multiple Choice,P4Q26_29
"Boxes are being packed into shelves.
Each shelve holds 5 boxes.
How many shelves are needed for 38 boxes?",,7,9,8,6,10,8,26,Calculations,Multiple Choice,P4Q26_30
"Rucksacks are being packed into crates.
Each crate holds 12 rucksacks.
How many crates are needed for 68 rucksacks?",,11,7,5,4,8,6,26,Calculations,Multiple Choice,P4Q26_31
"Boxes are being packed into bags.
Each bag holds 10 boxes.
How many bags are needed for 77 boxes?",,7,9,8,6,3,8,26,Calculations,Multiple Choice,P4Q26_32
"Laptops are being packed into bags.
Each bag holds 8 laptops.
How many bags are needed for 105 laptops?",,13,15,9,19,12,14,26,Calculations,Multiple Choice,P4Q26_33
"Rucksacks are being packed into bags.
Each bag holds 7 rucksacks.
How many bags are needed for 74 rucksacks?",,11,16,9,10,12,11,26,Calculations,Multiple Choice,P4Q26_34
"Laptops are being packed into boxes.
Each boxe holds 4 laptops.
How many boxes are needed for 57 laptops?",,17,16,13,14,20,15,26,Calculations,Multiple Choice,P4Q26_35
"Boxes are being packed into boxes.
Each boxe holds 5 boxes.
How many boxes are needed for 69 boxes?",,13,14,9,16,15,14,26,Calculations,Multiple Choice,P4Q26_36
"Footballs are being packed into trunks.
Each trunk holds 5 footballs.
How many trunks are needed for 44 footballs?",,4,10,14,11,8,9,26,Calculations,Multiple Choice,P4Q26_37
"Footballs are being packed into trunks.
Each trunk holds 8 footballs.
How many trunks are needed for 108 footballs?",,15,12,13,14,9,14,26,Calculations,Multiple Choice,P4Q26_38
"Laptops are being packed into crates.
Each crate holds 11 laptops.
How many crates are needed for 60 laptops?",,5,8,11,4,7,6,26,Calculations,Multiple Choice,P4Q26_39
"Footballs are being packed into boxes.
Each boxe holds 5 footballs.
How many boxes are needed for 41 footballs?",,8,10,7,4,11,9,26,Calculations,Multiple Choice,P4Q26_40
"Footballs are being packed into boxes.
Each boxe holds 8 footballs.
How many boxes are needed for 113 footballs?",,14,20,15,16,13,15,26,Calculations,Multiple Choice,P4Q26_41
"Boxes are being packed into crates.
Each crate holds 6 boxes.
How many crates are needed for 70 boxes?",,11,14,12,10,13,12,26,Calculations,Multiple Choice,P4Q26_42
"Footballs are being packed into shelves.
Each shelve holds 12 footballs.
How many shelves are needed for 90 footballs?",,3,9,10,7,6,8,26,Calculations,Multiple Choice,P4Q26_43
"Footballs are being packed into bags.
Each bag holds 4 footballs.
How many bags are needed for 38 footballs?",,15,11,10,8,9,10,26,Calculations,Multiple Choice,P4Q26_44
"Boxes are being packed into shelves.
Each shelve holds 8 boxes.
How many shelves are needed for 126 boxes?",,15,14,16,17,18,16,26,Calculations,Multiple Choice,P4Q26_45
"Footballs are being packed into trunks.
Each trunk holds 9 footballs.
How many trunks are needed for 51 footballs?",,11,7,6,8,5,6,26,Calculations,Multiple Choice,P4Q26_46
"Boxes are being packed into crates.
Each crate holds 9 boxes.
How many crates are needed for 87 boxes?",,9,8,12,5,11,10,26,Calculations,Multiple Choice,P4Q26_47
"Laptops are being packed into trunks.
Each trunk holds 8 laptops.
How many trunks are needed for 123 laptops?",,15,11,14,17,16,16,26,Calculations,Multiple Choice,P4Q26_48
"Footballs are being packed into crates.
Each crate holds 6 footballs.
How many crates are needed for 55 footballs?",,5,11,10,12,9,10,26,Calculations,Multiple Choice,P4Q26_49
"Laptops are being packed into crates.
Each crate holds 7 laptops.
How many crates are needed for 102 laptops?",,14,16,20,10,13,15,26,Calculations,Multiple Choice,P4Q26_50
How many centimetres are there in 3.05 metres?,,3.05 cm,305 cm,3050 cm,30500 cm,305000 cm,305 cm,27,Measures - Unit Conversion,Multiple Choice,P3Q27_1
How many centilitres are there in 40 millilitres?,,0.4 cl,4 cl,40 cl,400 cl,4000 cl,4 cl,27,Measures - Unit Conversion,Multiple Choice,P3Q27_2
How many milligrams are there in 0.25 grams?,,2.5 mg,250 mg,2500 mg,25000 mg,250000 mg,250 mg,27,Measures - Unit Conversion,Multiple Choice,P3Q27_3
How many milligrams are there in 5.94 grams?,,594 mg,5940 mg,59400 mg,594000 mg,5940000 mg,5940 mg,27,Measures - Unit Conversion,Multiple Choice,P3Q27_4
How many metres are there in 9.27 centimetres?,,0.000927 m,0.00927 m,0.0927 m,0.927 m,9.27 m,0.0927 m,27,Measures - Unit Conversion,Multiple Choice,P3Q27_5
How many metres are there in 8.0 millimetres?,,0.0008 m,0.008 m,0.08 m,0.8 m,8 m,0.008 m,27,Measures - Unit Conversion,Multiple Choice,P3Q27_6
How many kilometres are there in 4.56 millimetres?,,0.000000456 km,0.00000456 km,0.000456 km,0.00456 km,0.456 km,0.00000456 km,27,Measures - Unit Conversion,Multiple Choice,P3Q27_7
How many centimetres are there in 0.007 kilometres?,,0.7 cm,7 cm,70 cm,700.0 cm,700000 cm,700.0 cm,27,Measures - Unit Conversion,Multiple Choice,P3Q27_8
How many centimetres are there in 0.004 kilometres?,,4 cm,400 cm,4000 cm,40000 cm,400000 cm,400 cm,27,Measures - Unit Conversion,Multiple Choice,P3Q27_9
How many millilitres are there in 2.5 centilitres?,,0.25 ml,2.5 ml,25 ml,2500 ml,25000 ml,25 ml,27,Measures - Unit Conversion,Multiple Choice,P3Q27_10
How many centimetres are there in 50 metres?,,5 cm,5000 cm,50000 cm,500000 cm,5000000 cm,5000 cm,27,Measures - Unit Conversion,Multiple Choice,P3Q27_11
How many millilitres are there in 14 litres?,,140 ml,14000 ml,140000 ml,1400000 ml,14000000 ml,14000 ml,27,Measures - Unit Conversion,Multiple Choice,P3Q27_12
How many kilometres are there in 0.2 millimetres?,,0.0000000002 km,0.00000002 km,0.00002 km,0.0002 km,0.02 km,0.00000002 km,27,Measures - Unit Conversion,Multiple Choice,P3Q27_13
How many millilitres are there in 4 centilitres?,,0.4 ml,4 ml,40 ml,4000 ml,40000 ml,40 ml,27,Measures - Unit Conversion,Multiple Choice,P3Q27_14
How many centimetres are there in 9.13 millimetres?,,0.000913 cm,0.00913 cm,0.0913 cm,0.913 cm,9.13 cm,0.913 cm,27,Measures - Unit Conversion,Multiple Choice,P3Q27_15
How many centimetres are there in 24 kilometres?,,240000 cm,2400000 cm,24000000 cm,240000000 cm,2400000000 cm,2400000 cm,27,Measures - Unit Conversion,Multiple Choice,P3Q27_16
How many kilometres are there in 9 centimetres?,,0.000009 km,0.00009 km,0.0009 km,0.09 km,0.9 km,0.00009 km,27,Measures - Unit Conversion,Multiple Choice,P3Q27_17
How many millilitres are there in 2 centilitres?,,2 ml,20 ml,200 ml,2000 ml,20000 ml,20 ml,27,Measures - Unit Conversion,Multiple Choice,P3Q27_18
How many centimetres are there in 49 kilometres?,,4900 cm,4900000 cm,49000000 cm,490000000 cm,4900000000 cm,4900000 cm,27,Measures - Unit Conversion,Multiple Choice,P3Q27_19
How many millilitres are there in 0.1 centilitres?,,0.1 ml,1 ml,10 ml,100 ml,1000 ml,1 ml,27,Measures - Unit Conversion,Multiple Choice,P3Q27_20
How many grams are there in 50 kilograms?,,5000 g,50000 g,500000 g,5000000 g,50000000 g,50000 g,27,Measures - Unit Conversion,Multiple Choice,P3Q27_21
How many grams are there in 0.01 kilograms?,,0.1 g,1 g,10 g,100 g,1000 g,10 g,27,Measures - Unit Conversion,Multiple Choice,P3Q27_22
How many grams are there in 0.07 milligrams?,,0.000007 g,0.00007 g,0.0007 g,0.007 g,0.07 g,0.00007 g,27,Measures - Unit Conversion,Multiple Choice,P3Q27_23
How many millilitres are there in 26 centilitres?,,0.26 ml,2.6 ml,260 ml,2600 ml,260000 ml,260 ml,27,Measures - Unit Conversion,Multiple Choice,P3Q27_24
How many centimetres are there in 30 kilometres?,,300000 cm,3000000 cm,30000000 cm,300000000 cm,3000000000 cm,3000000 cm,27,Measures - Unit Conversion,Multiple Choice,P3Q27_25
How many tonnes are there in 0.2 kilograms?,,0.00000002 t,0.00002 t,0.0002 t,0.02 t,0.2 t,0.0002 t,27,Measures - Unit Conversion,Multiple Choice,P3Q27_26
How many millimetres are there in 0.75 metres?,,0.75 mm,7.5 mm,75 mm,750 mm,7500 mm,750 mm,27,Measures - Unit Conversion,Multiple Choice,P3Q27_27
How many centimetres are there in 0.06 kilometres?,,6 cm,6000 cm,60000 cm,600000 cm,6000000 cm,6000 cm,27,Measures - Unit Conversion,Multiple Choice,P3Q27_28
How many millilitres are there in 9.32 centilitres?,,0.932 ml,9.32 ml,93.2 ml,932 ml,9320 ml,93.2 ml,27,Measures - Unit Conversion,Multiple Choice,P3Q27_29
How many millilitres are there in 0.06 litres?,,0.6 ml,6 ml,60 ml,6000 ml,60000 ml,60 ml,27,Measures - Unit Conversion,Multiple Choice,P3Q27_30
How many millilitres are there in 0.02 centilitres?,,0.0002 ml,0.2 ml,2 ml,20 ml,200 ml,0.2 ml,27,Measures - Unit Conversion,Multiple Choice,P3Q27_31
How many grams are there in 0.1 kilograms?,,0.1 g,1 g,100 g,1000 g,100000 g,100 g,27,Measures - Unit Conversion,Multiple Choice,P3Q27_32
How many centimetres are there in 0.1 metres?,,0.1 cm,1 cm,10 cm,100 cm,1000 cm,10 cm,27,Measures - Unit Conversion,Multiple Choice,P3Q27_33
How many millilitres are there in 19 centilitres?,,1.9 ml,19 ml,190 ml,1900 ml,190000 ml,190 ml,27,Measures - Unit Conversion,Multiple Choice,P3Q27_34
How many kilograms are there in 3.95 tonnes?,,3.95 kg,39.5 kg,395 kg,3950 kg,39500 kg,3950 kg,27,Measures - Unit Conversion,Multiple Choice,P3Q27_35
How many grams are there in 2.46 milligrams?,,0.000246 g,0.00246 g,0.0246 g,0.246 g,2.46 g,0.00246 g,27,Measures - Unit Conversion,Multiple Choice,P3Q27_36
How many milligrams are there in 36 grams?,,36 mg,36000 mg,360000 mg,3600000 mg,36000000 mg,36000 mg,27,Measures - Unit Conversion,Multiple Choice,P3Q27_37
How many milligrams are there in 0.75 grams?,,0.75 mg,7.5 mg,75 mg,750 mg,7500 mg,750 mg,27,Measures - Unit Conversion,Multiple Choice,P3Q27_38
How many millilitres are there in 0.1 centilitres?,,0.1 ml,1 ml,10 ml,100 ml,1000 ml,1 ml,27,Measures - Unit Conversion,Multiple Choice,P3Q27_39
How many metres are there in 5.42 kilometres?,,5.42 m,54.2 m,5420 m,542000 m,5420000 m,5420 m,27,Measures - Unit Conversion,Multiple Choice,P3Q27_40
How many millimetres are there in 0.008 metres?,,0.08 mm,0.8 mm,8 mm,800 mm,8000 mm,8 mm,27,Measures - Unit Conversion,Multiple Choice,P3Q27_41
How many metres are there in 41 kilometres?,,41 m,4100 m,41000 m,4100000 m,41000000 m,41000 m,27,Measures - Unit Conversion,Multiple Choice,P3Q27_42
How many grams are there in 0.07 kilograms?,,0.07 g,0.7 g,7 g,70 g,70000 g,70 g,27,Measures - Unit Conversion,Multiple Choice,P3Q27_43
How many centimetres are there in 0.03 metres?,,0.03 cm,0.3 cm,3 cm,300 cm,3000 cm,3 cm,27,Measures - Unit Conversion,Multiple Choice,P3Q27_44
How many millilitres are there in 8.03 centilitres?,,0.803 ml,8.03 ml,80.3 ml,803 ml,80300 ml,80.3 ml,27,Measures - Unit Conversion,Multiple Choice,P3Q27_45
How many centimetres are there in 1.73 metres?,,0.173 cm,1.73 cm,173 cm,1730 cm,173000 cm,173 cm,27,Measures - Unit Conversion,Multiple Choice,P3Q27_46
How many grams are there in 2.5 kilograms?,,2.5 g,2500 g,25000 g,250000 g,2500000 g,2500 g,27,Measures - Unit Conversion,Multiple Choice,P3Q27_47
How many millilitres are there in 0.004 centilitres?,,0.0004 ml,0.04 ml,0.4 ml,4 ml,40 ml,0.04 ml,27,Measures - Unit Conversion,Multiple Choice,P3Q27_48
How many centimetres are there in 2.35 metres?,,0.235 cm,2.35 cm,235 cm,2350 cm,23500 cm,235 cm,27,Measures - Unit Conversion,Multiple Choice,P3Q27_49
How many metres are there in 3.01 kilometres?,,3.01 m,301 m,3010 m,301000 m,3010000 m,3010 m,27,Measures - Unit Conversion,Multiple Choice,P3Q27_50
"All the sides of Alfie's tiles are the same length.
Alfie can make any of these solids with his tiles except one.
Which solid can Alfie NOT make with his tiles?",P4Q27_1.png,A,B,C,D,E,E,27,Geometry - 3D Shapes,Multiple Choice,P4Q27_1
"All the sides of Alfie's tiles are the same length.
Alfie can make any of these solids with his tiles except one.
Which solid can Alfie NOT make with his tiles?",P4Q27_2.png,A,B,C,D,E,C,27,Geometry - 3D Shapes,Multiple Choice,P4Q27_2
"All the sides of Alfie's tiles are the same length.
Alfie can make any of these solids with his tiles except one.
Which solid can Alfie NOT make with his tiles?",P4Q27_3.png,A,B,C,D,E,A,27,Geometry - 3D Shapes,Multiple Choice,P4Q27_3
"All the sides of Alfie's tiles are the same length.
Alfie can make any of these solids with his tiles except one.
Which solid can Alfie NOT make with his tiles?",P4Q27_4.png,A,B,C,D,E,E,27,Geometry - 3D Shapes,Multiple Choice,P4Q27_4
"All the sides of Alfie's tiles are the same length.
Alfie can make any of these solids with his tiles except one.
Which solid can Alfie NOT make with his tiles?",P4Q27_5.png,A,B,C,D,E,C,27,Geometry - 3D Shapes,Multiple Choice,P4Q27_5
"All the sides of Alfie's tiles are the same length.
Alfie can make any of these solids with his tiles except one.
Which solid can Alfie NOT make with his tiles?",P4Q27_6.png,A,B,C,D,E,B,27,Geometry - 3D Shapes,Multiple Choice,P4Q27_6
"All the sides of Alfie's tiles are the same length.
Alfie can make any of these solids with his tiles except one.
Which solid can Alfie NOT make with his tiles?",P4Q27_7.png,A,B,C,D,E,D,27,Geometry - 3D Shapes,Multiple Choice,P4Q27_7
"All the sides of Alfie's tiles are the same length.
Alfie can make any of these solids with his tiles except one.
Which solid can Alfie NOT make with his tiles?",P4Q27_8.png,A,B,C,D,E,E,27,Geometry - 3D Shapes,Multiple Choice,P4Q27_8
"All the sides of Alfie's tiles are the same length.
Alfie can make any of these solids with his tiles except one.
Which solid can Alfie NOT make with his tiles?",P4Q27_9.png,A,B,C,D,E,E,27,Geometry - 3D Shapes,Multiple Choice,P4Q27_9
"All the sides of Alfie's tiles are the same length.
Alfie can make any of these solids with his tiles except one.
Which solid can Alfie NOT make with his tiles?",P4Q27_10.png,A,B,C,D,E,E,27,Geometry - 3D Shapes,Multiple Choice,P4Q27_10
"All the sides of Alfie's tiles are the same length.
Alfie can make any of these solids with his tiles except one.
Which solid can Alfie NOT make with his tiles?",P4Q27_11.png,A,B,C,D,E,E,27,Geometry - 3D Shapes,Multiple Choice,P4Q27_11
"All the sides of Alfie's tiles are the same length.
Alfie can make any of these solids with his tiles except one.
Which solid can Alfie NOT make with his tiles?",P4Q27_12.png,A,B,C,D,E,C,27,Geometry - 3D Shapes,Multiple Choice,P4Q27_12
"All the sides of Alfie's tiles are the same length.
Alfie can make any of these solids with his tiles except one.
Which solid can Alfie NOT make with his tiles?",P4Q27_13.png,A,B,C,D,E,B,27,Geometry - 3D Shapes,Multiple Choice,P4Q27_13
"All the sides of Alfie's tiles are the same length.
Alfie can make any of these solids with his tiles except one.
Which solid can Alfie NOT make with his tiles?",P4Q27_14.png,A,B,C,D,E,C,27,Geometry - 3D Shapes,Multiple Choice,P4Q27_14
"All the sides of Alfie's tiles are the same length.
Alfie can make any of these solids with his tiles except one.
Which solid can Alfie NOT make with his tiles?",P4Q27_15.png,A,B,C,D,E,E,27,Geometry - 3D Shapes,Multiple Choice,P4Q27_15
"All the sides of Alfie's tiles are the same length.
Alfie can make any of these solids with his tiles except one.
Which solid can Alfie NOT make with his tiles?",P4Q27_16.png,A,B,C,D,E,B,27,Geometry - 3D Shapes,Multiple Choice,P4Q27_16
"All the sides of Alfie's tiles are the same length.
Alfie can make any of these solids with his tiles except one.
Which solid can Alfie NOT make with his tiles?",P4Q27_17.png,A,B,C,D,E,A,27,Geometry - 3D Shapes,Multiple Choice,P4Q27_17
"All the sides of Alfie's tiles are the same length.
Alfie can make any of these solids with his tiles except one.
Which solid can Alfie NOT make with his tiles?",P4Q27_18.png,A,B,C,D,E,A,27,Geometry - 3D Shapes,Multiple Choice,P4Q27_18
"All the sides of Alfie's tiles are the same length.
Alfie can make any of these solids with his tiles except one.
Which solid can Alfie NOT make with his tiles?",P4Q27_19.png,A,B,C,D,E,C,27,Geometry - 3D Shapes,Multiple Choice,P4Q27_19
"All the sides of Alfie's tiles are the same length.
Alfie can make any of these solids with his tiles except one.
Which solid can Alfie NOT make with his tiles?",P4Q27_20.png,A,B,C,D,E,B,27,Geometry - 3D Shapes,Multiple Choice,P4Q27_20
"James gets £2.00 pocket money each week.
Sarah gets twice as much.
If Sarah saves all of this pocket money for a whole year, how much money will be saved?",,£104.00,£4.00,£40.00,£16.00,£208.00,£208.00,28,Money,Multiple Choice,P4Q28_1
"David gets £6.40 pocket money each week.
James gets half as much.
If James saves all of this pocket money for a whole year, how much money will be saved?",,£32.00,£3.20,£332.80,£12.80,£166.40,£166.40,28,Money,Multiple Choice,P4Q28_2
"Emily gets £4.80 pocket money each week.
Peter gets half as much.
If Peter saves all of this pocket money for a whole year, how much money will be saved?",,£9.60,£2.40,£124.80,£24.00,£249.60,£124.80,28,Money,Multiple Choice,P4Q28_3
"Jonathan gets £3.60 pocket money each week.
Simon gets twice as much.
If Simon saves all of this pocket money for a whole year, how much money will be saved?",,£7.20,£374.40,£187.20,£72.00,£28.80,£374.40,28,Money,Multiple Choice,P4Q28_4
"Emily gets £2.00 pocket money each week.
David gets twice as much.
If David saves all of this pocket money for a whole year, how much money will be saved?",,£40.00,£104.00,£208.00,£16.00,£4.00,£208.00,28,Money,Multiple Choice,P4Q28_5
"Simon gets £3.60 pocket money each week.
Sarah gets half as much.
If Sarah saves all of this pocket money for a whole year, how much money will be saved?",,£187.20,£7.20,£18.00,£93.60,£1.80,£93.60,28,Money,Multiple Choice,P4Q28_6
"Emily gets £6.40 pocket money each week.
Sarah gets half as much.
If Sarah saves all of this pocket money for a whole year, how much money will be saved?",,£332.80,£3.20,£166.40,£12.80,£32.00,£166.40,28,Money,Multiple Choice,P4Q28_7
"Simon gets £8.00 pocket money each week.
Emily gets half as much.
If Emily saves all of this pocket money for a whole year, how much money will be saved?",,£40.00,£208.00,£4.00,£16.00,£416.00,£208.00,28,Money,Multiple Choice,P4Q28_8
"James gets £5.00 pocket money each week.
Sarah gets half as much.
If Sarah saves all of this pocket money for a whole year, how much money will be saved?",,£25.00,£2.50,£130.00,£260.00,£10.00,£130.00,28,Money,Multiple Choice,P4Q28_9
"Jonathan gets £4.80 pocket money each week.
Sarah gets half as much.
If Sarah saves all of this pocket money for a whole year, how much money will be saved?",,£9.60,£124.80,£24.00,£2.40,£249.60,£124.80,28,Money,Multiple Choice,P4Q28_10
"James gets £4.80 pocket money each week.
Simon gets half as much.
If Simon saves all of this pocket money for a whole year, how much money will be saved?",,£124.80,£249.60,£24.00,£2.40,£9.60,£124.80,28,Money,Multiple Choice,P4Q28_11
"Peter gets £2.00 pocket money each week.
Jonathan gets twice as much.
If Jonathan saves all of this pocket money for a whole year, how much money will be saved?",,£208.00,£4.00,£104.00,£40.00,£16.00,£208.00,28,Money,Multiple Choice,P4Q28_12
"Simon gets £2.40 pocket money each week.
Emily gets half as much.
If Emily saves all of this pocket money for a whole year, how much money will be saved?",,£62.40,£124.80,£12.00,£1.20,£4.80,£62.40,28,Money,Multiple Choice,P4Q28_13
"James gets £3.00 pocket money each week.
Sarah gets half as much.
If Sarah saves all of this pocket money for a whole year, how much money will be saved?",,£78.00,£156.00,£6.00,£15.00,£1.50,£78.00,28,Money,Multiple Choice,P4Q28_14
"Sarah gets £3.60 pocket money each week.
Emily gets twice as much.
If Emily saves all of this pocket money for a whole year, how much money will be saved?",,£187.20,£374.40,£7.20,£72.00,£28.80,£374.40,28,Money,Multiple Choice,P4Q28_15
"Sarah gets £2.40 pocket money each week.
David gets half as much.
If David saves all of this pocket money for a whole year, how much money will be saved?",,£4.80,£12.00,£1.20,£62.40,£124.80,£62.40,28,Money,Multiple Choice,P4Q28_16
"Emily gets £2.00 pocket money each week.
Peter gets twice as much.
If Peter saves all of this pocket money for a whole year, how much money will be saved?",,£208.00,£40.00,£16.00,£104.00,£4.00,£208.00,28,Money,Multiple Choice,P4Q28_17
"David gets £2.00 pocket money each week.
Simon gets twice as much.
If Simon saves all of this pocket money for a whole year, how much money will be saved?",,£16.00,£40.00,£4.00,£104.00,£208.00,£208.00,28,Money,Multiple Choice,P4Q28_18
"Simon gets £2.00 pocket money each week.
David gets twice as much.
If David saves all of this pocket money for a whole year, how much money will be saved?",,£208.00,£104.00,£16.00,£40.00,£4.00,£208.00,28,Money,Multiple Choice,P4Q28_19
"James gets £2.00 pocket money each week.
Peter gets twice as much.
If Peter saves all of this pocket money for a whole year, how much money will be saved?",,£4.00,£40.00,£16.00,£104.00,£208.00,£208.00,28,Money,Multiple Choice,P4Q28_20
"David gets £3.00 pocket money each week.
Sarah gets half as much.
If Sarah saves all of this pocket money for a whole year, how much money will be saved?",,£1.50,£78.00,£156.00,£15.00,£6.00,£78.00,28,Money,Multiple Choice,P4Q28_21
"Emily gets £2.00 pocket money each week.
Simon gets twice as much.
If Simon saves all of this pocket money for a whole year, how much money will be saved?",,£40.00,£16.00,£104.00,£208.00,£4.00,£208.00,28,Money,Multiple Choice,P4Q28_22
"Simon gets £4.20 pocket money each week.
Emily gets half as much.
If Emily saves all of this pocket money for a whole year, how much money will be saved?",,£21.00,£8.40,£109.20,£2.10,£218.40,£109.20,28,Money,Multiple Choice,P4Q28_23
"Emily gets £2.40 pocket money each week.
Peter gets twice as much.
If Peter saves all of this pocket money for a whole year, how much money will be saved?",,£4.80,£124.80,£48.00,£249.60,£19.20,£249.60,28,Money,Multiple Choice,P4Q28_24
"James gets £4.80 pocket money each week.
Peter gets half as much.
If Peter saves all of this pocket money for a whole year, how much money will be saved?",,£9.60,£249.60,£24.00,£124.80,£2.40,£124.80,28,Money,Multiple Choice,P4Q28_25
"Jonathan gets £8.00 pocket money each week.
James gets half as much.
If James saves all of this pocket money for a whole year, how much money will be saved?",,£16.00,£416.00,£4.00,£208.00,£40.00,£208.00,28,Money,Multiple Choice,P4Q28_26
"David gets £3.60 pocket money each week.
Sarah gets twice as much.
If Sarah saves all of this pocket money for a whole year, how much money will be saved?",,£187.20,£7.20,£72.00,£374.40,£28.80,£374.40,28,Money,Multiple Choice,P4Q28_27
"David gets £3.00 pocket money each week.
Emily gets half as much.
If Emily saves all of this pocket money for a whole year, how much money will be saved?",,£78.00,£1.50,£15.00,£6.00,£156.00,£78.00,28,Money,Multiple Choice,P4Q28_28
"Peter gets £2.00 pocket money each week.
David gets twice as much.
If David saves all of this pocket money for a whole year, how much money will be saved?",,£208.00,£16.00,£4.00,£40.00,£104.00,£208.00,28,Money,Multiple Choice,P4Q28_29
"James gets £3.00 pocket money each week.
Peter gets twice as much.
If Peter saves all of this pocket money for a whole year, how much money will be saved?",,£6.00,£156.00,£312.00,£24.00,£60.00,£312.00,28,Money,Multiple Choice,P4Q28_30
"Peter gets £2.00 pocket money each week.
David gets twice as much.
If David saves all of this pocket money for a whole year, how much money will be saved?",,£40.00,£208.00,£16.00,£104.00,£4.00,£208.00,28,Money,Multiple Choice,P4Q28_31
"David gets £8.00 pocket money each week.
Simon gets half as much.
If Simon saves all of this pocket money for a whole year, how much money will be saved?",,£208.00,£16.00,£416.00,£4.00,£40.00,£208.00,28,Money,Multiple Choice,P4Q28_32
"Simon gets £5.00 pocket money each week.
Jonathan gets half as much.
If Jonathan saves all of this pocket money for a whole year, how much money will be saved?",,£25.00,£2.50,£10.00,£130.00,£260.00,£130.00,28,Money,Multiple Choice,P4Q28_33
"Simon gets £2.00 pocket money each week.
Jonathan gets twice as much.
If Jonathan saves all of this pocket money for a whole year, how much money will be saved?",,£4.00,£104.00,£40.00,£208.00,£16.00,£208.00,28,Money,Multiple Choice,P4Q28_34
"Sarah gets £3.00 pocket money each week.
Jonathan gets half as much.
If Jonathan saves all of this pocket money for a whole year, how much money will be saved?",,£78.00,£156.00,£1.50,£15.00,£6.00,£78.00,28,Money,Multiple Choice,P4Q28_35
"Peter gets £2.40 pocket money each week.
Jonathan gets half as much.
If Jonathan saves all of this pocket money for a whole year, how much money will be saved?",,£4.80,£124.80,£1.20,£62.40,£12.00,£62.40,28,Money,Multiple Choice,P4Q28_36
"Jonathan gets £5.00 pocket money each week.
Simon gets half as much.
If Simon saves all of this pocket money for a whole year, how much money will be saved?",,£2.50,£10.00,£25.00,£260.00,£130.00,£130.00,28,Money,Multiple Choice,P4Q28_37
"Jonathan gets £5.00 pocket money each week.
Simon gets half as much.
If Simon saves all of this pocket money for a whole year, how much money will be saved?",,£2.50,£260.00,£130.00,£10.00,£25.00,£130.00,28,Money,Multiple Choice,P4Q28_38
"Simon gets £4.20 pocket money each week.
Peter gets half as much.
If Peter saves all of this pocket money for a whole year, how much money will be saved?",,£21.00,£8.40,£2.10,£109.20,£218.40,£109.20,28,Money,Multiple Choice,P4Q28_39
"James gets £2.00 pocket money each week.
Simon gets twice as much.
If Simon saves all of this pocket money for a whole year, how much money will be saved?",,£16.00,£208.00,£40.00,£104.00,£4.00,£208.00,28,Money,Multiple Choice,P4Q28_40
"Jonathan gets £2.00 pocket money each week.
Emily gets twice as much.
If Emily saves all of this pocket money for a whole year, how much money will be saved?",,£4.00,£16.00,£104.00,£208.00,£40.00,£208.00,28,Money,Multiple Choice,P4Q28_41
"Peter gets £4.20 pocket money each week.
James gets half as much.
If James saves all of this pocket money for a whole year, how much money will be saved?",,£21.00,£2.10,£8.40,£218.40,£109.20,£109.20,28,Money,Multiple Choice,P4Q28_42
"Peter gets £2.00 pocket money each week.
David gets twice as much.
If David saves all of this pocket money for a whole year, how much money will be saved?",,£104.00,£4.00,£40.00,£16.00,£208.00,£208.00,28,Money,Multiple Choice,P4Q28_43
"Peter gets £2.00 pocket money each week.
Simon gets twice as much.
If Simon saves all of this pocket money for a whole year, how much money will be saved?",,£16.00,£40.00,£4.00,£104.00,£208.00,£208.00,28,Money,Multiple Choice,P4Q28_44
"David gets £2.40 pocket money each week.
Jonathan gets half as much.
If Jonathan saves all of this pocket money for a whole year, how much money will be saved?",,£124.80,£12.00,£62.40,£1.20,£4.80,£62.40,28,Money,Multiple Choice,P4Q28_45
"Peter gets £3.00 pocket money each week.
Simon gets twice as much.
If Simon saves all of this pocket money for a whole year, how much money will be saved?",,£156.00,£6.00,£24.00,£60.00,£312.00,£312.00,28,Money,Multiple Choice,P4Q28_46
"Simon gets £2.00 pocket money each week.
Emily gets twice as much.
If Emily saves all of this pocket money for a whole year, how much money will be saved?",,£16.00,£208.00,£40.00,£104.00,£4.00,£208.00,28,Money,Multiple Choice,P4Q28_47
"Sarah gets £2.00 pocket money each week.
David gets twice as much.
If David saves all of this pocket money for a whole year, how much money will be saved?",,£4.00,£208.00,£104.00,£16.00,£40.00,£208.00,28,Money,Multiple Choice,P4Q28_48
"Emily gets £2.00 pocket money each week.
Simon gets twice as much.
If Simon saves all of this pocket money for a whole year, how much money will be saved?",,£4.00,£40.00,£208.00,£16.00,£104.00,£208.00,28,Money,Multiple Choice,P4Q28_49
"David gets £3.60 pocket money each week.
Jonathan gets twice as much.
If Jonathan saves all of this pocket money for a whole year, how much money will be saved?",,£374.40,£28.80,£187.20,£7.20,£72.00,£374.40,28,Money,Multiple Choice,P4Q28_50
"Ava earns £24.00 from a Saturday job. Ava is paid at the end of each week. If Ava saves all the money, how many weeks must Ava work before Ava can buy the Headphones shown?",P3Q29_1.png,5,6,4,7,8,6,29,Number - Multiplication and Division,Multiple Choice,P3Q29_1
"William earns £30.50 from a car washing job. William is paid at the end of each week. If William saves all the money, how many weeks must William work before William can buy the Skateboard shown?",P3Q29_2.png,4,2,5,3,6,4,29,Number - Multiplication and Division,Multiple Choice,P3Q29_2
"Ravi earns £13.00 from a babysitting job. Ravi is paid at the end of each week. If Ravi saves all the money, how many weeks must Ravi work before Ravi can buy the Smart Watch shown?",P3Q29_3.png,14,13,16,17,15,15,29,Number - Multiplication and Division,Multiple Choice,P3Q29_3
"Oliver earns £31.75 from a babysitting job. Oliver is paid at the end of each week. If Oliver saves all the money, how many weeks must Oliver work before Oliver can buy the Headphones shown?",P3Q29_4.png,6,5,2,3,4,4,29,Number - Multiplication and Division,Multiple Choice,P3Q29_4
"Liam earns £22.50 from a gardening job. Liam is paid at the end of each week. If Liam saves all the money, how many weeks must Liam work before Liam can buy the Bicycle shown?",P3Q29_5.png,8,4,6,7,5,6,29,Number - Multiplication and Division,Multiple Choice,P3Q29_5
"Harper earns £32.00 from a weekly paper round. Harper is paid at the end of each week. If Harper saves all the money, how many weeks must Harper work before Harper can buy the Tablet shown?",P3Q29_6.png,11,12,13,10,14,12,29,Number - Multiplication and Division,Multiple Choice,P3Q29_6
"Oliver earns £25.25 from a babysitting job. Oliver is paid at the end of each week. If Oliver saves all the money, how many weeks must Oliver work before Oliver can buy the Skateboard shown?",P3Q29_7.png,1,2,4,6,3,2,29,Number - Multiplication and Division,Multiple Choice,P3Q29_7
"Lucas earns £15.50 from a weekly paper round. Lucas is paid at the end of each week. If Lucas saves all the money, how many weeks must Lucas work before Lucas can buy the Mobile Phone shown?",P3Q29_8.png,16,17,18,19,15,17,29,Number - Multiplication and Division,Multiple Choice,P3Q29_8
"Emma earns £25.00 from a dog walking service. Emma is paid at the end of each week. If Emma saves all the money, how many weeks must Emma work before Emma can buy the Bicycle shown?",P3Q29_9.png,6,4,5,8,7,6,29,Number - Multiplication and Division,Multiple Choice,P3Q29_9
"Noah earns £20.50 from a car washing job. Noah is paid at the end of each week. If Noah saves all the money, how many weeks must Noah work before Noah can buy the Game Console shown?",P3Q29_10.png,16,17,15,18,14,16,29,Number - Multiplication and Division,Multiple Choice,P3Q29_10
"Sophia earns £40.25 from a weekly paper round. Sophia is paid at the end of each week. If Sophia saves all the money, how many weeks must Sophia work before Sophia can buy the Skateboard shown?",P3Q29_11.png,1,4,3,2,5,3,29,Number - Multiplication and Division,Multiple Choice,P3Q29_11
"Henry earns £18.00 from a car washing job. Henry is paid at the end of each week. If Henry saves all the money, how many weeks must Henry work before Henry can buy the Game Console shown?",P3Q29_12.png,17,15,16,14,18,16,29,Number - Multiplication and Division,Multiple Choice,P3Q29_12
"Amelia earns £33.00 from a babysitting job. Amelia is paid at the end of each week. If Amelia saves all the money, how many weeks must Amelia work before Amelia can buy the Headphones shown?",P3Q29_13.png,6,5,7,3,4,5,29,Number - Multiplication and Division,Multiple Choice,P3Q29_13
"Oliver earns £27.00 from a dog walking service. Oliver is paid at the end of each week. If Oliver saves all the money, how many weeks must Oliver work before Oliver can buy the Bicycle shown?",P3Q29_14.png,8,7,4,6,5,6,29,Number - Multiplication and Division,Multiple Choice,P3Q29_14
"Liam earns £39.25 from a gardening job. Liam is paid at the end of each week. If Liam saves all the money, how many weeks must Liam work before Liam can buy the Headphones shown?",P3Q29_15.png,2,7,4,1,3,2,29,Number - Multiplication and Division,Multiple Choice,P3Q29_15
"Noah earns £24.50 from a Saturday job. Noah is paid at the end of each week. If Noah saves all the money, how many weeks must Noah work before Noah can buy the Headphones shown?",P3Q29_16.png,6,5,7,8,4,6,29,Number - Multiplication and Division,Multiple Choice,P3Q29_16
"Evelyn earns £30.75 from a dog walking service. Evelyn is paid at the end of each week. If Evelyn saves all the money, how many weeks must Evelyn work before Evelyn can buy the Tablet shown?",P3Q29_17.png,10,12,9,13,11,11,29,Number - Multiplication and Division,Multiple Choice,P3Q29_17
"Charlotte earns £31.25 from a weekly paper round. Charlotte is paid at the end of each week. If Charlotte saves all the money, how many weeks must Charlotte work before Charlotte can buy the Camera shown?",P3Q29_18.png,12,8,10,11,9,10,29,Number - Multiplication and Division,Multiple Choice,P3Q29_18
"Amelia earns £36.75 from a car washing job. Amelia is paid at the end of each week. If Amelia saves all the money, how many weeks must Amelia work before Amelia can buy the Headphones shown?",P3Q29_19.png,5,6,4,3,2,4,29,Number - Multiplication and Division,Multiple Choice,P3Q29_19
"Emma earns £19.75 from a dog walking service. Emma is paid at the end of each week. If Emma saves all the money, how many weeks must Emma work before Emma can buy the Smart Watch shown?",P3Q29_20.png,6,8,10,7,9,8,29,Number - Multiplication and Division,Multiple Choice,P3Q29_20
"Tom is now twice his brother's age.
In 2 years' time, Tom will be 20.
How old will his brother be then?",,10,13,9,11,18,11,29,Logic,Multiple Choice,P4Q29_1
"Tom is now three times his sister's age.
In 10 years' time, Tom will be 16.
How old will his sister be then?",,6,2,14,5,12,12,29,Logic,Multiple Choice,P4Q29_2
"Ben is now three times his cousin's age.
In 10 years' time, Ben will be 25.
How old will his cousin be then?",,17,15,5,8,14,15,29,Logic,Multiple Choice,P4Q29_3
"Ben is now twice his cousin's age.
In 7 years' time, Ben will be 15.
How old will his cousin be then?",,11,8,7,13,4,11,29,Logic,Multiple Choice,P4Q29_4
"Adam is now twice his sister's age.
In 5 years' time, Adam will be 23.
How old will his sister be then?",,18,9,16,14,11,14,29,Logic,Multiple Choice,P4Q29_5
"Tom is now twice his cousin's age.
In 5 years' time, Tom will be 27.
How old will his cousin be then?",,16,13,18,22,11,16,29,Logic,Multiple Choice,P4Q29_6
"Tom is now three times his sister's age.
In 2 years' time, Tom will be 14.
How old will his sister be then?",,8,4,12,8,6,6,29,Logic,Multiple Choice,P4Q29_7
"Adam is now twice his brother's age.
In 4 years' time, Adam will be 26.
How old will his brother be then?",,17,13,11,15,22,15,29,Logic,Multiple Choice,P4Q29_8
"Adam is now twice his cousin's age.
In 7 years' time, Adam will be 29.
How old will his cousin be then?",,14,22,18,11,20,18,29,Logic,Multiple Choice,P4Q29_9
"Ian is now three times his sister's age.
In 10 years' time, Ian will be 19.
How old will his sister be then?",,9,3,6,13,15,13,29,Logic,Multiple Choice,P4Q29_10
"Tom is now three times his brother's age.
In 5 years' time, Tom will be 14.
How old will his brother be then?",,3,4,8,10,9,8,29,Logic,Multiple Choice,P4Q29_11
"Tom is now twice his sister's age.
In 10 years' time, Tom will be 24.
How old will his sister be then?",,12,17,19,7,14,17,29,Logic,Multiple Choice,P4Q29_12
"Ian is now twice his brother's age.
In 4 years' time, Ian will be 12.
How old will his brother be then?",,10,9,6,8,4,8,29,Logic,Multiple Choice,P4Q29_13
"Ben is now twice his cousin's age.
In 3 years' time, Ben will be 23.
How old will his cousin be then?",,15,20,13,10,11,13,29,Logic,Multiple Choice,P4Q29_14
"Tom is now twice his sister's age.
In 3 years' time, Tom will be 29.
How old will his sister be then?",,13,16,26,18,14,16,29,Logic,Multiple Choice,P4Q29_15
"Ian is now twice his sister's age.
In 2 years' time, Ian will be 20.
How old will his sister be then?",,18,10,13,11,9,11,29,Logic,Multiple Choice,P4Q29_16
"Ben is now three times his brother's age.
In 3 years' time, Ben will be 27.
How old will his brother be then?",,11,24,9,8,13,11,29,Logic,Multiple Choice,P4Q29_17
"Tom is now three times his brother's age.
In 8 years' time, Tom will be 14.
How old will his brother be then?",,10,12,4,6,2,10,29,Logic,Multiple Choice,P4Q29_18
"Adam is now twice his brother's age.
In 2 years' time, Adam will be 28.
How old will his brother be then?",,13,15,17,26,14,15,29,Logic,Multiple Choice,P4Q29_19
"Ian is now three times his cousin's age.
In 10 years' time, Ian will be 25.
How old will his cousin be then?",,5,15,8,17,23,15,29,Logic,Multiple Choice,P4Q29_20
"Tom is now twice his cousin's age.
In 3 years' time, Tom will be 31.
How old will his cousin be then?",,14,17,15,19,28,17,29,Logic,Multiple Choice,P4Q29_21
"Tom is now three times his sister's age.
In 3 years' time, Tom will be 18.
How old will his sister be then?",,15,10,8,6,5,8,29,Logic,Multiple Choice,P4Q29_22
"Tom is now twice his sister's age.
In 6 years' time, Tom will be 18.
How old will his sister be then?",,14,20,6,12,9,12,29,Logic,Multiple Choice,P4Q29_23
"Ian is now twice his sister's age.
In 8 years' time, Ian will be 30.
How old will his sister be then?",,11,21,22,15,19,19,29,Logic,Multiple Choice,P4Q29_24
"Ian is now three times his sister's age.
In 5 years' time, Ian will be 17.
How old will his sister be then?",,5,9,11,4,12,9,29,Logic,Multiple Choice,P4Q29_25
"Ben is now three times his sister's age.
In 5 years' time, Ben will be 26.
How old will his sister be then?",,12,8,14,21,7,12,29,Logic,Multiple Choice,P4Q29_26
"Ian is now three times his sister's age.
In 3 years' time, Ian will be 30.
How old will his sister be then?",,27,14,9,12,10,12,29,Logic,Multiple Choice,P4Q29_27
"Ben is now three times his cousin's age.
In 7 years' time, Ben will be 25.
How old will his cousin be then?",,8,13,6,15,18,13,29,Logic,Multiple Choice,P4Q29_28
"Ben is now three times his cousin's age.
In 9 years' time, Ben will be 27.
How old will his cousin be then?",,9,18,17,6,15,15,29,Logic,Multiple Choice,P4Q29_29
"Adam is now twice his brother's age.
In 3 years' time, Adam will be 19.
How old will his brother be then?",,13,9,8,16,11,11,29,Logic,Multiple Choice,P4Q29_30
"Ben is now twice his sister's age.
In 5 years' time, Ben will be 25.
How old will his sister be then?",,10,12,20,15,17,15,29,Logic,Multiple Choice,P4Q29_31
"Adam is now three times his cousin's age.
In 10 years' time, Adam will be 28.
How old will his cousin be then?",,6,9,18,16,18,16,29,Logic,Multiple Choice,P4Q29_32
"Tom is now twice his sister's age.
In 10 years' time, Tom will be 28.
How old will his sister be then?",,14,21,19,9,18,19,29,Logic,Multiple Choice,P4Q29_33
"Tom is now twice his brother's age.
In 4 years' time, Tom will be 20.
How old will his brother be then?",,16,8,14,10,12,12,29,Logic,Multiple Choice,P4Q29_34
"Adam is now twice his sister's age.
In 10 years' time, Adam will be 16.
How old will his sister be then?",,15,3,8,13,6,13,29,Logic,Multiple Choice,P4Q29_35
"Tom is now three times his brother's age.
In 2 years' time, Tom will be 26.
How old will his brother be then?",,24,8,12,10,11,10,29,Logic,Multiple Choice,P4Q29_36
"Ian is now three times his brother's age.
In 6 years' time, Ian will be 21.
How old will his brother be then?",,13,15,7,11,5,11,29,Logic,Multiple Choice,P4Q29_37
"Ian is now three times his sister's age.
In 4 years' time, Ian will be 19.
How old will his sister be then?",,9,5,15,6,11,9,29,Logic,Multiple Choice,P4Q29_38
"Ian is now twice his sister's age.
In 6 years' time, Ian will be 24.
How old will his sister be then?",,17,18,12,15,9,15,29,Logic,Multiple Choice,P4Q29_39
"Adam is now twice his sister's age.
In 3 years' time, Adam will be 19.
How old will his sister be then?",,11,9,8,16,13,11,29,Logic,Multiple Choice,P4Q29_40
"Ben is now twice his sister's age.
In 2 years' time, Ben will be 30.
How old will his sister be then?",,15,18,28,14,16,16,29,Logic,Multiple Choice,P4Q29_41
"Adam is now three times his brother's age.
In 2 years' time, Adam will be 20.
How old will his brother be then?",,8,6,18,8,10,8,29,Logic,Multiple Choice,P4Q29_42
"Tom is now twice his brother's age.
In 8 years' time, Tom will be 20.
How old will his brother be then?",,6,12,16,14,10,14,29,Logic,Multiple Choice,P4Q29_43
"Tom is now three times his cousin's age.
In 8 years' time, Tom will be 29.
How old will his cousin be then?",,15,7,21,17,9,15,29,Logic,Multiple Choice,P4Q29_44
"Tom is now twice his cousin's age.
In 5 years' time, Tom will be 29.
How old will his cousin be then?",,12,19,17,14,24,17,29,Logic,Multiple Choice,P4Q29_45
"Tom is now three times his sister's age.
In 10 years' time, Tom will be 31.
How old will his sister be then?",,19,21,17,10,7,17,29,Logic,Multiple Choice,P4Q29_46
"Tom is now twice his brother's age.
In 3 years' time, Tom will be 23.
How old will his brother be then?",,10,20,11,15,13,13,29,Logic,Multiple Choice,P4Q29_47
"Tom is now three times his sister's age.
In 8 years' time, Tom will be 17.
How old will his sister be then?",,13,3,5,11,9,11,29,Logic,Multiple Choice,P4Q29_48
"Tom is now twice his sister's age.
In 6 years' time, Tom will be 24.
How old will his sister be then?",,18,9,17,15,12,15,29,Logic,Multiple Choice,P4Q29_49
"Ben is now twice his brother's age.
In 7 years' time, Ben will be 31.
How old will his brother be then?",,21,24,15,19,12,19,29,Logic,Multiple Choice,P4Q29_50
"The arrow shows how much the sack of sugar weighs. If another 300 g of sugar are added, what will the total weight be?",P2Q30_1.png,4.6 kg,1.9 kg,2.1 kg,2 kg,1.3 kg,1.9 kg,30,Measures,Image,P2Q30_1
"The arrow shows how much the sack of sugar weighs. If another 200 g of sugar are added, what will the total weight be?",P2Q30_2.png,3.2 kg,3.4 kg,3.9 kg,5.2 kg,3 kg,3.4 kg,30,Measures,Image,P2Q30_2
"The arrow shows how much the sack of sugar weighs. If another 200 g of sugar are added, what will the total weight be?",P2Q30_3.png,7.2 kg,7.8 kg,9.6 kg,7.4 kg,7.9 kg,7.8 kg,30,Measures,Image,P2Q30_3
"The arrow shows how much the sack of sugar weighs. If another 200 g of sugar are added, what will the total weight be?",P2Q30_4.png,7.2 kg,9.2 kg,7.4 kg,7.5 kg,7 kg,7.4 kg,30,Measures,Image,P2Q30_4
"The arrow shows how much the sack of sugar weighs. If another 400 g of sugar are added, what will the total weight be?",P2Q30_5.png,5.5 kg,4.2 kg,4.4 kg,5 kg,8.6 kg,5 kg,30,Measures,Image,P2Q30_5
"The arrow shows how much the sack of sugar weighs. If another 500 g of sugar are added, what will the total weight be?",P2Q30_6.png,1.8 kg,1.5 kg,0.7 kg,1.7 kg,6.2 kg,1.7 kg,30,Measures,Image,P2Q30_6
"The arrow shows how much the sack of sugar weighs. If another 500 g of sugar are added, what will the total weight be?",P2Q30_7.png,5.5 kg,6.1 kg,4.9 kg,10.4 kg,5.9 kg,5.9 kg,30,Measures,Image,P2Q30_7
"The arrow shows how much the sack of sugar weighs. If another 600 g of sugar are added, what will the total weight be?",P2Q30_8.png,4.4 kg,4.6 kg,9.8 kg,3.6 kg,3.2 kg,4.4 kg,30,Measures,Image,P2Q30_8
"The arrow shows how much the sack of sugar weighs. If another 300 g of sugar are added, what will the total weight be?",P2Q30_9.png,6.8 kg,3.5 kg,4.2 kg,3.3 kg,4.1 kg,4.1 kg,30,Measures,Image,P2Q30_9
"The arrow shows how much the sack of sugar weighs. If another 200 g of sugar are added, what will the total weight be?",P2Q30_10.png,7.2 kg,7.4 kg,7.9 kg,7.8 kg,9.6 kg,7.8 kg,30,Measures,Image,P2Q30_10
"The arrow shows how much the sack of sugar weighs. If another 400 g of sugar are added, what will the total weight be?",P2Q30_11.png,2.8 kg,6.4 kg,3.3 kg,2 kg,2.4 kg,2.8 kg,30,Measures,Image,P2Q30_11
"The arrow shows how much the sack of sugar weighs. If another 600 g of sugar are added, what will the total weight be?",P2Q30_12.png,12.6 kg,6.6 kg,6 kg,7.3 kg,7.2 kg,7.2 kg,30,Measures,Image,P2Q30_12
"The arrow shows how much the sack of sugar weighs. If another 300 g of sugar are added, what will the total weight be?",P2Q30_13.png,1.3 kg,1.8 kg,1.7 kg,1.1 kg,4.4 kg,1.7 kg,30,Measures,Image,P2Q30_13
"The arrow shows how much the sack of sugar weighs. If another 400 g of sugar are added, what will the total weight be?",P2Q30_14.png,6.3 kg,6.2 kg,5.4 kg,9.8 kg,6.3 kg,6.2 kg,30,Measures,Image,P2Q30_14
"The arrow shows how much the sack of sugar weighs. If another 300 g of sugar are added, what will the total weight be?",P2Q30_15.png,3.7 kg,6.4 kg,3.3 kg,4.2 kg,3.1 kg,3.7 kg,30,Measures,Image,P2Q30_15
"The arrow shows how much the sack of sugar weighs. If another 400 g of sugar are added, what will the total weight be?",P2Q30_16.png,8.2 kg,9.1 kg,9 kg,12.6 kg,8.4 kg,9 kg,30,Measures,Image,P2Q30_16
"The arrow shows how much the sack of sugar weighs. If another 200 g of sugar are added, what will the total weight be?",P2Q30_17.png,3.2 kg,1.2 kg,1 kg,1.6 kg,1.4 kg,1.4 kg,30,Measures,Image,P2Q30_17
"The arrow shows how much the sack of sugar weighs. If another 300 g of sugar are added, what will the total weight be?",P2Q30_18.png,6.4 kg,6 kg,8.6 kg,5.3 kg,5.9 kg,5.9 kg,30,Measures,Image,P2Q30_18
"The arrow shows how much the sack of sugar weighs. If another 300 g of sugar are added, what will the total weight be?",P2Q30_19.png,2.2 kg,1.3 kg,4.4 kg,1.7 kg,1.1 kg,1.7 kg,30,Measures,Image,P2Q30_19
"The arrow shows how much the sack of sugar weighs. If another 600 g of sugar are added, what will the total weight be?",P2Q30_20.png,4 kg,9.2 kg,3.8 kg,2.6 kg,3.6 kg,3.8 kg,30,Measures,Image,P2Q30_20
This board is made up of two rectangular sections. One is 25cm wide and the other is 10cm wide. Both are 60cm high. What is the total perimeter of these sections in cm?,P3Q30_1.png,155.0 cm,309 cm,2100 cm,311 cm,310 cm,310 cm,30,Measure - Perimeter,Multiple Choice,P3Q30_1
This set of flower beds is made up of two rectangular sections. One is 0.8m wide and the other is 0.4m wide. Both are 0.9m high. What is the total perimeter of these sections in m?,P3Q30_2.png,1.08 m,6.0 m,5.0 m,4.2 m,3.0 m,6.0 m,30,Measure - Perimeter,Multiple Choice,P3Q30_2
This set of flower beds is made up of two rectangular sections. One is 0.5m wide and the other is 0.5m wide. Both are 1.2m high. What is the total perimeter of these sections in m?,P3Q30_3.png,6.8 m,1.2 m,5.8 m,3.4 m,4.4 m,6.8 m,30,Measure - Perimeter,Multiple Choice,P3Q30_3
"This window is made up of one central section (width 1.0m) and two side sections (width 0.4m), all with height 1.2m. What is the total perimeter of these sections in m?",P3Q30_4.png,2.16 m,5.4 m,9.8 m,10.8 m,6.0 m,10.8 m,30,Measure - Perimeter,Multiple Choice,P3Q30_4
"This set of frames is made up of three identical sections, each with height 30cm and width 25cm. What is the total perimeter of these sections in cm?",P3Q30_5.png,2250 cm,165.0 cm,330 cm,331 cm,329 cm,330 cm,30,Measure - Perimeter,Multiple Choice,P3Q30_5
"This room divider is made up of four identical panels, each 1.8m high and 0.6m wide. What is the total perimeter of these sections in m?",P3Q30_6.png,9.6 m,4.32 m,18.2 m,19.2 m,8.4 m,19.2 m,30,Measure - Perimeter,Multiple Choice,P3Q30_6
This board is made up of two rectangular sections. One is 25cm wide and the other is 10cm wide. Both are 20cm high. What is the total perimeter of these sections in cm?,P3Q30_7.png,110 cm,75.0 cm,150 cm,151 cm,149 cm,150 cm,30,Measure - Perimeter,Multiple Choice,P3Q30_7
This board is made up of two rectangular sections. One is 25cm wide and the other is 10cm wide. Both are 20cm high. What is the total perimeter of these sections in cm?,P3Q30_8.png,150 cm,110 cm,149 cm,151 cm,75.0 cm,150 cm,30,Measure - Perimeter,Multiple Choice,P3Q30_8
This set of flower beds is made up of two rectangular sections. One is 0.5m wide and the other is 0.4m wide. Both are 1.5m high. What is the total perimeter of these sections in m?,P3Q30_9.png,3.9 m,1.35 m,6.8 m,7.8 m,4.8 m,7.8 m,30,Measure - Perimeter,Multiple Choice,P3Q30_9
This set of flower beds is made up of two rectangular sections. One is 0.5m wide and the other is 0.4m wide. Both are 1.8m high. What is the total perimeter of these sections in m?,P3Q30_10.png,1.62 m,4.5 m,5.4 m,8.0 m,9.0 m,9.0 m,30,Measure - Perimeter,Multiple Choice,P3Q30_10
This board is made up of two rectangular sections. One is 15cm wide and the other is 20cm wide. Both are 60cm high. What is the total perimeter of these sections in cm?,P3Q30_11.png,2100 cm,311 cm,310 cm,155.0 cm,309 cm,310 cm,30,Measure - Perimeter,Multiple Choice,P3Q30_11
"This entrance is made up of one central section (width 0.6m) and two side sections (width 0.4m), all with height 2.0m. What is the total perimeter of these sections in m?",P3Q30_12.png,2.8 m,14.8 m,6.8 m,7.4 m,13.8 m,14.8 m,30,Measure - Perimeter,Multiple Choice,P3Q30_12
This board is made up of two rectangular sections. One is 20cm wide and the other is 15cm wide. Both are 20cm high. What is the total perimeter of these sections in cm?,P3Q30_13.png,110 cm,150 cm,149 cm,75.0 cm,151 cm,150 cm,30,Measure - Perimeter,Multiple Choice,P3Q30_13
"This entrance is made up of one central section (width 1.2m) and two side sections (width 0.6m), all with height 2.1m. What is the total perimeter of these sections in m?",P3Q30_14.png,17.4 m,5.04 m,9.0 m,8.7 m,16.4 m,17.4 m,30,Measure - Perimeter,Multiple Choice,P3Q30_14
"This window is made up of one central section (width 1.0m) and two side sections (width 0.6m), all with height 2.1m. What is the total perimeter of these sections in m?",P3Q30_15.png,4.62 m,8.5 m,17.0 m,8.6 m,16.0 m,17.0 m,30,Measure - Perimeter,Multiple Choice,P3Q30_15
"This set of frames is made up of three identical sections, each with height 40cm and width 20cm. What is the total perimeter of these sections in cm?",P3Q30_16.png,200 cm,2400 cm,361 cm,360 cm,359 cm,360 cm,30,Measure - Perimeter,Multiple Choice,P3Q30_16
"This set of frames is made up of three identical sections, each with height 50cm and width 30cm. What is the total perimeter of these sections in cm?",P3Q30_17.png,481 cm,4500 cm,480 cm,240.0 cm,280 cm,480 cm,30,Measure - Perimeter,Multiple Choice,P3Q30_17
"This window is made up of one central section (width 0.6m) and two side sections (width 0.6m), all with height 2.1m. What is the total perimeter of these sections in m?",P3Q30_18.png,16.2 m,8.1 m,15.2 m,7.8 m,3.78 m,16.2 m,30,Measure - Perimeter,Multiple Choice,P3Q30_18
This board is made up of two rectangular sections. One is 40cm wide and the other is 20cm wide. Both are 40cm high. What is the total perimeter of these sections in cm?,P3Q30_19.png,200 cm,279 cm,140.0 cm,280 cm,2400 cm,280 cm,30,Measure - Perimeter,Multiple Choice,P3Q30_19
"This window is made up of one central section (width 1.0m) and two side sections (width 0.5m), all with height 0.9m. What is the total perimeter of these sections in m?",P3Q30_20.png,4.7 m,9.4 m,5.8 m,8.4 m,1.8 m,9.4 m,30,Measure - Perimeter,Multiple Choice,P3Q30_20
Which of these is the smallest?,,6.98%,1/15,7.08%,0.064,4/40,0.064,30,"Fractions, Decimals, Percentages",Multiple Choice,P4Q30_1
Which of these is the smallest?,,1/20,2/25,5.65%,0.052,6.78%,1/20,30,"Fractions, Decimals, Percentages",Multiple Choice,P4Q30_2
Which of these is the smallest?,,0.064,3.76%,0.033,1/15,5.14%,0.033,30,"Fractions, Decimals, Percentages",Multiple Choice,P4Q30_3
Which of these is the smallest?,,1/15,0.06,5.94%,5.96%,1/10,5.94%,30,"Fractions, Decimals, Percentages",Multiple Choice,P4Q30_4
Which of these is the smallest?,,8.48%,4/50,0.085,8.23%,3/30,4/50,30,"Fractions, Decimals, Percentages",Multiple Choice,P4Q30_5
Which of these is the smallest?,,1/20,6.22%,0.059,1/15,5.60%,1/20,30,"Fractions, Decimals, Percentages",Multiple Choice,P4Q30_6
Which of these is the smallest?,,3.97%,4.09%,0.033,2/40,2/30,0.033,30,"Fractions, Decimals, Percentages",Multiple Choice,P4Q30_7
Which of these is the smallest?,,2/30,0.05,5.15%,1/10,5.49%,0.05,30,"Fractions, Decimals, Percentages",Multiple Choice,P4Q30_8
Which of these is the smallest?,,0.026,1/20,1/40,3.28%,2.43%,2.43%,30,"Fractions, Decimals, Percentages",Multiple Choice,P4Q30_9
Which of these is the smallest?,,3/40,1/10,5.70%,5.15%,0.053,5.15%,30,"Fractions, Decimals, Percentages",Multiple Choice,P4Q30_10
Which of these is the smallest?,,0.063,6.71%,3/40,6.27%,2/40,2/40,30,"Fractions, Decimals, Percentages",Multiple Choice,P4Q30_11
Which of these is the smallest?,,1/20,6.37%,4/50,6.93%,0.079,1/20,30,"Fractions, Decimals, Percentages",Multiple Choice,P4Q30_12
Which of these is the smallest?,,8.45%,0.074,2/20,1/10,7.67%,0.074,30,"Fractions, Decimals, Percentages",Multiple Choice,P4Q30_13
Which of these is the smallest?,,4/50,2/25,7.10%,6.89%,0.069,6.89%,30,"Fractions, Decimals, Percentages",Multiple Choice,P4Q30_14
Which of these is the smallest?,,1/20,3/30,0.073,7.56%,7.14%,1/20,30,"Fractions, Decimals, Percentages",Multiple Choice,P4Q30_15
Which of these is the smallest?,,0.043,1/25,4.21%,3.88%,1/40,1/40,30,"Fractions, Decimals, Percentages",Multiple Choice,P4Q30_16
Which of these is the smallest?,,2/25,7.70%,0.07,7.58%,1/10,0.07,30,"Fractions, Decimals, Percentages",Multiple Choice,P4Q30_17
Which of these is the smallest?,,4.18%,0.042,1/20,3/50,3.41%,3.41%,30,"Fractions, Decimals, Percentages",Multiple Choice,P4Q30_18
Which of these is the smallest?,,4/50,0.05,4.76%,3/50,5.93%,4.76%,30,"Fractions, Decimals, Percentages",Multiple Choice,P4Q30_19
Which of these is the smallest?,,2/30,4/50,4.97%,5.05%,0.048,0.048,30,"Fractions, Decimals, Percentages",Multiple Choice,P4Q30_20
Which of these is the smallest?,,8.14%,1/15,2/25,6.91%,0.081,1/15,30,"Fractions, Decimals, Percentages",Multiple Choice,P4Q30_21
Which of these is the smallest?,,1/20,5.88%,2/25,5.32%,0.056,1/20,30,"Fractions, Decimals, Percentages",Multiple Choice,P4Q30_22
Which of these is the smallest?,,5.79%,2/30,5.49%,0.06,4/50,5.49%,30,"Fractions, Decimals, Percentages",Multiple Choice,P4Q30_23
Which of these is the smallest?,,0.1,7.21%,6.73%,1/10,0.055,0.055,30,"Fractions, Decimals, Percentages",Multiple Choice,P4Q30_24
Which of these is the smallest?,,4.28%,0.051,4.88%,3/40,1/10,4.28%,30,"Fractions, Decimals, Percentages",Multiple Choice,P4Q30_25
Which of these is the smallest?,,2/30,4.15%,0.052,1/10,5.04%,4.15%,30,"Fractions, Decimals, Percentages",Multiple Choice,P4Q30_26
Which of these is the smallest?,,0.056,3/50,2/20,6.15%,5.69%,0.056,30,"Fractions, Decimals, Percentages",Multiple Choice,P4Q30_27
Which of these is the smallest?,,8.01%,2/20,4/50,8.29%,0.076,0.076,30,"Fractions, Decimals, Percentages",Multiple Choice,P4Q30_28
Which of these is the smallest?,,4%,1/10,0.045,1/15,4.12%,4%,30,"Fractions, Decimals, Percentages",Multiple Choice,P4Q30_29
Which of these is the smallest?,,5/50,7.88%,7.84%,1/15,0.073,1/15,30,"Fractions, Decimals, Percentages",Multiple Choice,P4Q30_30
Which of these is the smallest?,,0.056,7.48%,2/25,6.51%,3/30,0.056,30,"Fractions, Decimals, Percentages",Multiple Choice,P4Q30_31
Which of these is the smallest?,,1/15,4.68%,0.059,5.46%,2/25,4.68%,30,"Fractions, Decimals, Percentages",Multiple Choice,P4Q30_32
Which of these is the smallest?,,2/40,1/25,3.53%,4.80%,0.041,3.53%,30,"Fractions, Decimals, Percentages",Multiple Choice,P4Q30_33
Which of these is the smallest?,,0.048,5.47%,4.46%,4/50,3/50,4.46%,30,"Fractions, Decimals, Percentages",Multiple Choice,P4Q30_34
Which of these is the smallest?,,3/50,3.96%,1/40,3.18%,0.028,1/40,30,"Fractions, Decimals, Percentages",Multiple Choice,P4Q30_35
Which of these is the smallest?,,2/25,0.068,0.094,6.23%,5.81%,5.81%,30,"Fractions, Decimals, Percentages",Multiple Choice,P4Q30_36
Which of these is the smallest?,,1/15,5.79%,0.064,5.84%,4/50,5.79%,30,"Fractions, Decimals, Percentages",Multiple Choice,P4Q30_37
Which of these is the smallest?,,1/15,6.10%,1/20,6.01%,0.05,1/20,30,"Fractions, Decimals, Percentages",Multiple Choice,P4Q30_38
Which of these is the smallest?,,3/40,0.081,8.18%,5/50,7.13%,7.13%,30,"Fractions, Decimals, Percentages",Multiple Choice,P4Q30_39
Which of these is the smallest?,,2/25,2/40,0.059,5.48%,5.47%,2/40,30,"Fractions, Decimals, Percentages",Multiple Choice,P4Q30_40
Which of these is the smallest?,,1/10,8.30%,0.084,8.32%,4/50,4/50,30,"Fractions, Decimals, Percentages",Multiple Choice,P4Q30_41
Which of these is the smallest?,,0.035,1/30,3.15%,2/40,3.62%,3.15%,30,"Fractions, Decimals, Percentages",Multiple Choice,P4Q30_42
Which of these is the smallest?,,3/40,4.21%,2/40,0.051,4.57%,4.21%,30,"Fractions, Decimals, Percentages",Multiple Choice,P4Q30_43
Which of these is the smallest?,,0.036,3/50,2.79%,1/10,3.56%,2.79%,30,"Fractions, Decimals, Percentages",Multiple Choice,P4Q30_44
Which of these is the smallest?,,0.06,2/30,6.88%,2/25,7.03%,0.06,30,"Fractions, Decimals, Percentages",Multiple Choice,P4Q30_45
Which of these is the smallest?,,2/25,2/30,6.72%,6.67%,0.07,6.67%,30,"Fractions, Decimals, Percentages",Multiple Choice,P4Q30_46
Which of these is the smallest?,,2/25,4.81%,1/20,4.02%,0.035,0.035,30,"Fractions, Decimals, Percentages",Multiple Choice,P4Q30_47
Which of these is the smallest?,,1/25,0.055,5.03%,3/40,4.79%,1/25,30,"Fractions, Decimals, Percentages",Multiple Choice,P4Q30_48
Which of these is the smallest?,,0.058,5.97%,2/30,5.24%,1/15,5.24%,30,"Fractions, Decimals, Percentages",Multiple Choice,P4Q30_49
Which of these is the smallest?,,0.057,4/50,5.95%,3/50,6.69%,0.057,30,"Fractions, Decimals, Percentages",Multiple Choice,P4Q30_50
Dev is trying to calculate the area of this shape. Calculate the area.,P2Q31_1.png,27 cm²,16.5 cm²,48 cm²,33 cm²,44 cm²,33 cm²,31,Area,Image,P2Q31_1
Dev is trying to calculate the area of this shape. Calculate the area.,P2Q31_2.png,20 cm²,14 cm²,35 cm²,28 cm²,24 cm²,28 cm²,31,Area,Image,P2Q31_2
Jasmina is trying to calculate the area of this shape. Calculate the area.,P2Q31_3.png,19 cm²,22 cm²,52.25 cm²,30 cm²,38 cm²,38 cm²,31,Area,Image,P2Q31_3
Sophie is trying to calculate the area of this shape. Calculate the area.,P2Q31_4.png,18 cm²,14.4 cm²,6.4 cm²,12.8 cm²,17 cm²,12.8 cm²,31,Area,Image,P2Q31_4
Jasmina is trying to calculate the area of this shape. Calculate the area.,P2Q31_5.png,26 cm²,64.8 cm²,36 cm²,28.8 cm²,14.4 cm²,28.8 cm²,31,Area,Image,P2Q31_5
Sophie is trying to calculate the area of this shape. Calculate the area.,P2Q31_6.png,32.55 cm²,38 cm²,89.25 cm²,65.1 cm²,52.7 cm²,65.1 cm²,31,Area,Image,P2Q31_6
Lara is trying to calculate the area of this shape. Calculate the area.,P2Q31_7.png,16 cm²,26 cm²,36 cm²,72 cm²,32 cm²,32 cm²,31,Area,Image,P2Q31_7
Ben is trying to calculate the area of this shape. Calculate the area.,P2Q31_8.png,12 cm²,16 cm²,37.5 cm²,24 cm²,25 cm²,24 cm²,31,Area,Image,P2Q31_8
Sophie is trying to calculate the area of this shape. Calculate the area.,P2Q31_9.png,38 cm²,65.1 cm²,52.7 cm²,89.25 cm²,32.55 cm²,65.1 cm²,31,Area,Image,P2Q31_9
Jasmina is trying to calculate the area of this shape. Calculate the area.,P2Q31_10.png,27 cm²,38 cm²,14 cm²,66.5 cm²,28 cm²,28 cm²,31,Area,Image,P2Q31_10
Dev is trying to calculate the area of this shape. Calculate the area.,P2Q31_11.png,46 cm²,43 cm²,115 cm²,80 cm²,92 cm²,92 cm²,31,Area,Image,P2Q31_11
Jasmina is trying to calculate the area of this shape. Calculate the area.,P2Q31_12.png,27.3 cm²,65 cm²,21 cm²,33 cm²,42 cm²,42 cm²,31,Area,Image,P2Q31_12
Jasmina is trying to calculate the area of this shape. Calculate the area.,P2Q31_13.png,125 cm²,62.5 cm²,137.5 cm²,47 cm²,110 cm²,125 cm²,31,Area,Image,P2Q31_13
Sophie is trying to calculate the area of this shape. Calculate the area.,P2Q31_14.png,14 cm²,42 cm²,24 cm²,28 cm²,26 cm²,28 cm²,31,Area,Image,P2Q31_14
Dev is trying to calculate the area of this shape. Calculate the area.,P2Q31_15.png,51.75 cm²,24.15 cm²,48.3 cm²,32 cm²,18.9 cm²,48.3 cm²,31,Area,Image,P2Q31_15
Jasmina is trying to calculate the area of this shape. Calculate the area.,P2Q31_16.png,24 cm²,32.4 cm²,33.75 cm²,54 cm²,16.2 cm²,32.4 cm²,31,Area,Image,P2Q31_16
Sophie is trying to calculate the area of this shape. Calculate the area.,P2Q31_17.png,37 cm²,18 cm²,36 cm²,42 cm²,26 cm²,36 cm²,31,Area,Image,P2Q31_17
Jasmina is trying to calculate the area of this shape. Calculate the area.,P2Q31_18.png,27.5 cm²,8 cm²,21 cm²,16 cm²,17.6 cm²,16 cm²,31,Area,Image,P2Q31_18
Lara is trying to calculate the area of this shape. Calculate the area.,P2Q31_19.png,27.6 cm²,57 cm²,87.4 cm²,55.2 cm²,31 cm²,55.2 cm²,31,Area,Image,P2Q31_19
Dev is trying to calculate the area of this shape. Calculate the area.,P2Q31_20.png,15 cm²,28.5 cm²,29 cm²,47.5 cm²,14.25 cm²,28.5 cm²,31,Area,Image,P2Q31_20
"Out of 36 apples in a box, 15 are bruised. Approximately what proportion is this?",,$\frac{3}{5}$,$\frac{4}{5}$,$\frac{3}{10}$,$\frac{1}{5}$,$\frac{2}{5}$,$\frac{2}{5}$,31,"Fractions, Decimals and Percentages",Multiple Choice,P3Q31_1
"Out of 65 biscuits in a tin, 23 are chocolate. Approximately what proportion is this?",,$\frac{1}{4}$,$\frac{2}{3}$,$\frac{1}{3}$,$\frac{1}{2}$,$\frac{4}{5}$,$\frac{1}{3}$,31,"Fractions, Decimals and Percentages",Multiple Choice,P3Q31_2
"Out of 80 animals in a shelter, 41 are cats. Approximately what proportion is this?",,$\frac{1}{10}$,$\frac{1}{5}$,$\frac{1}{3}$,$\frac{1}{2}$,$\frac{2}{3}$,$\frac{1}{2}$,31,"Fractions, Decimals and Percentages",Multiple Choice,P3Q31_3
"Out of 70 apples in a box, 53 are bruised. Approximately what proportion is this?",,$\frac{2}{5}$,$\frac{1}{4}$,$\frac{3}{4}$,$\frac{1}{3}$,$\frac{2}{3}$,$\frac{3}{4}$,31,"Fractions, Decimals and Percentages",Multiple Choice,P3Q31_4
"Out of 80 children in a class, 32 have younger brothers and sisters. Approximately what proportion is this?",,$\frac{2}{5}$,$\frac{1}{2}$,$\frac{2}{3}$,$\frac{1}{4}$,$\frac{3}{5}$,$\frac{2}{5}$,31,"Fractions, Decimals and Percentages",Multiple Choice,P3Q31_5
"Out of 37 children in a class, 6 have younger brothers and sisters. Approximately what proportion is this?",,$\frac{2}{3}$,$\frac{1}{2}$,$\frac{1}{8}$,$\frac{4}{5}$,$\frac{1}{5}$,$\frac{1}{5}$,31,"Fractions, Decimals and Percentages",Multiple Choice,P3Q31_6
"Out of 74 biscuits in a tin, 56 are chocolate. Approximately what proportion is this?",,$\frac{1}{10}$,$\frac{1}{2}$,$\frac{3}{5}$,$\frac{1}{4}$,$\frac{3}{4}$,$\frac{3}{4}$,31,"Fractions, Decimals and Percentages",Multiple Choice,P3Q31_7
"Out of 71 biscuits in a tin, 24 are chocolate. Approximately what proportion is this?",,$\frac{2}{3}$,$\frac{4}{5}$,$\frac{1}{4}$,$\frac{1}{2}$,$\frac{1}{3}$,$\frac{1}{3}$,31,"Fractions, Decimals and Percentages",Multiple Choice,P3Q31_8
"Out of 22 apples in a box, 5 are bruised. Approximately what proportion is this?",,$\frac{1}{5}$,$\frac{4}{5}$,$\frac{2}{3}$,$\frac{1}{3}$,$\frac{1}{8}$,$\frac{1}{5}$,31,"Fractions, Decimals and Percentages",Multiple Choice,P3Q31_9
"Out of 75 cars in a car park, 18 are silver. Approximately what proportion is this?",,$\frac{1}{3}$,$\frac{1}{5}$,$\frac{3}{4}$,$\frac{1}{4}$,$\frac{1}{10}$,$\frac{1}{4}$,31,"Fractions, Decimals and Percentages",Multiple Choice,P3Q31_10
"Out of 68 days in a month, 27 were rainy. Approximately what proportion is this?",,$\frac{2}{5}$,$\frac{3}{5}$,$\frac{1}{5}$,$\frac{1}{3}$,$\frac{1}{4}$,$\frac{2}{5}$,31,"Fractions, Decimals and Percentages",Multiple Choice,P3Q31_11
"Out of 46 students in a year group, 5 walk to school. Approximately what proportion is this?",,$\frac{3}{5}$,$\frac{1}{10}$,$\frac{1}{4}$,$\frac{3}{10}$,$\frac{9}{10}$,$\frac{1}{10}$,31,"Fractions, Decimals and Percentages",Multiple Choice,P3Q31_12
"Out of 27 children in a class, 19 have younger brothers and sisters. Approximately what proportion is this?",,$\frac{3}{4}$,$\frac{2}{3}$,$\frac{1}{10}$,$\frac{1}{4}$,$\frac{3}{10}$,$\frac{3}{4}$,31,"Fractions, Decimals and Percentages",Multiple Choice,P3Q31_13
"Out of 35 children in a class, 24 have younger brothers and sisters. Approximately what proportion is this?",,$\frac{1}{5}$,$\frac{3}{4}$,$\frac{2}{5}$,$\frac{1}{3}$,$\frac{2}{3}$,$\frac{2}{3}$,31,"Fractions, Decimals and Percentages",Multiple Choice,P3Q31_14
"Out of 52 biscuits in a tin, 42 are chocolate. Approximately what proportion is this?",,$\frac{1}{4}$,$\frac{2}{5}$,$\frac{4}{5}$,$\frac{1}{5}$,$\frac{1}{2}$,$\frac{4}{5}$,31,"Fractions, Decimals and Percentages",Multiple Choice,P3Q31_15
"Out of 51 days in a month, 20 were rainy. Approximately what proportion is this?",,$\frac{2}{5}$,$\frac{1}{10}$,$\frac{3}{4}$,$\frac{1}{3}$,$\frac{3}{5}$,$\frac{2}{5}$,31,"Fractions, Decimals and Percentages",Multiple Choice,P3Q31_16
"Out of 29 biscuits in a tin, 23 are chocolate. Approximately what proportion is this?",,$\frac{1}{5}$,$\frac{3}{4}$,$\frac{2}{3}$,$\frac{1}{3}$,$\frac{4}{5}$,$\frac{4}{5}$,31,"Fractions, Decimals and Percentages",Multiple Choice,P3Q31_17
"Out of 37 people on a bus, 21 are wearing glasses. Approximately what proportion is this?",,$\frac{3}{5}$,$\frac{1}{10}$,$\frac{2}{5}$,$\frac{3}{4}$,$\frac{1}{4}$,$\frac{3}{5}$,31,"Fractions, Decimals and Percentages",Multiple Choice,P3Q31_18
"Out of 69 days in a month, 56 were rainy. Approximately what proportion is this?",,$\frac{1}{3}$,$\frac{1}{8}$,$\frac{4}{5}$,$\frac{2}{5}$,$\frac{1}{5}$,$\frac{4}{5}$,31,"Fractions, Decimals and Percentages",Multiple Choice,P3Q31_19
"Out of 59 people on a bus, 13 are wearing glasses. Approximately what proportion is this?",,$\frac{1}{8}$,$\frac{4}{5}$,$\frac{2}{3}$,$\frac{3}{5}$,$\frac{1}{5}$,$\frac{1}{5}$,31,"Fractions, Decimals and Percentages",Multiple Choice,P3Q31_20
"Out of 29 books on a shelf, 3 are non-fiction. Approximately what proportion is this?",,$\frac{1}{5}$,$\frac{9}{10}$,$\frac{2}{3}$,$\frac{1}{10}$,$\frac{4}{5}$,$\frac{1}{10}$,31,"Fractions, Decimals and Percentages",Multiple Choice,P3Q31_21
"Out of 42 people on a bus, 16 are wearing glasses. Approximately what proportion is this?",,$\frac{3}{5}$,$\frac{3}{4}$,$\frac{1}{5}$,$\frac{1}{8}$,$\frac{2}{5}$,$\frac{2}{5}$,31,"Fractions, Decimals and Percentages",Multiple Choice,P3Q31_22
"Out of 36 students in a year group, 11 walk to school. Approximately what proportion is this?",,$\frac{1}{3}$,$\frac{2}{3}$,$\frac{1}{2}$,$\frac{1}{4}$,$\frac{3}{5}$,$\frac{1}{3}$,31,"Fractions, Decimals and Percentages",Multiple Choice,P3Q31_23
"Out of 27 apples in a box, 4 are bruised. Approximately what proportion is this?",,$\frac{1}{8}$,$\frac{7}{8}$,$\frac{1}{4}$,$\frac{3}{10}$,$\frac{1}{3}$,$\frac{1}{8}$,31,"Fractions, Decimals and Percentages",Multiple Choice,P3Q31_24
"Out of 54 children in a class, 5 have younger brothers and sisters. Approximately what proportion is this?",,$\frac{1}{10}$,$\frac{2}{3}$,$\frac{3}{10}$,$\frac{1}{5}$,$\frac{9}{10}$,$\frac{1}{10}$,31,"Fractions, Decimals and Percentages",Multiple Choice,P3Q31_25
"Out of 78 biscuits in a tin, 39 are chocolate. Approximately what proportion is this?",,$\frac{1}{3}$,$\frac{2}{3}$,$\frac{2}{5}$,$\frac{3}{4}$,$\frac{1}{2}$,$\frac{1}{2}$,31,"Fractions, Decimals and Percentages",Multiple Choice,P3Q31_26
"Out of 73 cars in a car park, 24 are silver. Approximately what proportion is this?",,$\frac{2}{3}$,$\frac{1}{8}$,$\frac{1}{3}$,$\frac{1}{4}$,$\frac{1}{2}$,$\frac{1}{3}$,31,"Fractions, Decimals and Percentages",Multiple Choice,P3Q31_27
"Out of 39 books on a shelf, 8 are non-fiction. Approximately what proportion is this?",,$\frac{1}{5}$,$\frac{1}{8}$,$\frac{3}{10}$,$\frac{1}{3}$,$\frac{4}{5}$,$\frac{1}{5}$,31,"Fractions, Decimals and Percentages",Multiple Choice,P3Q31_28
"Out of 72 animals in a shelter, 7 are cats. Approximately what proportion is this?",,$\frac{1}{10}$,$\frac{1}{5}$,$\frac{2}{5}$,$\frac{9}{10}$,$\frac{3}{5}$,$\frac{1}{10}$,31,"Fractions, Decimals and Percentages",Multiple Choice,P3Q31_29
"Out of 75 students in a year group, 26 walk to school. Approximately what proportion is this?",,$\frac{1}{4}$,$\frac{2}{3}$,$\frac{1}{3}$,$\frac{1}{2}$,$\frac{3}{5}$,$\frac{1}{3}$,31,"Fractions, Decimals and Percentages",Multiple Choice,P3Q31_30
"Out of 43 people on a bus, 32 are wearing glasses. Approximately what proportion is this?",,$\frac{3}{4}$,$\frac{1}{4}$,$\frac{1}{5}$,$\frac{1}{8}$,$\frac{1}{10}$,$\frac{3}{4}$,31,"Fractions, Decimals and Percentages",Multiple Choice,P3Q31_31
"Out of 60 students in a year group, 20 walk to school. Approximately what proportion is this?",,$\frac{2}{3}$,$\frac{3}{5}$,$\frac{1}{3}$,$\frac{1}{4}$,$\frac{1}{2}$,$\frac{1}{3}$,31,"Fractions, Decimals and Percentages",Multiple Choice,P3Q31_32
"Out of 55 cars in a car park, 43 are silver. Approximately what proportion is this?",,$\frac{4}{5}$,$\frac{3}{4}$,$\frac{1}{3}$,$\frac{1}{8}$,$\frac{1}{5}$,$\frac{4}{5}$,31,"Fractions, Decimals and Percentages",Multiple Choice,P3Q31_33
"Out of 72 students in a year group, 24 walk to school. Approximately what proportion is this?",,$\frac{1}{4}$,$\frac{2}{3}$,$\frac{2}{5}$,$\frac{1}{2}$,$\frac{1}{3}$,$\frac{1}{3}$,31,"Fractions, Decimals and Percentages",Multiple Choice,P3Q31_34
"Out of 79 books on a shelf, 11 are non-fiction. Approximately what proportion is this?",,$\frac{1}{8}$,$\frac{7}{8}$,$\frac{3}{4}$,$\frac{4}{5}$,$\frac{1}{4}$,$\frac{1}{8}$,31,"Fractions, Decimals and Percentages",Multiple Choice,P3Q31_35
"Out of 48 biscuits in a tin, 28 are chocolate. Approximately what proportion is this?",,$\frac{1}{3}$,$\frac{3}{5}$,$\frac{1}{10}$,$\frac{2}{5}$,$\frac{1}{4}$,$\frac{3}{5}$,31,"Fractions, Decimals and Percentages",Multiple Choice,P3Q31_36
"Out of 67 children in a class, 12 have younger brothers and sisters. Approximately what proportion is this?",,$\frac{1}{10}$,$\frac{1}{5}$,$\frac{1}{4}$,$\frac{4}{5}$,$\frac{3}{10}$,$\frac{1}{5}$,31,"Fractions, Decimals and Percentages",Multiple Choice,P3Q31_37
"Out of 65 apples in a box, 26 are bruised. Approximately what proportion is this?",,$\frac{2}{5}$,$\frac{3}{10}$,$\frac{3}{4}$,$\frac{4}{5}$,$\frac{3}{5}$,$\frac{2}{5}$,31,"Fractions, Decimals and Percentages",Multiple Choice,P3Q31_38
"Out of 68 animals in a shelter, 40 are cats. Approximately what proportion is this?",,$\frac{1}{4}$,$\frac{2}{5}$,$\frac{3}{5}$,$\frac{3}{4}$,$\frac{1}{3}$,$\frac{3}{5}$,31,"Fractions, Decimals and Percentages",Multiple Choice,P3Q31_39
"Out of 24 cars in a car park, 13 are silver. Approximately what proportion is this?",,$\frac{4}{5}$,$\frac{1}{5}$,$\frac{1}{8}$,$\frac{3}{5}$,$\frac{2}{5}$,$\frac{3}{5}$,31,"Fractions, Decimals and Percentages",Multiple Choice,P3Q31_40
"Out of 59 people on a bus, 40 are wearing glasses. Approximately what proportion is this?",,$\frac{1}{3}$,$\frac{1}{5}$,$\frac{2}{5}$,$\frac{2}{3}$,$\frac{1}{4}$,$\frac{2}{3}$,31,"Fractions, Decimals and Percentages",Multiple Choice,P3Q31_41
"Out of 21 children in a class, 4 have younger brothers and sisters. Approximately what proportion is this?",,$\frac{1}{3}$,$\frac{2}{3}$,$\frac{3}{4}$,$\frac{1}{4}$,$\frac{1}{5}$,$\frac{1}{4}$,31,"Fractions, Decimals and Percentages",Multiple Choice,P3Q31_42
"Out of 75 cars in a car park, 38 are silver. Approximately what proportion is this?",,$\frac{1}{2}$,$\frac{2}{3}$,$\frac{2}{5}$,$\frac{1}{3}$,$\frac{1}{10}$,$\frac{1}{2}$,31,"Fractions, Decimals and Percentages",Multiple Choice,P3Q31_43
"Out of 33 people on a bus, 11 are wearing glasses. Approximately what proportion is this?",,$\frac{1}{4}$,$\frac{1}{3}$,$\frac{1}{2}$,$\frac{1}{8}$,$\frac{2}{3}$,$\frac{1}{3}$,31,"Fractions, Decimals and Percentages",Multiple Choice,P3Q31_44
"Out of 77 biscuits in a tin, 37 are chocolate. Approximately what proportion is this?",,$\frac{3}{4}$,$\frac{2}{3}$,$\frac{3}{10}$,$\frac{1}{3}$,$\frac{1}{2}$,$\frac{1}{2}$,31,"Fractions, Decimals and Percentages",Multiple Choice,P3Q31_45
"Out of 79 children in a class, 8 have younger brothers and sisters. Approximately what proportion is this?",,$\frac{1}{10}$,$\frac{1}{2}$,$\frac{9}{10}$,$\frac{4}{5}$,$\frac{1}{8}$,$\frac{1}{10}$,31,"Fractions, Decimals and Percentages",Multiple Choice,P3Q31_46
"Out of 21 people on a bus, 1 are wearing glasses. Approximately what proportion is this?",,$\frac{1}{10}$,$\frac{1}{8}$,$\frac{2}{3}$,$\frac{1}{3}$,$\frac{9}{10}$,$\frac{1}{10}$,31,"Fractions, Decimals and Percentages",Multiple Choice,P3Q31_47
"Out of 77 people on a bus, 47 are wearing glasses. Approximately what proportion is this?",,$\frac{2}{5}$,$\frac{1}{8}$,$\frac{3}{4}$,$\frac{3}{5}$,$\frac{1}{5}$,$\frac{3}{5}$,31,"Fractions, Decimals and Percentages",Multiple Choice,P3Q31_48
"Out of 74 books on a shelf, 18 are non-fiction. Approximately what proportion is this?",,$\frac{3}{10}$,$\frac{3}{4}$,$\frac{1}{5}$,$\frac{1}{4}$,$\frac{1}{3}$,$\frac{1}{4}$,31,"Fractions, Decimals and Percentages",Multiple Choice,P3Q31_49
"Out of 34 books on a shelf, 4 are non-fiction. Approximately what proportion is this?",,$\frac{1}{8}$,$\frac{7}{8}$,$\frac{1}{3}$,$\frac{2}{3}$,$\frac{1}{2}$,$\frac{1}{8}$,31,"Fractions, Decimals and Percentages",Multiple Choice,P3Q31_50
"Grace is going on a new bike, which costs £225.
Each week she takes £25 to school towards the cost.
So far she has paid £50.
How many more weekly payments does she need to make?",,2,6,9,8,7,7,31,Calculations,Multiple Choice,P4Q31_1
"Lily is going on a school holiday, which costs £156.
Each week she takes £12 to school towards the cost.
So far she has paid £84.
How many more weekly payments does she need to make?",,6,5,13,13,7,6,31,Calculations,Multiple Choice,P4Q31_2
"Ella is going on a new bike, which costs £168.
Each week she takes £12 to school towards the cost.
So far she has paid £84.
How many more weekly payments does she need to make?",,19,7,6,8,14,7,31,Calculations,Multiple Choice,P4Q31_3
"Sophie is going on a school holiday, which costs £280.
Each week she takes £20 to school towards the cost.
So far she has paid £220.
How many more weekly payments does she need to make?",,4,2,14,11,3,3,31,Calculations,Multiple Choice,P4Q31_4
"Lily is going on a school trip, which costs £240.
Each week she takes £15 to school towards the cost.
So far she has paid £75.
How many more weekly payments does she need to make?",,16,10,5,11,12,11,31,Calculations,Multiple Choice,P4Q31_5
"Lily is going on a music camp, which costs £200.
Each week she takes £20 to school towards the cost.
So far she has paid £100.
How many more weekly payments does she need to make?",,10,6,4,5,14,5,31,Calculations,Multiple Choice,P4Q31_6
"Sophie is going on a music camp, which costs £260.
Each week she takes £20 to school towards the cost.
So far she has paid £120.
How many more weekly payments does she need to make?",,13,12,7,8,6,7,31,Calculations,Multiple Choice,P4Q31_7
"Grace is going on a school holiday, which costs £80.
Each week she takes £10 to school towards the cost.
So far she has paid £30.
How many more weekly payments does she need to make?",,6,5,4,8,3,5,31,Calculations,Multiple Choice,P4Q31_8
"Mia is going on a music camp, which costs £204.
Each week she takes £12 to school towards the cost.
So far she has paid £60.
How many more weekly payments does she need to make?",,11,12,17,13,5,12,31,Calculations,Multiple Choice,P4Q31_9
"Mia is going on a new bike, which costs £168.
Each week she takes £12 to school towards the cost.
So far she has paid £72.
How many more weekly payments does she need to make?",,9,7,8,14,6,8,31,Calculations,Multiple Choice,P4Q31_10
"Ella is going on a new bike, which costs £150.
Each week she takes £10 to school towards the cost.
So far she has paid £70.
How many more weekly payments does she need to make?",,8,7,24,9,15,8,31,Calculations,Multiple Choice,P4Q31_11
"Lily is going on a music camp, which costs £380.
Each week she takes £20 to school towards the cost.
So far she has paid £160.
How many more weekly payments does she need to make?",,12,11,19,10,8,11,31,Calculations,Multiple Choice,P4Q31_12
"Sophie is going on a school trip, which costs £50.
Each week she takes £5 to school towards the cost.
So far she has paid £15.
How many more weekly payments does she need to make?",,7,3,6,8,10,7,31,Calculations,Multiple Choice,P4Q31_13
"Mia is going on a music camp, which costs £96.
Each week she takes £12 to school towards the cost.
So far she has paid £24.
How many more weekly payments does she need to make?",,7,8,6,2,5,6,31,Calculations,Multiple Choice,P4Q31_14
"Ella is going on a school holiday, which costs £190.
Each week she takes £10 to school towards the cost.
So far she has paid £160.
How many more weekly payments does she need to make?",,19,3,16,4,2,3,31,Calculations,Multiple Choice,P4Q31_15
"Grace is going on a music camp, which costs £90.
Each week she takes £10 to school towards the cost.
So far she has paid £60.
How many more weekly payments does she need to make?",,6,4,3,9,2,3,31,Calculations,Multiple Choice,P4Q31_16
"Sophie is going on a school holiday, which costs £500.
Each week she takes £25 to school towards the cost.
So far she has paid £200.
How many more weekly payments does she need to make?",,20,11,8,12,13,12,31,Calculations,Multiple Choice,P4Q31_17
"Mia is going on a school holiday, which costs £300.
Each week she takes £25 to school towards the cost.
So far she has paid £50.
How many more weekly payments does she need to make?",,10,11,12,2,9,10,31,Calculations,Multiple Choice,P4Q31_18
"Grace is going on a music camp, which costs £165.
Each week she takes £15 to school towards the cost.
So far she has paid £60.
How many more weekly payments does she need to make?",,4,11,7,6,8,7,31,Calculations,Multiple Choice,P4Q31_19
"Sophie is going on a new bike, which costs £280.
Each week she takes £20 to school towards the cost.
So far she has paid £60.
How many more weekly payments does she need to make?",,11,10,3,14,12,11,31,Calculations,Multiple Choice,P4Q31_20
"Ella is going on a new bike, which costs £150.
Each week she takes £10 to school towards the cost.
So far she has paid £70.
How many more weekly payments does she need to make?",,7,9,20,15,8,8,31,Calculations,Multiple Choice,P4Q31_21
"Grace is going on a new bike, which costs £240.
Each week she takes £20 to school towards the cost.
So far she has paid £100.
How many more weekly payments does she need to make?",,12,7,8,5,6,7,31,Calculations,Multiple Choice,P4Q31_22
"Ella is going on a school holiday, which costs £225.
Each week she takes £15 to school towards the cost.
So far she has paid £60.
How many more weekly payments does she need to make?",,10,12,11,4,15,11,31,Calculations,Multiple Choice,P4Q31_23
"Ella is going on a new bike, which costs £380.
Each week she takes £20 to school towards the cost.
So far she has paid £140.
How many more weekly payments does she need to make?",,7,13,19,12,11,12,31,Calculations,Multiple Choice,P4Q31_24
"Grace is going on a new bike, which costs £192.
Each week she takes £12 to school towards the cost.
So far she has paid £60.
How many more weekly payments does she need to make?",,16,11,5,12,10,11,31,Calculations,Multiple Choice,P4Q31_25
"Sophie is going on a new bike, which costs £130.
Each week she takes £10 to school towards the cost.
So far she has paid £70.
How many more weekly payments does she need to make?",,5,13,6,7,18,6,31,Calculations,Multiple Choice,P4Q31_26
"Grace is going on a school trip, which costs £216.
Each week she takes £12 to school towards the cost.
So far she has paid £132.
How many more weekly payments does she need to make?",,18,8,6,11,7,7,31,Calculations,Multiple Choice,P4Q31_27
"Ella is going on a music camp, which costs £75.
Each week she takes £5 to school towards the cost.
So far she has paid £25.
How many more weekly payments does she need to make?",,10,15,5,9,11,10,31,Calculations,Multiple Choice,P4Q31_28
"Lily is going on a new bike, which costs £150.
Each week she takes £10 to school towards the cost.
So far she has paid £20.
How many more weekly payments does she need to make?",,2,15,12,14,13,13,31,Calculations,Multiple Choice,P4Q31_29
"Sophie is going on a school trip, which costs £110.
Each week she takes £10 to school towards the cost.
So far she has paid £70.
How many more weekly payments does she need to make?",,4,5,3,11,7,4,31,Calculations,Multiple Choice,P4Q31_30
"Sophie is going on a new bike, which costs £200.
Each week she takes £10 to school towards the cost.
So far she has paid £80.
How many more weekly payments does she need to make?",,13,11,20,12,8,12,31,Calculations,Multiple Choice,P4Q31_31
"Sophie is going on a music camp, which costs £360.
Each week she takes £20 to school towards the cost.
So far she has paid £280.
How many more weekly payments does she need to make?",,18,3,14,4,5,4,31,Calculations,Multiple Choice,P4Q31_32
"Sophie is going on a school trip, which costs £200.
Each week she takes £25 to school towards the cost.
So far she has paid £100.
How many more weekly payments does she need to make?",,3,4,3,5,8,4,31,Calculations,Multiple Choice,P4Q31_33
"Ella is going on a new bike, which costs £108.
Each week she takes £12 to school towards the cost.
So far she has paid £48.
How many more weekly payments does she need to make?",,4,8,6,9,5,5,31,Calculations,Multiple Choice,P4Q31_34
"Mia is going on a school holiday, which costs £195.
Each week she takes £15 to school towards the cost.
So far she has paid £45.
How many more weekly payments does she need to make?",,9,10,13,3,11,10,31,Calculations,Multiple Choice,P4Q31_35
"Grace is going on a music camp, which costs £40.
Each week she takes £5 to school towards the cost.
So far she has paid £20.
How many more weekly payments does she need to make?",,3,8,4,2,5,4,31,Calculations,Multiple Choice,P4Q31_36
"Sophie is going on a school trip, which costs £350.
Each week she takes £25 to school towards the cost.
So far she has paid £250.
How many more weekly payments does she need to make?",,3,10,14,4,5,4,31,Calculations,Multiple Choice,P4Q31_37
"Lily is going on a school holiday, which costs £240.
Each week she takes £15 to school towards the cost.
So far she has paid £45.
How many more weekly payments does she need to make?",,12,14,13,3,16,13,31,Calculations,Multiple Choice,P4Q31_38
"Ella is going on a music camp, which costs £380.
Each week she takes £20 to school towards the cost.
So far she has paid £60.
How many more weekly payments does she need to make?",,16,3,15,19,17,16,31,Calculations,Multiple Choice,P4Q31_39
"Mia is going on a music camp, which costs £200.
Each week she takes £10 to school towards the cost.
So far she has paid £110.
How many more weekly payments does she need to make?",,11,8,20,9,10,9,31,Calculations,Multiple Choice,P4Q31_40
"Lily is going on a music camp, which costs £180.
Each week she takes £10 to school towards the cost.
So far she has paid £70.
How many more weekly payments does she need to make?",,12,18,10,11,7,11,31,Calculations,Multiple Choice,P4Q31_41
"Ella is going on a music camp, which costs £170.
Each week she takes £10 to school towards the cost.
So far she has paid £100.
How many more weekly payments does she need to make?",,7,17,8,10,6,7,31,Calculations,Multiple Choice,P4Q31_42
"Sophie is going on a music camp, which costs £195.
Each week she takes £15 to school towards the cost.
So far she has paid £60.
How many more weekly payments does she need to make?",,4,8,13,10,9,9,31,Calculations,Multiple Choice,P4Q31_43
"Ella is going on a school trip, which costs £55.
Each week she takes £5 to school towards the cost.
So far she has paid £20.
How many more weekly payments does she need to make?",,4,6,11,7,8,7,31,Calculations,Multiple Choice,P4Q31_44
"Grace is going on a new bike, which costs £180.
Each week she takes £15 to school towards the cost.
So far she has paid £60.
How many more weekly payments does she need to make?",,9,12,4,8,7,8,31,Calculations,Multiple Choice,P4Q31_45
"Lily is going on a new bike, which costs £180.
Each week she takes £10 to school towards the cost.
So far she has paid £20.
How many more weekly payments does she need to make?",,18,2,15,16,17,16,31,Calculations,Multiple Choice,P4Q31_46
"Grace is going on a new bike, which costs £80.
Each week she takes £5 to school towards the cost.
So far she has paid £55.
How many more weekly payments does she need to make?",,11,5,4,16,6,5,31,Calculations,Multiple Choice,P4Q31_47
"Sophie is going on a new bike, which costs £450.
Each week she takes £25 to school towards the cost.
So far she has paid £175.
How many more weekly payments does she need to make?",,11,18,10,7,12,11,31,Calculations,Multiple Choice,P4Q31_48
"Lily is going on a new bike, which costs £85.
Each week she takes £5 to school towards the cost.
So far she has paid £15.
How many more weekly payments does she need to make?",,14,17,13,3,15,14,31,Calculations,Multiple Choice,P4Q31_49
"Ella is going on a new bike, which costs £300.
Each week she takes £15 to school towards the cost.
So far she has paid £180.
How many more weekly payments does she need to make?",,9,12,20,8,7,8,31,Calculations,Multiple Choice,P4Q31_50
Mo has a square card. He marks the middle of one side. He cuts along the dashed lines shown. What type of triangle is Mo left with?,P2Q32_1.png,equilateral,right-angled,scalene,obtuse-angled,isosceles,isosceles,32,Geometry,Image,P2Q32_1
Susan has a rectangle card. He marks the middle of one side. He cuts along the dashed lines shown. What type of triangle is Susan left with?,P2Q32_2.png,equilateral,right-angled,scalene,obtuse-angled,isosceles,isosceles,32,Geometry,Image,P2Q32_2
Mo has a square card. He marks the middle of one side. He cuts along the dashed lines shown. What type of triangle is Mo left with?,P2Q32_3.png,equilateral,right-angled,scalene,obtuse-angled,isosceles,isosceles,32,Geometry,Image,P2Q32_3
Pat has a rectangle card. He marks the middle of one side. He cuts along the dashed lines shown. What type of triangle is Pat left with?,P2Q32_4.png,equilateral,right-angled,scalene,obtuse-angled,isosceles,isosceles,32,Geometry,Image,P2Q32_4
Ricky has a square card. He marks a point near the corner of one side. He cuts along the dashed lines shown. What type of triangle is Ricky left with?,P2Q32_5.png,equilateral,right-angled,scalene,obtuse-angled,isosceles,scalene,32,Geometry,Image,P2Q32_5
Ricky has a rectangle card. He marks the middle of one side. He cuts along the dashed lines shown. What type of triangle is Ricky left with?,P2Q32_6.png,equilateral,right-angled,scalene,obtuse-angled,isosceles,isosceles,32,Geometry,Image,P2Q32_6
Mo has a rectangle card. He marks a point near the corner of one side. He cuts along the dashed lines shown. What type of triangle is Mo left with?,P2Q32_7.png,equilateral,right-angled,scalene,obtuse-angled,isosceles,scalene,32,Geometry,Image,P2Q32_7
Pat has a square card. He marks the middle of one side. He cuts along the dashed lines shown. What type of triangle is Pat left with?,P2Q32_8.png,equilateral,right-angled,scalene,obtuse-angled,isosceles,isosceles,32,Geometry,Image,P2Q32_8
Jamal has a rectangle card. He marks a point near the corner of one side. He cuts along the dashed lines shown. What type of triangle is Jamal left with?,P2Q32_9.png,equilateral,right-angled,scalene,obtuse-angled,isosceles,scalene,32,Geometry,Image,P2Q32_9
Pat has a square card. He marks a point near the corner of one side. He cuts along the dashed lines shown. What type of triangle is Pat left with?,P2Q32_10.png,equilateral,right-angled,scalene,obtuse-angled,isosceles,scalene,32,Geometry,Image,P2Q32_10
Mo has a square card. He marks a point near the corner of one side. He cuts along the dashed lines shown. What type of triangle is Mo left with?,P2Q32_11.png,equilateral,right-angled,scalene,obtuse-angled,isosceles,scalene,32,Geometry,Image,P2Q32_11
Jamal has a rectangle card. He marks a point near the corner of one side. He cuts along the dashed lines shown. What type of triangle is Jamal left with?,P2Q32_12.png,equilateral,right-angled,scalene,obtuse-angled,isosceles,scalene,32,Geometry,Image,P2Q32_12
Susan has a square card. He marks a point near the corner of one side. He cuts along the dashed lines shown. What type of triangle is Susan left with?,P2Q32_13.png,equilateral,right-angled,scalene,obtuse-angled,isosceles,scalene,32,Geometry,Image,P2Q32_13
Mo has a square card. He marks the middle of one side. He cuts along the dashed lines shown. What type of triangle is Mo left with?,P2Q32_14.png,equilateral,right-angled,scalene,obtuse-angled,isosceles,isosceles,32,Geometry,Image,P2Q32_14
Jamal has a rectangle card. He marks a point near the corner of one side. He cuts along the dashed lines shown. What type of triangle is Jamal left with?,P2Q32_15.png,equilateral,right-angled,scalene,obtuse-angled,isosceles,scalene,32,Geometry,Image,P2Q32_15
Susan has a square card. He marks a point near the corner of one side. He cuts along the dashed lines shown. What type of triangle is Susan left with?,P2Q32_16.png,equilateral,right-angled,scalene,obtuse-angled,isosceles,scalene,32,Geometry,Image,P2Q32_16
Ricky has a square card. He marks the middle of one side. He cuts along the dashed lines shown. What type of triangle is Ricky left with?,P2Q32_17.png,equilateral,right-angled,scalene,obtuse-angled,isosceles,isosceles,32,Geometry,Image,P2Q32_17
Susan has a rectangle card. He marks a point near the corner of one side. He cuts along the dashed lines shown. What type of triangle is Susan left with?,P2Q32_18.png,equilateral,right-angled,scalene,obtuse-angled,isosceles,scalene,32,Geometry,Image,P2Q32_18
Mo has a rectangle card. He marks the middle of one side. He cuts along the dashed lines shown. What type of triangle is Mo left with?,P2Q32_19.png,equilateral,right-angled,scalene,obtuse-angled,isosceles,isosceles,32,Geometry,Image,P2Q32_19
Jamal has a square card. He marks a point near the corner of one side. He cuts along the dashed lines shown. What type of triangle is Jamal left with?,P2Q32_20.png,equilateral,right-angled,scalene,obtuse-angled,isosceles,scalene,32,Geometry,Image,P2Q32_20
This magic grid contains number sequences that increase in steps. What is the missing number?,P3Q32_1.png,89,79,84,74,69,79,32,Number - Patterns,,P3Q32_1
This magic grid contains number sequences that increase in steps. What is the missing number?,P3Q32_2.png,84,91,83,67,75,83,32,Number - Patterns,,P3Q32_2
This magic grid contains number sequences that increase in steps. What is the missing number?,P3Q32_3.png,84,96,108,120,144,108,32,Number - Patterns,,P3Q32_3
This magic grid contains number sequences that increase in steps. What is the missing number?,P3Q32_4.png,214,198,197,180,163,197,32,Number - Patterns,,P3Q32_4
This magic grid contains number sequences that increase in steps. What is the missing number?,P3Q32_5.png,196,213,179,212,230,213,32,Number - Patterns,,P3Q32_5
This magic grid contains number sequences that increase in steps. What is the missing number?,P3Q32_6.png,239,173,195,217,261,239,32,Number - Patterns,,P3Q32_6
This magic grid contains number sequences that increase in steps. What is the missing number?,P3Q32_7.png,137,147,157,117,127,147,32,Number - Patterns,,P3Q32_7
This magic grid contains number sequences that increase in steps. What is the missing number?,P3Q32_8.png,151,172,165,158,175,165,32,Number - Patterns,,P3Q32_8
This magic grid contains number sequences that increase in steps. What is the missing number?,P3Q32_9.png,74,32,46,60,88,74,32,Number - Patterns,,P3Q32_9
This magic grid contains number sequences that increase in steps. What is the missing number?,P3Q32_10.png,65,58,79,82,72,72,32,Number - Patterns,,P3Q32_10
This magic grid contains number sequences that increase in steps. What is the missing number?,P3Q32_11.png,142,136,130,154,148,148,32,Number - Patterns,,P3Q32_11
This magic grid contains number sequences that increase in steps. What is the missing number?,P3Q32_12.png,199,205,217,211,210,211,32,Number - Patterns,,P3Q32_12
This magic grid contains number sequences that increase in steps. What is the missing number?,P3Q32_13.png,237,309,213,261,189,237,32,Number - Patterns,,P3Q32_13
This magic grid contains number sequences that increase in steps. What is the missing number?,P3Q32_14.png,95,126,116,137,74,116,32,Number - Patterns,,P3Q32_14
This magic grid contains number sequences that increase in steps. What is the missing number?,P3Q32_15.png,204,270,182,226,248,248,32,Number - Patterns,,P3Q32_15
This magic grid contains number sequences that increase in steps. What is the missing number?,P3Q32_16.png,121,140,178,159,197,178,32,Number - Patterns,,P3Q32_16
This magic grid contains number sequences that increase in steps. What is the missing number?,P3Q32_17.png,150,176,189,186,163,176,32,Number - Patterns,,P3Q32_17
This magic grid contains number sequences that increase in steps. What is the missing number?,P3Q32_18.png,54,70,46,38,30,46,32,Number - Patterns,,P3Q32_18
This magic grid contains number sequences that increase in steps. What is the missing number?,P3Q32_19.png,190,203,236,213,167,213,32,Number - Patterns,,P3Q32_19
This magic grid contains number sequences that increase in steps. What is the missing number?,P3Q32_20.png,262,286,334,238,214,262,32,Number - Patterns,,P3Q32_20
"PQRS is a square on a 1 cm square grid.
Coordinates: P is (1, 2), R is (9, 8).
If P=(a,b) and R=(c,d), what is the value of b - d?",P4Q32_1.png,-6,-5,-4,-8,-7,-6,32,Geometry,Multiple Choice,P4Q32_1
"PQRS is a square on a 1 cm square grid.
Coordinates: P is (5, 2), R is (9, 6).
If P=(a,b) and R=(c,d), what is the value of b - d?",P4Q32_2.png,6,1,-9,-4,-2,-4,32,Geometry,Multiple Choice,P4Q32_2
"PQRS is a square on a 1 cm square grid.
Coordinates: P is (4, 2), R is (10, 8).
If P=(a,b) and R=(c,d), what is the value of b - d?",P4Q32_3.png,-7,-11,-16,-1,-6,-6,32,Geometry,Multiple Choice,P4Q32_3
"PQRS is a square on a 1 cm square grid.
Coordinates: P is (1, 0), R is (5, 6).
If P=(a,b) and R=(c,d), what is the value of b - d?",P4Q32_4.png,4,-11,-1,-16,-6,-6,32,Geometry,Multiple Choice,P4Q32_4
"PQRS is a square on a 1 cm square grid.
Coordinates: P is (-1, 2), R is (7, 4).
If P=(a,b) and R=(c,d), what is the value of b - d?",P4Q32_5.png,-7,3,-1,0,-2,-2,32,Geometry,Multiple Choice,P4Q32_5
"PQRS is a square on a 1 cm square grid.
Coordinates: P is (0, 2), R is (8, 4).
If P=(a,b) and R=(c,d), what is the value of b - d?",P4Q32_6.png,-7,0,-2,-3,3,-2,32,Geometry,Multiple Choice,P4Q32_6
"PQRS is a square on a 1 cm square grid.
Coordinates: P is (2, 0), R is (10, 6).
If P=(a,b) and R=(c,d), what is the value of b - d?",P4Q32_7.png,4,-11,-6,-8,-16,-6,32,Geometry,Multiple Choice,P4Q32_7
"PQRS is a square on a 1 cm square grid.
Coordinates: P is (5, 2), R is (9, 4).
If P=(a,b) and R=(c,d), what is the value of b - d?",P4Q32_8.png,-12,3,-1,-7,-2,-2,32,Geometry,Multiple Choice,P4Q32_8
"PQRS is a square on a 1 cm square grid.
Coordinates: P is (2, 6), R is (8, 8).
If P=(a,b) and R=(c,d), what is the value of b - d?",P4Q32_9.png,0,-2,-4,-1,8,-2,32,Geometry,Multiple Choice,P4Q32_9
"PQRS is a square on a 1 cm square grid.
Coordinates: P is (1, 4), R is (5, 8).
If P=(a,b) and R=(c,d), what is the value of b - d?",P4Q32_10.png,-4,-3,-5,1,-2,-4,32,Geometry,Multiple Choice,P4Q32_10
"PQRS is a square on a 1 cm square grid.
Coordinates: P is (3, 5), R is (11, 7).
If P=(a,b) and R=(c,d), what is the value of b - d?",P4Q32_11.png,-2,0,-12,-4,-7,-2,32,Geometry,Multiple Choice,P4Q32_11
"PQRS is a square on a 1 cm square grid.
Coordinates: P is (5, 3), R is (9, 9).
If P=(a,b) and R=(c,d), what is the value of b - d?",P4Q32_12.png,-4,-8,-16,-6,-1,-6,32,Geometry,Multiple Choice,P4Q32_12
"PQRS is a square on a 1 cm square grid.
Coordinates: P is (2, 4), R is (6, 8).
If P=(a,b) and R=(c,d), what is the value of b - d?",P4Q32_13.png,6,-2,-4,-3,-6,-4,32,Geometry,Multiple Choice,P4Q32_13
"PQRS is a square on a 1 cm square grid.
Coordinates: P is (2, 4), R is (6, 6).
If P=(a,b) and R=(c,d), what is the value of b - d?",P4Q32_14.png,-2,3,-3,-7,-4,-2,32,Geometry,Multiple Choice,P4Q32_14
"PQRS is a square on a 1 cm square grid.
Coordinates: P is (3, 1), R is (11, 5).
If P=(a,b) and R=(c,d), what is the value of b - d?",P4Q32_15.png,6,-4,-2,-6,-3,-4,32,Geometry,Multiple Choice,P4Q32_15
"PQRS is a square on a 1 cm square grid.
Coordinates: P is (5, 5), R is (9, 9).
If P=(a,b) and R=(c,d), what is the value of b - d?",P4Q32_16.png,-4,-3,-9,6,-6,-4,32,Geometry,Multiple Choice,P4Q32_16
"PQRS is a square on a 1 cm square grid.
Coordinates: P is (5, 2), R is (9, 4).
If P=(a,b) and R=(c,d), what is the value of b - d?",P4Q32_17.png,-1,-2,8,-3,0,-2,32,Geometry,Multiple Choice,P4Q32_17
"PQRS is a square on a 1 cm square grid.
Coordinates: P is (5, 4), R is (9, 8).
If P=(a,b) and R=(c,d), what is the value of b - d?",P4Q32_18.png,-5,-3,-14,-4,6,-4,32,Geometry,Multiple Choice,P4Q32_18
"PQRS is a square on a 1 cm square grid.
Coordinates: P is (5, 0), R is (9, 6).
If P=(a,b) and R=(c,d), what is the value of b - d?",P4Q32_19.png,-5,-6,-7,-11,-16,-6,32,Geometry,Multiple Choice,P4Q32_19
"PQRS is a square on a 1 cm square grid.
Coordinates: P is (1, 0), R is (5, 6).
If P=(a,b) and R=(c,d), what is the value of b - d?",P4Q32_20.png,-5,-11,-8,-1,-6,-6,32,Geometry,Multiple Choice,P4Q32_20
"At a school, there are 400 children. 80% like chips. How many children don't like chips?",,90,95,20,80,320,80,33,Percentages,Text,P2Q33_1
"At a school, there are 400 children. 80% like pizza. How many children don't like pizza?",,90,20,100,80,320,80,33,Percentages,Text,P2Q33_2
"At a school, there are 800 children. 80% like pizza. How many children don't like pizza?",,20,170,160,640,80,160,33,Percentages,Text,P2Q33_3
"At a school, there are 860 children. 90% like reading. How many children don't like reading?",,774,96,10,90,86,86,33,Percentages,Text,P2Q33_4
"At a school, there are 400 children. 80% like maths. How many children don't like maths?",,80,20,100,320,90,80,33,Percentages,Text,P2Q33_5
"At a school, there are 1000 children. 80% like chips. How many children don't like chips?",,210,800,80,20,200,200,33,Percentages,Text,P2Q33_6
"At a school, there are 860 children. 95% like reading. How many children don't like reading?",,53,43,95,817,5,43,33,Percentages,Text,P2Q33_7
"At a school, there are 1000 children. 85% like chips. How many children don't like chips?",,85,15,850,160,150,150,33,Percentages,Text,P2Q33_8
"At a school, there are 900 children. 90% like chips. How many children don't like chips?",,90,100,95,810,10,90,33,Percentages,Text,P2Q33_9
"At a school, there are 1000 children. 90% like football. How many children don't like football?",,110,100,900,10,90,100,33,Percentages,Text,P2Q33_10
"At a school, there are 1000 children. 95% like reading. How many children don't like reading?",,60,5,50,950,95,50,33,Percentages,Text,P2Q33_11
"At a school, there are 1000 children. 90% like maths. How many children don't like maths?",,90,900,110,100,10,100,33,Percentages,Text,P2Q33_12
"At a school, there are 900 children. 95% like maths. How many children don't like maths?",,55,45,855,5,95,45,33,Percentages,Text,P2Q33_13
"At a school, there are 900 children. 95% like pizza. How many children don't like pizza?",,5,55,95,855,45,45,33,Percentages,Text,P2Q33_14
"At a school, there are 860 children. 90% like chips. How many children don't like chips?",,90,10,86,774,96,86,33,Percentages,Text,P2Q33_15
"At a school, there are 800 children. 90% like pizza. How many children don't like pizza?",,90,720,80,10,95,80,33,Percentages,Text,P2Q33_16
"At a school, there are 1000 children. 90% like chips. How many children don't like chips?",,900,10,100,110,90,100,33,Percentages,Text,P2Q33_17
"At a school, there are 800 children. 95% like football. How many children don't like football?",,5,95,50,40,760,40,33,Percentages,Text,P2Q33_18
"At a school, there are 1000 children. 95% like pizza. How many children don't like pizza?",,5,95,950,50,60,50,33,Percentages,Text,P2Q33_19
"At a school, there are 860 children. 80% like pizza. How many children don't like pizza?",,80,182,172,20,688,172,33,Percentages,Text,P2Q33_20
"At a school, there are 400 children. 90% like chips. How many children don't like chips?",,40,50,90,10,360,40,33,Percentages,Text,P2Q33_21
"At a school, there are 860 children. 80% like football. How many children don't like football?",,80,182,172,688,20,172,33,Percentages,Text,P2Q33_22
"At a school, there are 800 children. 85% like football. How many children don't like football?",,85,15,680,130,120,120,33,Percentages,Text,P2Q33_23
"At a school, there are 400 children. 95% like maths. How many children don't like maths?",,5,20,30,380,95,20,33,Percentages,Text,P2Q33_24
"At a school, there are 900 children. 90% like pizza. How many children don't like pizza?",,90,110,810,100,10,90,33,Percentages,Text,P2Q33_25
"At a school, there are 500 children. 85% like pizza. How many children don't like pizza?",,75,90,15,85,425,75,33,Percentages,Text,P2Q33_26
"At a school, there are 800 children. 90% like maths. How many children don't like maths?",,720,100,10,80,90,80,33,Percentages,Text,P2Q33_27
"At a school, there are 800 children. 80% like chips. How many children don't like chips?",,160,640,80,170,20,160,33,Percentages,Text,P2Q33_28
"At a school, there are 860 children. 80% like reading. How many children don't like reading?",,20,172,80,688,182,172,33,Percentages,Text,P2Q33_29
"At a school, there are 860 children. 85% like football. How many children don't like football?",,15,85,139,731,129,129,33,Percentages,Text,P2Q33_30
"At a school, there are 800 children. 80% like football. How many children don't like football?",,80,160,20,170,640,160,33,Percentages,Text,P2Q33_31
"At a school, there are 900 children. 90% like chips. How many children don't like chips?",,10,100,90,810,140,90,33,Percentages,Text,P2Q33_32
"At a school, there are 900 children. 85% like football. How many children don't like football?",,85,15,135,765,145,135,33,Percentages,Text,P2Q33_33
"At a school, there are 200 children. 90% like reading. How many children don't like reading?",,90,20,30,10,180,20,33,Percentages,Text,P2Q33_34
"At a school, there are 1000 children. 85% like maths. How many children don't like maths?",,160,850,85,150,15,150,33,Percentages,Text,P2Q33_35
"At a school, there are 1000 children. 85% like reading. How many children don't like reading?",,85,15,850,150,160,150,33,Percentages,Text,P2Q33_36
"At a school, there are 500 children. 85% like maths. How many children don't like maths?",,90,85,15,75,425,75,33,Percentages,Text,P2Q33_37
"At a school, there are 200 children. 95% like football. How many children don't like football?",,10,190,95,5,20,10,33,Percentages,Text,P2Q33_38
"At a school, there are 800 children. 80% like reading. How many children don't like reading?",,640,20,170,160,80,160,33,Percentages,Text,P2Q33_39
"At a school, there are 860 children. 90% like reading. How many children don't like reading?",,86,90,10,774,96,86,33,Percentages,Text,P2Q33_40
"At a school, there are 400 children. 85% like reading. How many children don't like reading?",,60,340,70,15,85,60,33,Percentages,Text,P2Q33_41
"At a school, there are 400 children. 85% like reading. How many children don't like reading?",,15,340,85,70,60,60,33,Percentages,Text,P2Q33_42
"At a school, there are 500 children. 95% like pizza. How many children don't like pizza?",,25,95,475,35,5,25,33,Percentages,Text,P2Q33_43
"At a school, there are 200 children. 85% like chips. How many children don't like chips?",,40,30,170,15,85,30,33,Percentages,Text,P2Q33_44
"At a school, there are 1000 children. 80% like maths. How many children don't like maths?",,200,80,20,800,210,200,33,Percentages,Text,P2Q33_45
"At a school, there are 800 children. 80% like reading. How many children don't like reading?",,80,640,170,20,160,160,33,Percentages,Text,P2Q33_46
"At a school, there are 200 children. 80% like maths. How many children don't like maths?",,160,20,50,80,40,40,33,Percentages,Text,P2Q33_47
"At a school, there are 900 children. 80% like football. How many children don't like football?",,190,180,20,80,720,180,33,Percentages,Text,P2Q33_48
"At a school, there are 200 children. 80% like football. How many children don't like football?",,20,80,160,50,40,40,33,Percentages,Text,P2Q33_49
"At a school, there are 1000 children. 85% like maths. How many children don't like maths?",,160,15,85,150,850,150,33,Percentages,Text,P2Q33_50
"At the airport, Ground Control must guide a plane from point T to the end of the runway R, avoiding trees. The plane starts facing East (Right). Which instructions are correct?",P3Q33_1.png,"FORWARD 5, RIGHT 90°, FORWARD 1, LEFT 90°, FORWARD 3","FORWARD 5, LEFT 90°, FORWARD 1, RIGHT 90°, FORWARD 2","FORWARD 4, FORWARD 1, FORWARD 3","FORWARD 4, LEFT 90°, FORWARD 1, RIGHT 90°, FORWARD 3","FORWARD 4, RIGHT 90°, FORWARD 1, LEFT 90°, FORWARD 3","FORWARD 4, RIGHT 90°, FORWARD 1, LEFT 90°, FORWARD 3",33,Position and Direction,,P3Q33_1
"At the airport, Ground Control must guide a plane from point T to the end of the runway R, avoiding trees. The plane starts facing East (Right). Which instructions are correct?",P3Q33_2.png,"FORWARD 5, LEFT 90°, FORWARD 1, RIGHT 90°, FORWARD 2","FORWARD 4, FORWARD 1, FORWARD 3","FORWARD 4, RIGHT 90°, FORWARD 1, LEFT 90°, FORWARD 3","FORWARD 4, LEFT 90°, FORWARD 1, RIGHT 90°, FORWARD 3","FORWARD 5, RIGHT 90°, FORWARD 1, LEFT 90°, FORWARD 3","FORWARD 4, RIGHT 90°, FORWARD 1, LEFT 90°, FORWARD 3",33,Position and Direction,,P3Q33_2
"At the airport, Ground Control must guide a plane from point T to the end of the runway R, avoiding trees. The plane starts facing East (Right). Which instructions are correct?",P3Q33_3.png,"FORWARD 3, FORWARD 2, FORWARD 4","FORWARD 3, RIGHT 90°, FORWARD 2, LEFT 90°, FORWARD 4","FORWARD 3, LEFT 90°, FORWARD 2, RIGHT 90°, FORWARD 4","FORWARD 4, LEFT 90°, FORWARD 2, RIGHT 90°, FORWARD 4","FORWARD 4, LEFT 90°, FORWARD 2, RIGHT 90°, FORWARD 3","FORWARD 3, LEFT 90°, FORWARD 2, RIGHT 90°, FORWARD 4",33,Position and Direction,,P3Q33_3
"At the airport, Ground Control must guide a plane from point T to the end of the runway R, avoiding trees. The plane starts facing East (Right). Which instructions are correct?",P3Q33_4.png,"FORWARD 3, LEFT 90°, FORWARD 1, RIGHT 90°, FORWARD 4","FORWARD 4, LEFT 90°, FORWARD 1, RIGHT 90°, FORWARD 3","FORWARD 4, LEFT 90°, FORWARD 1, RIGHT 90°, FORWARD 4","FORWARD 3, FORWARD 1, FORWARD 4","FORWARD 3, RIGHT 90°, FORWARD 1, LEFT 90°, FORWARD 4","FORWARD 3, LEFT 90°, FORWARD 1, RIGHT 90°, FORWARD 4",33,Position and Direction,,P3Q33_4
"At the airport, Ground Control must guide a plane from point T to the end of the runway R, avoiding trees. The plane starts facing East (Right). Which instructions are correct?",P3Q33_5.png,"FORWARD 2, LEFT 90°, FORWARD 3, RIGHT 90°, FORWARD 6","FORWARD 1, RIGHT 90°, FORWARD 3, LEFT 90°, FORWARD 6","FORWARD 1, FORWARD 3, FORWARD 6","FORWARD 1, LEFT 90°, FORWARD 3, RIGHT 90°, FORWARD 6","FORWARD 2, LEFT 90°, FORWARD 3, RIGHT 90°, FORWARD 5","FORWARD 1, LEFT 90°, FORWARD 3, RIGHT 90°, FORWARD 6",33,Position and Direction,,P3Q33_5
"At the airport, Ground Control must guide a plane from point T to the end of the runway R, avoiding trees. The plane starts facing East (Right). Which instructions are correct?",P3Q33_6.png,"FORWARD 4, RIGHT 90°, FORWARD 1, LEFT 90°, FORWARD 4","FORWARD 3, LEFT 90°, FORWARD 1, RIGHT 90°, FORWARD 4","FORWARD 3, FORWARD 1, FORWARD 4","FORWARD 3, RIGHT 90°, FORWARD 1, LEFT 90°, FORWARD 4","FORWARD 4, LEFT 90°, FORWARD 1, RIGHT 90°, FORWARD 3","FORWARD 3, RIGHT 90°, FORWARD 1, LEFT 90°, FORWARD 4",33,Position and Direction,,P3Q33_6
"At the airport, Ground Control must guide a plane from point T to the end of the runway R, avoiding trees. The plane starts facing East (Right). Which instructions are correct?",P3Q33_7.png,"FORWARD 4, RIGHT 90°, FORWARD 2, LEFT 90°, FORWARD 4","FORWARD 3, FORWARD 2, FORWARD 4","FORWARD 4, LEFT 90°, FORWARD 2, RIGHT 90°, FORWARD 3","FORWARD 3, RIGHT 90°, FORWARD 2, LEFT 90°, FORWARD 4","FORWARD 3, LEFT 90°, FORWARD 2, RIGHT 90°, FORWARD 4","FORWARD 3, RIGHT 90°, FORWARD 2, LEFT 90°, FORWARD 4",33,Position and Direction,,P3Q33_7
"At the airport, Ground Control must guide a plane from point T to the end of the runway R, avoiding trees. The plane starts facing East (Right). Which instructions are correct?",P3Q33_8.png,"FORWARD 2, FORWARD 1, FORWARD 5","FORWARD 3, RIGHT 90°, FORWARD 1, LEFT 90°, FORWARD 5","FORWARD 3, LEFT 90°, FORWARD 1, RIGHT 90°, FORWARD 4","FORWARD 2, RIGHT 90°, FORWARD 1, LEFT 90°, FORWARD 5","FORWARD 2, LEFT 90°, FORWARD 1, RIGHT 90°, FORWARD 5","FORWARD 2, RIGHT 90°, FORWARD 1, LEFT 90°, FORWARD 5",33,Position and Direction,,P3Q33_8
"At the airport, Ground Control must guide a plane from point T to the end of the runway R, avoiding trees. The plane starts facing East (Right). Which instructions are correct?",P3Q33_9.png,"FORWARD 5, LEFT 90°, FORWARD 2, RIGHT 90°, FORWARD 3","FORWARD 4, LEFT 90°, FORWARD 2, RIGHT 90°, FORWARD 3","FORWARD 4, FORWARD 2, FORWARD 3","FORWARD 4, RIGHT 90°, FORWARD 2, LEFT 90°, FORWARD 3","FORWARD 5, LEFT 90°, FORWARD 2, RIGHT 90°, FORWARD 2","FORWARD 4, LEFT 90°, FORWARD 2, RIGHT 90°, FORWARD 3",33,Position and Direction,,P3Q33_9
"At the airport, Ground Control must guide a plane from point T to the end of the runway R, avoiding trees. The plane starts facing East (Right). Which instructions are correct?",P3Q33_10.png,"FORWARD 1, LEFT 90°, FORWARD 1, RIGHT 90°, FORWARD 6","FORWARD 2, LEFT 90°, FORWARD 1, RIGHT 90°, FORWARD 5","FORWARD 1, RIGHT 90°, FORWARD 1, LEFT 90°, FORWARD 6","FORWARD 1, FORWARD 1, FORWARD 6","FORWARD 2, LEFT 90°, FORWARD 2, RIGHT 90°, FORWARD 6","FORWARD 1, LEFT 90°, FORWARD 1, RIGHT 90°, FORWARD 6",33,Position and Direction,,P3Q33_10
"At the airport, Ground Control must guide a plane from point T to the end of the runway R, avoiding trees. The plane starts facing East (Right). Which instructions are correct?",P3Q33_11.png,"FORWARD 5, LEFT 90°, FORWARD 1, RIGHT 90°, FORWARD 2","FORWARD 4, RIGHT 90°, FORWARD 1, LEFT 90°, FORWARD 3","FORWARD 4, FORWARD 1, FORWARD 3","FORWARD 4, LEFT 90°, FORWARD 1, RIGHT 90°, FORWARD 3","FORWARD 5, LEFT 90°, FORWARD 1, RIGHT 90°, FORWARD 3","FORWARD 4, LEFT 90°, FORWARD 1, RIGHT 90°, FORWARD 3",33,Position and Direction,,P3Q33_11
"At the airport, Ground Control must guide a plane from point T to the end of the runway R, avoiding trees. The plane starts facing East (Right). Which instructions are correct?",P3Q33_12.png,"FORWARD 2, LEFT 90°, FORWARD 3, RIGHT 90°, FORWARD 5","FORWARD 2, RIGHT 90°, FORWARD 3, LEFT 90°, FORWARD 5","FORWARD 3, RIGHT 90°, FORWARD 3, LEFT 90°, FORWARD 5","FORWARD 2, FORWARD 3, FORWARD 5","FORWARD 3, LEFT 90°, FORWARD 3, RIGHT 90°, FORWARD 4","FORWARD 2, RIGHT 90°, FORWARD 3, LEFT 90°, FORWARD 5",33,Position and Direction,,P3Q33_12
"At the airport, Ground Control must guide a plane from point T to the end of the runway R, avoiding trees. The plane starts facing East (Right). Which instructions are correct?",P3Q33_13.png,"FORWARD 3, RIGHT 90°, FORWARD 3, LEFT 90°, FORWARD 5","FORWARD 2, RIGHT 90°, FORWARD 3, LEFT 90°, FORWARD 5","FORWARD 2, LEFT 90°, FORWARD 3, RIGHT 90°, FORWARD 5","FORWARD 3, LEFT 90°, FORWARD 3, RIGHT 90°, FORWARD 4","FORWARD 2, FORWARD 3, FORWARD 5","FORWARD 2, RIGHT 90°, FORWARD 3, LEFT 90°, FORWARD 5",33,Position and Direction,,P3Q33_13
"At the airport, Ground Control must guide a plane from point T to the end of the runway R, avoiding trees. The plane starts facing East (Right). Which instructions are correct?",P3Q33_14.png,"FORWARD 2, LEFT 90°, FORWARD 1, RIGHT 90°, FORWARD 5","FORWARD 2, LEFT 90°, FORWARD 2, RIGHT 90°, FORWARD 6","FORWARD 1, LEFT 90°, FORWARD 1, RIGHT 90°, FORWARD 6","FORWARD 1, FORWARD 1, FORWARD 6","FORWARD 1, RIGHT 90°, FORWARD 1, LEFT 90°, FORWARD 6","FORWARD 1, LEFT 90°, FORWARD 1, RIGHT 90°, FORWARD 6",33,Position and Direction,,P3Q33_14
"At the airport, Ground Control must guide a plane from point T to the end of the runway R, avoiding trees. The plane starts facing East (Right). Which instructions are correct?",P3Q33_15.png,"FORWARD 2, RIGHT 90°, FORWARD 3, LEFT 90°, FORWARD 5","FORWARD 3, RIGHT 90°, FORWARD 3, LEFT 90°, FORWARD 5","FORWARD 3, LEFT 90°, FORWARD 3, RIGHT 90°, FORWARD 4","FORWARD 2, FORWARD 3, FORWARD 5","FORWARD 2, LEFT 90°, FORWARD 3, RIGHT 90°, FORWARD 5","FORWARD 2, RIGHT 90°, FORWARD 3, LEFT 90°, FORWARD 5",33,Position and Direction,,P3Q33_15
"At the airport, Ground Control must guide a plane from point T to the end of the runway R, avoiding trees. The plane starts facing East (Right). Which instructions are correct?",P3Q33_16.png,"FORWARD 2, RIGHT 90°, FORWARD 1, LEFT 90°, FORWARD 5","FORWARD 2, FORWARD 1, FORWARD 5","FORWARD 3, RIGHT 90°, FORWARD 1, LEFT 90°, FORWARD 5","FORWARD 3, LEFT 90°, FORWARD 1, RIGHT 90°, FORWARD 4","FORWARD 2, LEFT 90°, FORWARD 1, RIGHT 90°, FORWARD 5","FORWARD 2, RIGHT 90°, FORWARD 1, LEFT 90°, FORWARD 5",33,Position and Direction,,P3Q33_16
"At the airport, Ground Control must guide a plane from point T to the end of the runway R, avoiding trees. The plane starts facing East (Right). Which instructions are correct?",P3Q33_17.png,"FORWARD 4, RIGHT 90°, FORWARD 2, LEFT 90°, FORWARD 3","FORWARD 4, FORWARD 2, FORWARD 3","FORWARD 4, LEFT 90°, FORWARD 2, RIGHT 90°, FORWARD 3","FORWARD 5, LEFT 90°, FORWARD 2, RIGHT 90°, FORWARD 2","FORWARD 5, RIGHT 90°, FORWARD 2, LEFT 90°, FORWARD 3","FORWARD 4, RIGHT 90°, FORWARD 2, LEFT 90°, FORWARD 3",33,Position and Direction,,P3Q33_17
"At the airport, Ground Control must guide a plane from point T to the end of the runway R, avoiding trees. The plane starts facing East (Right). Which instructions are correct?",P3Q33_18.png,"FORWARD 4, FORWARD 1, FORWARD 3","FORWARD 5, LEFT 90°, FORWARD 1, RIGHT 90°, FORWARD 2","FORWARD 5, LEFT 90°, FORWARD 1, RIGHT 90°, FORWARD 3","FORWARD 4, RIGHT 90°, FORWARD 1, LEFT 90°, FORWARD 3","FORWARD 4, LEFT 90°, FORWARD 1, RIGHT 90°, FORWARD 3","FORWARD 4, LEFT 90°, FORWARD 1, RIGHT 90°, FORWARD 3",33,Position and Direction,,P3Q33_18
"At the airport, Ground Control must guide a plane from point T to the end of the runway R, avoiding trees. The plane starts facing East (Right). Which instructions are correct?",P3Q33_19.png,"FORWARD 5, LEFT 90°, FORWARD 2, RIGHT 90°, FORWARD 2","FORWARD 6, LEFT 90°, FORWARD 2, RIGHT 90°, FORWARD 1","FORWARD 6, LEFT 90°, FORWARD 2, RIGHT 90°, FORWARD 2","FORWARD 5, RIGHT 90°, FORWARD 2, LEFT 90°, FORWARD 2","FORWARD 5, FORWARD 2, FORWARD 2","FORWARD 5, LEFT 90°, FORWARD 2, RIGHT 90°, FORWARD 2",33,Position and Direction,,P3Q33_19
"At the airport, Ground Control must guide a plane from point T to the end of the runway R, avoiding trees. The plane starts facing East (Right). Which instructions are correct?",P3Q33_20.png,"FORWARD 2, FORWARD 1, FORWARD 5","FORWARD 2, LEFT 90°, FORWARD 1, RIGHT 90°, FORWARD 5","FORWARD 3, LEFT 90°, FORWARD 1, RIGHT 90°, FORWARD 4","FORWARD 3, LEFT 90°, FORWARD 1, RIGHT 90°, FORWARD 5","FORWARD 2, RIGHT 90°, FORWARD 1, LEFT 90°, FORWARD 5","FORWARD 2, LEFT 90°, FORWARD 1, RIGHT 90°, FORWARD 5",33,Position and Direction,,P3Q33_20
"How many of the following shapes have at least one pair of parallel sides?

regular octagon, scalene triangle, regular hexagon, rhombus, isosceles triangle",,5,3,1,2,4,3,33,Geometry Properties,Multiple Choice,P4Q33_1
"How many of the following shapes have at least one pair of parallel sides?

regular octagon, rhombus, regular pentagon, regular hexagon, parallelogram",,1,2,3,5,4,4,33,Geometry Properties,Multiple Choice,P4Q33_2
"How many of the following shapes have at least one pair of parallel sides?

rectangle, rhombus, square, trapezium, kite",,5,0,1,4,2,4,33,Geometry Properties,Multiple Choice,P4Q33_3
"How many of the following shapes have at least one pair of parallel sides?

regular pentagon, rhombus, equilateral triangle, kite, regular hexagon",,2,5,3,0,1,2,33,Geometry Properties,Multiple Choice,P4Q33_4
"How many of the following shapes have at least one pair of parallel sides?

rectangle, rhombus, square, regular hexagon, isosceles triangle",,1,5,4,3,2,4,33,Geometry Properties,Multiple Choice,P4Q33_5
"How many of the following shapes have at least one pair of parallel sides?

rhombus, regular hexagon, parallelogram, isosceles triangle, scalene triangle",,3,0,5,2,4,3,33,Geometry Properties,Multiple Choice,P4Q33_6
"How many of the following shapes have at least one pair of parallel sides?

regular hexagon, rhombus, equilateral triangle, regular pentagon, rectangle",,2,3,5,4,1,3,33,Geometry Properties,Multiple Choice,P4Q33_7
"How many of the following shapes have at least one pair of parallel sides?

square, regular pentagon, regular hexagon, kite, scalene triangle",,3,1,2,5,4,2,33,Geometry Properties,Multiple Choice,P4Q33_8
"How many of the following shapes have at least one pair of parallel sides?

kite, parallelogram, regular pentagon, rectangle, scalene triangle",,2,3,4,0,1,2,33,Geometry Properties,Multiple Choice,P4Q33_9
"How many of the following shapes have at least one pair of parallel sides?

scalene triangle, equilateral triangle, rhombus, square, parallelogram",,1,4,5,2,3,3,33,Geometry Properties,Multiple Choice,P4Q33_10
"How many of the following shapes have at least one pair of parallel sides?

kite, regular hexagon, trapezium, square, regular octagon",,0,1,2,5,4,4,33,Geometry Properties,Multiple Choice,P4Q33_11
"How many of the following shapes have at least one pair of parallel sides?

isosceles triangle, regular octagon, regular hexagon, rectangle, scalene triangle",,5,3,4,0,1,3,33,Geometry Properties,Multiple Choice,P4Q33_12
"How many of the following shapes have at least one pair of parallel sides?

parallelogram, rectangle, regular hexagon, square, scalene triangle",,2,4,0,3,5,4,33,Geometry Properties,Multiple Choice,P4Q33_13
"How many of the following shapes have at least one pair of parallel sides?

equilateral triangle, regular octagon, regular hexagon, isosceles triangle, square",,4,5,1,3,0,3,33,Geometry Properties,Multiple Choice,P4Q33_14
"How many of the following shapes have at least one pair of parallel sides?

regular pentagon, regular hexagon, isosceles triangle, square, scalene triangle",,2,4,0,3,5,2,33,Geometry Properties,Multiple Choice,P4Q33_15
"How many of the following shapes have at least one pair of parallel sides?

trapezium, square, regular octagon, regular pentagon, kite",,5,3,0,1,2,3,33,Geometry Properties,Multiple Choice,P4Q33_16
"How many of the following shapes have at least one pair of parallel sides?

square, regular hexagon, regular octagon, isosceles triangle, kite",,3,5,0,4,2,3,33,Geometry Properties,Multiple Choice,P4Q33_17
"How many of the following shapes have at least one pair of parallel sides?

rhombus, rectangle, equilateral triangle, trapezium, kite",,0,5,4,1,3,3,33,Geometry Properties,Multiple Choice,P4Q33_18
"How many of the following shapes have at least one pair of parallel sides?

regular pentagon, equilateral triangle, kite, rhombus, parallelogram",,1,2,5,4,3,2,33,Geometry Properties,Multiple Choice,P4Q33_19
"How many of the following shapes have at least one pair of parallel sides?

rectangle, trapezium, regular octagon, kite, regular hexagon",,5,3,2,4,1,4,33,Geometry Properties,Multiple Choice,P4Q33_20
"How many of the following shapes have at least one pair of parallel sides?

equilateral triangle, trapezium, regular hexagon, parallelogram, kite",,0,1,2,5,3,3,33,Geometry Properties,Multiple Choice,P4Q33_21
"How many of the following shapes have at least one pair of parallel sides?

parallelogram, rectangle, isosceles triangle, trapezium, regular pentagon",,3,2,5,0,4,3,33,Geometry Properties,Multiple Choice,P4Q33_22
"How many of the following shapes have at least one pair of parallel sides?

regular hexagon, regular octagon, regular pentagon, kite, square",,3,0,4,1,5,3,33,Geometry Properties,Multiple Choice,P4Q33_23
"How many of the following shapes have at least one pair of parallel sides?

square, regular octagon, regular hexagon, scalene triangle, regular pentagon",,2,3,5,1,4,3,33,Geometry Properties,Multiple Choice,P4Q33_24
"How many of the following shapes have at least one pair of parallel sides?

rhombus, kite, isosceles triangle, regular hexagon, rectangle",,3,4,0,1,2,3,33,Geometry Properties,Multiple Choice,P4Q33_25
"How many of the following shapes have at least one pair of parallel sides?

isosceles triangle, trapezium, rectangle, kite, regular octagon",,0,5,2,3,1,3,33,Geometry Properties,Multiple Choice,P4Q33_26
"How many of the following shapes have at least one pair of parallel sides?

parallelogram, rectangle, square, equilateral triangle, regular pentagon",,2,4,5,3,1,3,33,Geometry Properties,Multiple Choice,P4Q33_27
"How many of the following shapes have at least one pair of parallel sides?

parallelogram, rectangle, equilateral triangle, regular hexagon, regular pentagon",,0,2,4,1,3,3,33,Geometry Properties,Multiple Choice,P4Q33_28
"How many of the following shapes have at least one pair of parallel sides?

trapezium, square, rhombus, rectangle, equilateral triangle",,1,2,3,4,5,4,33,Geometry Properties,Multiple Choice,P4Q33_29
"How many of the following shapes have at least one pair of parallel sides?

regular octagon, regular pentagon, rectangle, isosceles triangle, trapezium",,1,2,0,3,5,3,33,Geometry Properties,Multiple Choice,P4Q33_30
"How many of the following shapes have at least one pair of parallel sides?

regular octagon, trapezium, kite, regular hexagon, square",,2,3,4,0,1,4,33,Geometry Properties,Multiple Choice,P4Q33_31
"How many of the following shapes have at least one pair of parallel sides?

parallelogram, equilateral triangle, scalene triangle, isosceles triangle, regular octagon",,4,1,2,3,5,2,33,Geometry Properties,Multiple Choice,P4Q33_32
"How many of the following shapes have at least one pair of parallel sides?

equilateral triangle, rhombus, kite, isosceles triangle, regular pentagon",,3,1,2,5,0,1,33,Geometry Properties,Multiple Choice,P4Q33_33
"How many of the following shapes have at least one pair of parallel sides?

equilateral triangle, parallelogram, regular octagon, isosceles triangle, rectangle",,3,4,2,0,1,3,33,Geometry Properties,Multiple Choice,P4Q33_34
"How many of the following shapes have at least one pair of parallel sides?

kite, scalene triangle, regular hexagon, trapezium, rectangle",,4,0,2,3,1,3,33,Geometry Properties,Multiple Choice,P4Q33_35
"How many of the following shapes have at least one pair of parallel sides?

square, parallelogram, regular octagon, regular pentagon, rectangle",,4,1,3,2,0,4,33,Geometry Properties,Multiple Choice,P4Q33_36
"How many of the following shapes have at least one pair of parallel sides?

regular hexagon, parallelogram, rectangle, trapezium, equilateral triangle",,2,4,5,0,3,4,33,Geometry Properties,Multiple Choice,P4Q33_37
"How many of the following shapes have at least one pair of parallel sides?

regular pentagon, regular hexagon, scalene triangle, rectangle, square",,2,5,1,0,3,3,33,Geometry Properties,Multiple Choice,P4Q33_38
"How many of the following shapes have at least one pair of parallel sides?

regular hexagon, equilateral triangle, square, isosceles triangle, regular octagon",,5,4,2,0,3,3,33,Geometry Properties,Multiple Choice,P4Q33_39
"How many of the following shapes have at least one pair of parallel sides?

kite, parallelogram, scalene triangle, trapezium, regular pentagon",,1,3,2,5,0,2,33,Geometry Properties,Multiple Choice,P4Q33_40
"How many of the following shapes have at least one pair of parallel sides?

trapezium, kite, equilateral triangle, regular hexagon, parallelogram",,3,4,1,5,2,3,33,Geometry Properties,Multiple Choice,P4Q33_41
"How many of the following shapes have at least one pair of parallel sides?

regular hexagon, parallelogram, kite, equilateral triangle, isosceles triangle",,0,3,2,4,5,2,33,Geometry Properties,Multiple Choice,P4Q33_42
"How many of the following shapes have at least one pair of parallel sides?

rectangle, rhombus, regular octagon, regular hexagon, parallelogram",,0,3,5,4,1,5,33,Geometry Properties,Multiple Choice,P4Q33_43
"How many of the following shapes have at least one pair of parallel sides?

regular octagon, regular pentagon, kite, scalene triangle, rectangle",,3,2,0,1,4,2,33,Geometry Properties,Multiple Choice,P4Q33_44
"How many of the following shapes have at least one pair of parallel sides?

regular pentagon, rectangle, kite, regular hexagon, equilateral triangle",,0,3,2,1,4,2,33,Geometry Properties,Multiple Choice,P4Q33_45
"How many of the following shapes have at least one pair of parallel sides?

regular hexagon, isosceles triangle, regular octagon, rhombus, kite",,1,5,2,3,0,3,33,Geometry Properties,Multiple Choice,P4Q33_46
"How many of the following shapes have at least one pair of parallel sides?

trapezium, equilateral triangle, isosceles triangle, parallelogram, kite",,0,4,2,1,5,2,33,Geometry Properties,Multiple Choice,P4Q33_47
"How many of the following shapes have at least one pair of parallel sides?

rectangle, isosceles triangle, regular octagon, regular pentagon, square",,2,1,0,3,4,3,33,Geometry Properties,Multiple Choice,P4Q33_48
"How many of the following shapes have at least one pair of parallel sides?

kite, regular hexagon, scalene triangle, rectangle, trapezium",,2,5,1,3,4,3,33,Geometry Properties,Multiple Choice,P4Q33_49
"How many of the following shapes have at least one pair of parallel sides?

equilateral triangle, scalene triangle, regular octagon, parallelogram, rhombus",,1,3,5,2,0,3,33,Geometry Properties,Multiple Choice,P4Q33_50
"Class 5 are recording the outside temperature. On Tuesday morning, they read the temperature shown on the thermometer. During the day, the temperature rose 9°C. What was the temperature in the afternoon?",P2Q34_1.png,9°C,-12°C,-3°C,21°C,-21°C,-3°C,34,Measures,Image,P2Q34_1
"Class 5 are recording the outside temperature. On Tuesday morning, they read the temperature shown on the thermometer. During the day, the temperature rose 15°C. What was the temperature in the afternoon?",P2Q34_2.png,-11°C,15°C,-26°C,4°C,26°C,4°C,34,Measures,Image,P2Q34_2
"Class 5 are recording the outside temperature. On Tuesday morning, they read the temperature shown on the thermometer. During the day, the temperature rose 15°C. What was the temperature in the afternoon?",P2Q34_3.png,-18°C,15°C,12°C,-3°C,18°C,12°C,34,Measures,Image,P2Q34_3
"Class 5 are recording the outside temperature. On Tuesday morning, they read the temperature shown on the thermometer. During the day, the temperature rose 13°C. What was the temperature in the afternoon?",P2Q34_4.png,-11°C,13°C,-24°C,2°C,24°C,2°C,34,Measures,Image,P2Q34_4
"Class 5 are recording the outside temperature. On Tuesday morning, they read the temperature shown on the thermometer. During the day, the temperature rose 12°C. What was the temperature in the afternoon?",P2Q34_5.png,21°C,-9°C,-21°C,3°C,12°C,3°C,34,Measures,Image,P2Q34_5
"Class 5 are recording the outside temperature. On Tuesday morning, they read the temperature shown on the thermometer. During the day, the temperature rose 8°C. What was the temperature in the afternoon?",P2Q34_6.png,-8°C,16°C,-16°C,8°C,0°C,0°C,34,Measures,Image,P2Q34_6
"Class 5 are recording the outside temperature. On Tuesday morning, they read the temperature shown on the thermometer. During the day, the temperature rose 4°C. What was the temperature in the afternoon?",P2Q34_7.png,4°C,-4°C,12°C,-12°C,-8°C,-4°C,34,Measures,Image,P2Q34_7
"Class 5 are recording the outside temperature. On Tuesday morning, they read the temperature shown on the thermometer. During the day, the temperature rose 11°C. What was the temperature in the afternoon?",P2Q34_8.png,-23°C,23°C,-1°C,-12°C,11°C,-1°C,34,Measures,Image,P2Q34_8
"Class 5 are recording the outside temperature. On Tuesday morning, they read the temperature shown on the thermometer. During the day, the temperature rose 4°C. What was the temperature in the afternoon?",P2Q34_9.png,-10°C,-18°C,18°C,-14°C,4°C,-10°C,34,Measures,Image,P2Q34_9
"Class 5 are recording the outside temperature. On Tuesday morning, they read the temperature shown on the thermometer. During the day, the temperature rose 8°C. What was the temperature in the afternoon?",P2Q34_10.png,3°C,-13°C,8°C,13°C,-5°C,3°C,34,Measures,Image,P2Q34_10
"Class 5 are recording the outside temperature. On Tuesday morning, they read the temperature shown on the thermometer. During the day, the temperature rose 15°C. What was the temperature in the afternoon?",P2Q34_11.png,1°C,-29°C,-14°C,29°C,15°C,1°C,34,Measures,Image,P2Q34_11
"Class 5 are recording the outside temperature. On Tuesday morning, they read the temperature shown on the thermometer. During the day, the temperature rose 7°C. What was the temperature in the afternoon?",P2Q34_12.png,-16°C,16°C,-2°C,-9°C,7°C,-2°C,34,Measures,Image,P2Q34_12
"Class 5 are recording the outside temperature. On Tuesday morning, they read the temperature shown on the thermometer. During the day, the temperature rose 9°C. What was the temperature in the afternoon?",P2Q34_13.png,-8°C,-17°C,9°C,1°C,17°C,1°C,34,Measures,Image,P2Q34_13
"Class 5 are recording the outside temperature. On Tuesday morning, they read the temperature shown on the thermometer. During the day, the temperature rose 8°C. What was the temperature in the afternoon?",P2Q34_14.png,-13°C,8°C,-5°C,21°C,-21°C,-5°C,34,Measures,Image,P2Q34_14
"Class 5 are recording the outside temperature. On Tuesday morning, they read the temperature shown on the thermometer. During the day, the temperature rose 14°C. What was the temperature in the afternoon?",P2Q34_15.png,24°C,4°C,14°C,-10°C,-24°C,4°C,34,Measures,Image,P2Q34_15
"Class 5 are recording the outside temperature. On Tuesday morning, they read the temperature shown on the thermometer. During the day, the temperature rose 12°C. What was the temperature in the afternoon?",P2Q34_16.png,-7°C,-19°C,12°C,19°C,5°C,5°C,34,Measures,Image,P2Q34_16
"Class 5 are recording the outside temperature. On Tuesday morning, they read the temperature shown on the thermometer. During the day, the temperature rose 6°C. What was the temperature in the afternoon?",P2Q34_17.png,-12°C,18°C,-6°C,6°C,-18°C,-6°C,34,Measures,Image,P2Q34_17
"Class 5 are recording the outside temperature. On Tuesday morning, they read the temperature shown on the thermometer. During the day, the temperature rose 9°C. What was the temperature in the afternoon?",P2Q34_18.png,-17°C,9°C,17°C,-8°C,1°C,1°C,34,Measures,Image,P2Q34_18
"Class 5 are recording the outside temperature. On Tuesday morning, they read the temperature shown on the thermometer. During the day, the temperature rose 6°C. What was the temperature in the afternoon?",P2Q34_19.png,-4°C,-16°C,6°C,16°C,-10°C,-4°C,34,Measures,Image,P2Q34_19
"Class 5 are recording the outside temperature. On Tuesday morning, they read the temperature shown on the thermometer. During the day, the temperature rose 4°C. What was the temperature in the afternoon?",P2Q34_20.png,2°C,-6°C,-2°C,4°C,6°C,2°C,34,Measures,Image,P2Q34_20
This circle is divided into 12 equal sectors. It is rotated 90° clockwise about its centre. To which point on the circle is the arrow now pointing?,P3Q34_1.png,A,B,C,D,E,C,34,Shape and Space - Rotation,Multiple Choice,P3Q34_1
This circle is divided into 12 equal sectors. It is rotated 60° clockwise about its centre. To which point on the circle is the arrow now pointing?,P3Q34_2.png,A,B,C,D,E,B,34,Shape and Space - Rotation,Multiple Choice,P3Q34_2
This circle is divided into 12 equal sectors. It is rotated 30° clockwise about its centre. To which point on the circle is the arrow now pointing?,P3Q34_3.png,A,B,C,D,E,A,34,Shape and Space - Rotation,Multiple Choice,P3Q34_3
This circle is divided into 12 equal sectors. It is rotated 60° anticlockwise about its centre. To which point on the circle is the arrow now pointing?,P3Q34_4.png,A,B,C,D,E,C,34,Shape and Space - Rotation,Multiple Choice,P3Q34_4
This circle is divided into 12 equal sectors. It is rotated 150° anticlockwise about its centre. To which point on the circle is the arrow now pointing?,P3Q34_5.png,A,B,C,D,E,C,34,Shape and Space - Rotation,Multiple Choice,P3Q34_5
This circle is divided into 12 equal sectors. It is rotated 120° clockwise about its centre. To which point on the circle is the arrow now pointing?,P3Q34_6.png,A,B,C,D,E,B,34,Shape and Space - Rotation,Multiple Choice,P3Q34_6
This circle is divided into 12 equal sectors. It is rotated 90° anticlockwise about its centre. To which point on the circle is the arrow now pointing?,P3Q34_7.png,A,B,C,D,E,A,34,Shape and Space - Rotation,Multiple Choice,P3Q34_7
This circle is divided into 12 equal sectors. It is rotated 150° anticlockwise about its centre. To which point on the circle is the arrow now pointing?,P3Q34_8.png,A,B,C,D,E,B,34,Shape and Space - Rotation,Multiple Choice,P3Q34_8
This circle is divided into 12 equal sectors. It is rotated 60° clockwise about its centre. To which point on the circle is the arrow now pointing?,P3Q34_9.png,A,B,C,D,E,C,34,Shape and Space - Rotation,Multiple Choice,P3Q34_9
This circle is divided into 12 equal sectors. It is rotated 180° anticlockwise about its centre. To which point on the circle is the arrow now pointing?,P3Q34_10.png,A,B,C,D,E,C,34,Shape and Space - Rotation,Multiple Choice,P3Q34_10
This circle is divided into 12 equal sectors. It is rotated 30° clockwise about its centre. To which point on the circle is the arrow now pointing?,P3Q34_11.png,A,B,C,D,E,C,34,Shape and Space - Rotation,Multiple Choice,P3Q34_11
This circle is divided into 12 equal sectors. It is rotated 30° clockwise about its centre. To which point on the circle is the arrow now pointing?,P3Q34_12.png,A,B,C,D,E,D,34,Shape and Space - Rotation,Multiple Choice,P3Q34_12
This circle is divided into 12 equal sectors. It is rotated 60° anticlockwise about its centre. To which point on the circle is the arrow now pointing?,P3Q34_13.png,A,B,C,D,E,B,34,Shape and Space - Rotation,Multiple Choice,P3Q34_13
This circle is divided into 12 equal sectors. It is rotated 180° anticlockwise about its centre. To which point on the circle is the arrow now pointing?,P3Q34_14.png,A,B,C,D,E,A,34,Shape and Space - Rotation,Multiple Choice,P3Q34_14
This circle is divided into 12 equal sectors. It is rotated 150° clockwise about its centre. To which point on the circle is the arrow now pointing?,P3Q34_15.png,A,B,C,D,E,C,34,Shape and Space - Rotation,Multiple Choice,P3Q34_15
This circle is divided into 12 equal sectors. It is rotated 120° anticlockwise about its centre. To which point on the circle is the arrow now pointing?,P3Q34_16.png,A,B,C,D,E,E,34,Shape and Space - Rotation,Multiple Choice,P3Q34_16
This circle is divided into 12 equal sectors. It is rotated 120° anticlockwise about its centre. To which point on the circle is the arrow now pointing?,P3Q34_17.png,A,B,C,D,E,A,34,Shape and Space - Rotation,Multiple Choice,P3Q34_17
This circle is divided into 12 equal sectors. It is rotated 90° clockwise about its centre. To which point on the circle is the arrow now pointing?,P3Q34_18.png,A,B,C,D,E,A,34,Shape and Space - Rotation,Multiple Choice,P3Q34_18
This circle is divided into 12 equal sectors. It is rotated 60° clockwise about its centre. To which point on the circle is the arrow now pointing?,P3Q34_19.png,A,B,C,D,E,A,34,Shape and Space - Rotation,Multiple Choice,P3Q34_19
This circle is divided into 12 equal sectors. It is rotated 30° anticlockwise about its centre. To which point on the circle is the arrow now pointing?,P3Q34_20.png,A,B,C,D,E,D,34,Shape and Space - Rotation,Multiple Choice,P3Q34_20
"There are 66 passenger seats on a bus.
The bus left the garage without passengers.
At the first stop, 13 people got on.
At the second stop, 13 people got on.
At the third stop, 13 people got on and 3 got off.
At the fourth stop, 5 people got on and 6 got off.
How many empty seats are there now?",,35,21,31,29,41,31,34,Calculations,Multiple Choice,P4Q34_1
"There are 66 passenger seats on a bus.
The bus left the garage without passengers.
At the first stop, 7 people got on.
At the second stop, 13 people got on.
At the third stop, 10 people got on and 1 got off.
At the fourth stop, 8 people got on and 10 got off.
How many empty seats are there now?",,44,39,41,27,49,39,34,Calculations,Multiple Choice,P4Q34_2
"There are 66 passenger seats on a bus.
The bus left the garage without passengers.
At the first stop, 9 people got on.
At the second stop, 9 people got on.
At the third stop, 7 people got on and 3 got off.
At the fourth stop, 8 people got on and 9 got off.
How many empty seats are there now?",,43,45,46,47,21,45,34,Calculations,Multiple Choice,P4Q34_3
"There are 70 passenger seats on a bus.
The bus left the garage without passengers.
At the first stop, 13 people got on.
At the second stop, 8 people got on.
At the third stop, 7 people got on and 2 got off.
At the fourth stop, 6 people got on and 10 got off.
How many empty seats are there now?",,48,22,49,50,43,48,34,Calculations,Multiple Choice,P4Q34_4
"There are 50 passenger seats on a bus.
The bus left the garage without passengers.
At the first stop, 10 people got on.
At the second stop, 8 people got on.
At the third stop, 5 people got on and 5 got off.
At the fourth stop, 9 people got on and 9 got off.
How many empty seats are there now?",,22,32,31,37,18,32,34,Calculations,Multiple Choice,P4Q34_5
"There are 60 passenger seats on a bus.
The bus left the garage without passengers.
At the first stop, 14 people got on.
At the second stop, 8 people got on.
At the third stop, 14 people got on and 3 got off.
At the fourth stop, 11 people got on and 6 got off.
How many empty seats are there now?",,32,20,23,12,38,22,34,Calculations,Multiple Choice,P4Q34_6
"There are 50 passenger seats on a bus.
The bus left the garage without passengers.
At the first stop, 8 people got on.
At the second stop, 14 people got on.
At the third stop, 17 people got on and 2 got off.
At the fourth stop, 17 people got on and 6 got off.
How many empty seats are there now?",,7,3,2,-3,48,2,34,Calculations,Multiple Choice,P4Q34_7
"There are 66 passenger seats on a bus.
The bus left the garage without passengers.
At the first stop, 8 people got on.
At the second stop, 15 people got on.
At the third stop, 8 people got on and 1 got off.
At the fourth stop, 12 people got on and 6 got off.
How many empty seats are there now?",,20,30,25,36,28,30,34,Calculations,Multiple Choice,P4Q34_8
"There are 66 passenger seats on a bus.
The bus left the garage without passengers.
At the first stop, 15 people got on.
At the second stop, 14 people got on.
At the third stop, 17 people got on and 3 got off.
At the fourth stop, 13 people got on and 5 got off.
How many empty seats are there now?",,15,17,13,51,5,15,34,Calculations,Multiple Choice,P4Q34_9
"There are 66 passenger seats on a bus.
The bus left the garage without passengers.
At the first stop, 7 people got on.
At the second stop, 9 people got on.
At the third stop, 12 people got on and 4 got off.
At the fourth stop, 6 people got on and 7 got off.
How many empty seats are there now?",,38,23,33,48,43,43,34,Calculations,Multiple Choice,P4Q34_10
"There are 66 passenger seats on a bus.
The bus left the garage without passengers.
At the first stop, 10 people got on.
At the second stop, 7 people got on.
At the third stop, 20 people got on and 5 got off.
At the fourth stop, 12 people got on and 10 got off.
How many empty seats are there now?",,37,30,32,42,34,32,34,Calculations,Multiple Choice,P4Q34_11
"There are 50 passenger seats on a bus.
The bus left the garage without passengers.
At the first stop, 5 people got on.
At the second stop, 9 people got on.
At the third stop, 18 people got on and 4 got off.
At the fourth stop, 20 people got on and 8 got off.
How many empty seats are there now?",,11,15,10,40,5,10,34,Calculations,Multiple Choice,P4Q34_12
"There are 50 passenger seats on a bus.
The bus left the garage without passengers.
At the first stop, 9 people got on.
At the second stop, 8 people got on.
At the third stop, 19 people got on and 2 got off.
At the fourth stop, 7 people got on and 5 got off.
How many empty seats are there now?",,24,36,14,12,16,14,34,Calculations,Multiple Choice,P4Q34_13
"There are 50 passenger seats on a bus.
The bus left the garage without passengers.
At the first stop, 7 people got on.
At the second stop, 9 people got on.
At the third stop, 9 people got on and 5 got off.
At the fourth stop, 5 people got on and 10 got off.
How many empty seats are there now?",,36,30,15,25,45,35,34,Calculations,Multiple Choice,P4Q34_14
"There are 70 passenger seats on a bus.
The bus left the garage without passengers.
At the first stop, 5 people got on.
At the second stop, 8 people got on.
At the third stop, 8 people got on and 3 got off.
At the fourth stop, 8 people got on and 8 got off.
How many empty seats are there now?",,51,50,54,47,18,52,34,Calculations,Multiple Choice,P4Q34_15
"There are 60 passenger seats on a bus.
The bus left the garage without passengers.
At the first stop, 15 people got on.
At the second stop, 13 people got on.
At the third stop, 16 people got on and 5 got off.
At the fourth stop, 6 people got on and 10 got off.
How many empty seats are there now?",,30,27,35,24,25,25,34,Calculations,Multiple Choice,P4Q34_16
"There are 72 passenger seats on a bus.
The bus left the garage without passengers.
At the first stop, 12 people got on.
At the second stop, 5 people got on.
At the third stop, 18 people got on and 3 got off.
At the fourth stop, 6 people got on and 9 got off.
How many empty seats are there now?",,43,44,38,29,41,43,34,Calculations,Multiple Choice,P4Q34_17
"There are 72 passenger seats on a bus.
The bus left the garage without passengers.
At the first stop, 12 people got on.
At the second stop, 15 people got on.
At the third stop, 5 people got on and 5 got off.
At the fourth stop, 11 people got on and 5 got off.
How many empty seats are there now?",,33,34,44,38,37,39,34,Calculations,Multiple Choice,P4Q34_18
"There are 60 passenger seats on a bus.
The bus left the garage without passengers.
At the first stop, 6 people got on.
At the second stop, 7 people got on.
At the third stop, 6 people got on and 5 got off.
At the fourth stop, 7 people got on and 7 got off.
How many empty seats are there now?",,56,48,36,14,46,46,34,Calculations,Multiple Choice,P4Q34_19
"There are 70 passenger seats on a bus.
The bus left the garage without passengers.
At the first stop, 9 people got on.
At the second stop, 9 people got on.
At the third stop, 6 people got on and 3 got off.
At the fourth stop, 5 people got on and 5 got off.
How many empty seats are there now?",,39,59,51,21,47,49,34,Calculations,Multiple Choice,P4Q34_20
"There are 72 passenger seats on a bus.
The bus left the garage without passengers.
At the first stop, 12 people got on.
At the second stop, 10 people got on.
At the third stop, 20 people got on and 5 got off.
At the fourth stop, 17 people got on and 8 got off.
How many empty seats are there now?",,25,31,26,21,46,26,34,Calculations,Multiple Choice,P4Q34_21
"There are 50 passenger seats on a bus.
The bus left the garage without passengers.
At the first stop, 13 people got on.
At the second stop, 5 people got on.
At the third stop, 19 people got on and 1 got off.
At the fourth stop, 16 people got on and 10 got off.
How many empty seats are there now?",,-2,8,13,9,42,8,34,Calculations,Multiple Choice,P4Q34_22
"There are 50 passenger seats on a bus.
The bus left the garage without passengers.
At the first stop, 5 people got on.
At the second stop, 9 people got on.
At the third stop, 11 people got on and 2 got off.
At the fourth stop, 17 people got on and 10 got off.
How many empty seats are there now?",,30,21,20,22,18,20,34,Calculations,Multiple Choice,P4Q34_23
"There are 72 passenger seats on a bus.
The bus left the garage without passengers.
At the first stop, 5 people got on.
At the second stop, 10 people got on.
At the third stop, 16 people got on and 5 got off.
At the fourth stop, 14 people got on and 8 got off.
How many empty seats are there now?",,42,32,30,45,38,40,34,Calculations,Multiple Choice,P4Q34_24
"There are 60 passenger seats on a bus.
The bus left the garage without passengers.
At the first stop, 12 people got on.
At the second stop, 15 people got on.
At the third stop, 16 people got on and 1 got off.
At the fourth stop, 13 people got on and 10 got off.
How many empty seats are there now?",,45,15,17,14,10,15,34,Calculations,Multiple Choice,P4Q34_25
"There are 70 passenger seats on a bus.
The bus left the garage without passengers.
At the first stop, 5 people got on.
At the second stop, 11 people got on.
At the third stop, 8 people got on and 1 got off.
At the fourth stop, 5 people got on and 7 got off.
How many empty seats are there now?",,49,21,39,47,48,49,34,Calculations,Multiple Choice,P4Q34_26
"There are 60 passenger seats on a bus.
The bus left the garage without passengers.
At the first stop, 12 people got on.
At the second stop, 9 people got on.
At the third stop, 5 people got on and 1 got off.
At the fourth stop, 20 people got on and 5 got off.
How many empty seats are there now?",,18,10,21,20,40,20,34,Calculations,Multiple Choice,P4Q34_27
"There are 50 passenger seats on a bus.
The bus left the garage without passengers.
At the first stop, 12 people got on.
At the second stop, 10 people got on.
At the third stop, 10 people got on and 3 got off.
At the fourth stop, 7 people got on and 8 got off.
How many empty seats are there now?",,22,32,27,23,28,22,34,Calculations,Multiple Choice,P4Q34_28
"There are 70 passenger seats on a bus.
The bus left the garage without passengers.
At the first stop, 6 people got on.
At the second stop, 10 people got on.
At the third stop, 16 people got on and 1 got off.
At the fourth stop, 8 people got on and 10 got off.
How many empty seats are there now?",,31,42,46,29,41,41,34,Calculations,Multiple Choice,P4Q34_29
"There are 70 passenger seats on a bus.
The bus left the garage without passengers.
At the first stop, 9 people got on.
At the second stop, 12 people got on.
At the third stop, 20 people got on and 1 got off.
At the fourth stop, 20 people got on and 5 got off.
How many empty seats are there now?",,17,55,10,16,15,15,34,Calculations,Multiple Choice,P4Q34_30
"There are 66 passenger seats on a bus.
The bus left the garage without passengers.
At the first stop, 8 people got on.
At the second stop, 13 people got on.
At the third stop, 9 people got on and 4 got off.
At the fourth stop, 10 people got on and 6 got off.
How many empty seats are there now?",,34,36,38,30,35,36,34,Calculations,Multiple Choice,P4Q34_31
"There are 70 passenger seats on a bus.
The bus left the garage without passengers.
At the first stop, 7 people got on.
At the second stop, 5 people got on.
At the third stop, 11 people got on and 2 got off.
At the fourth stop, 15 people got on and 5 got off.
How many empty seats are there now?",,38,31,39,40,34,39,34,Calculations,Multiple Choice,P4Q34_32
"There are 70 passenger seats on a bus.
The bus left the garage without passengers.
At the first stop, 15 people got on.
At the second stop, 12 people got on.
At the third stop, 14 people got on and 2 got off.
At the fourth stop, 18 people got on and 7 got off.
How many empty seats are there now?",,20,50,22,15,18,20,34,Calculations,Multiple Choice,P4Q34_33
"There are 50 passenger seats on a bus.
The bus left the garage without passengers.
At the first stop, 15 people got on.
At the second stop, 13 people got on.
At the third stop, 9 people got on and 5 got off.
At the fourth stop, 7 people got on and 7 got off.
How many empty seats are there now?",,17,16,32,19,28,18,34,Calculations,Multiple Choice,P4Q34_34
"There are 60 passenger seats on a bus.
The bus left the garage without passengers.
At the first stop, 6 people got on.
At the second stop, 10 people got on.
At the third stop, 18 people got on and 4 got off.
At the fourth stop, 10 people got on and 9 got off.
How many empty seats are there now?",,34,24,31,28,29,29,34,Calculations,Multiple Choice,P4Q34_35
"There are 66 passenger seats on a bus.
The bus left the garage without passengers.
At the first stop, 12 people got on.
At the second stop, 10 people got on.
At the third stop, 5 people got on and 4 got off.
At the fourth stop, 18 people got on and 8 got off.
How many empty seats are there now?",,33,34,32,35,28,33,34,Calculations,Multiple Choice,P4Q34_36
"There are 50 passenger seats on a bus.
The bus left the garage without passengers.
At the first stop, 9 people got on.
At the second stop, 13 people got on.
At the third stop, 5 people got on and 2 got off.
At the fourth stop, 7 people got on and 9 got off.
How many empty seats are there now?",,28,17,32,23,22,27,34,Calculations,Multiple Choice,P4Q34_37
"There are 66 passenger seats on a bus.
The bus left the garage without passengers.
At the first stop, 8 people got on.
At the second stop, 6 people got on.
At the third stop, 7 people got on and 2 got off.
At the fourth stop, 5 people got on and 7 got off.
How many empty seats are there now?",,49,44,51,59,17,49,34,Calculations,Multiple Choice,P4Q34_38
"There are 70 passenger seats on a bus.
The bus left the garage without passengers.
At the first stop, 11 people got on.
At the second stop, 10 people got on.
At the third stop, 14 people got on and 3 got off.
At the fourth stop, 16 people got on and 5 got off.
How many empty seats are there now?",,43,22,29,27,17,27,34,Calculations,Multiple Choice,P4Q34_39
"There are 70 passenger seats on a bus.
The bus left the garage without passengers.
At the first stop, 13 people got on.
At the second stop, 10 people got on.
At the third stop, 9 people got on and 1 got off.
At the fourth stop, 13 people got on and 7 got off.
How many empty seats are there now?",,43,32,33,37,35,33,34,Calculations,Multiple Choice,P4Q34_40
"There are 50 passenger seats on a bus.
The bus left the garage without passengers.
At the first stop, 14 people got on.
At the second stop, 15 people got on.
At the third stop, 8 people got on and 2 got off.
At the fourth stop, 12 people got on and 5 got off.
How many empty seats are there now?",,42,10,8,7,3,8,34,Calculations,Multiple Choice,P4Q34_41
"There are 70 passenger seats on a bus.
The bus left the garage without passengers.
At the first stop, 13 people got on.
At the second stop, 6 people got on.
At the third stop, 6 people got on and 3 got off.
At the fourth stop, 14 people got on and 8 got off.
How many empty seats are there now?",,28,42,52,43,32,42,34,Calculations,Multiple Choice,P4Q34_42
"There are 70 passenger seats on a bus.
The bus left the garage without passengers.
At the first stop, 15 people got on.
At the second stop, 6 people got on.
At the third stop, 20 people got on and 5 got off.
At the fourth stop, 7 people got on and 8 got off.
How many empty seats are there now?",,34,25,35,33,36,35,34,Calculations,Multiple Choice,P4Q34_43
"There are 72 passenger seats on a bus.
The bus left the garage without passengers.
At the first stop, 6 people got on.
At the second stop, 6 people got on.
At the third stop, 7 people got on and 4 got off.
At the fourth stop, 11 people got on and 9 got off.
How many empty seats are there now?",,17,55,60,56,57,55,34,Calculations,Multiple Choice,P4Q34_44
"There are 70 passenger seats on a bus.
The bus left the garage without passengers.
At the first stop, 9 people got on.
At the second stop, 6 people got on.
At the third stop, 13 people got on and 3 got off.
At the fourth stop, 7 people got on and 8 got off.
How many empty seats are there now?",,24,56,41,46,45,46,34,Calculations,Multiple Choice,P4Q34_45
"There are 66 passenger seats on a bus.
The bus left the garage without passengers.
At the first stop, 12 people got on.
At the second stop, 14 people got on.
At the third stop, 9 people got on and 1 got off.
At the fourth stop, 10 people got on and 7 got off.
How many empty seats are there now?",,27,29,30,28,37,29,34,Calculations,Multiple Choice,P4Q34_46
"There are 60 passenger seats on a bus.
The bus left the garage without passengers.
At the first stop, 11 people got on.
At the second stop, 7 people got on.
At the third stop, 19 people got on and 1 got off.
At the fourth stop, 14 people got on and 10 got off.
How many empty seats are there now?",,25,20,10,40,18,20,34,Calculations,Multiple Choice,P4Q34_47
"There are 72 passenger seats on a bus.
The bus left the garage without passengers.
At the first stop, 7 people got on.
At the second stop, 6 people got on.
At the third stop, 12 people got on and 2 got off.
At the fourth stop, 7 people got on and 6 got off.
How many empty seats are there now?",,24,53,49,38,48,48,34,Calculations,Multiple Choice,P4Q34_48
"There are 70 passenger seats on a bus.
The bus left the garage without passengers.
At the first stop, 13 people got on.
At the second stop, 8 people got on.
At the third stop, 15 people got on and 4 got off.
At the fourth stop, 13 people got on and 5 got off.
How many empty seats are there now?",,30,28,40,35,29,30,34,Calculations,Multiple Choice,P4Q34_49
"There are 60 passenger seats on a bus.
The bus left the garage without passengers.
At the first stop, 5 people got on.
At the second stop, 7 people got on.
At the third stop, 14 people got on and 1 got off.
At the fourth stop, 15 people got on and 9 got off.
How many empty seats are there now?",,28,29,30,39,31,29,34,Calculations,Multiple Choice,P4Q34_50
"34 children were asked whether they like Cooking, Dancing and Hiking. Their answers are shown in this diagram. How many children like both Cooking and Hiking, but NOT Dancing?",P2Q35_1.png,2,12,5,13,7,7,35,Venn Diagrams,Image,P2Q35_1
"34 children were asked whether they like Dancing, Hiking and Music. Their answers are shown in this diagram. How many children like both Dancing and Music, but NOT Hiking?",P2Q35_2.png,11,3,2,6,8,2,35,Venn Diagrams,Image,P2Q35_2
"51 children were asked whether they like Basketball, Coding and Cooking. Their answers are shown in this diagram. How many children like both Coding and Cooking, but NOT Basketball?",P2Q35_3.png,6,8,5,7,14,6,35,Venn Diagrams,Image,P2Q35_3
"30 children were asked whether they like Gaming, Basketball and Music. Their answers are shown in this diagram. How many children like both Basketball and Music, but NOT Gaming?",P2Q35_4.png,14,6,10,2,8,8,35,Venn Diagrams,Image,P2Q35_4
"37 children were asked whether they like Running, Chess and Swimming. Their answers are shown in this diagram. How many children like both Running and Swimming, but NOT Chess?",P2Q35_5.png,3,2,13,5,8,5,35,Venn Diagrams,Image,P2Q35_5
"36 children were asked whether they like Swimming, Reading and Chess. Their answers are shown in this diagram. How many children like both Swimming and Reading, but NOT Chess?",P2Q35_6.png,13,5,6,7,9,6,35,Venn Diagrams,Image,P2Q35_6
"28 children were asked whether they like Dancing, Art and Cooking. Their answers are shown in this diagram. How many children like both Dancing and Cooking, but NOT Art?",P2Q35_7.png,10,4,8,12,2,2,35,Venn Diagrams,Image,P2Q35_7
"50 children were asked whether they like Coding, Gaming and Chess. Their answers are shown in this diagram. How many children like both Coding and Gaming, but NOT Chess?",P2Q35_8.png,10,5,8,3,7,5,35,Venn Diagrams,Image,P2Q35_8
"37 children were asked whether they like Basketball, Cooking and Swimming. Their answers are shown in this diagram. How many children like both Basketball and Cooking, but NOT Swimming?",P2Q35_9.png,6,2,4,7,10,2,35,Venn Diagrams,Image,P2Q35_9
"32 children were asked whether they like Art, Swimming and Dancing. Their answers are shown in this diagram. How many children like both Art and Dancing, but NOT Swimming?",P2Q35_10.png,3,1,8,2,4,1,35,Venn Diagrams,Image,P2Q35_10
"33 children were asked whether they like Tennis, Gaming and Coding. Their answers are shown in this diagram. How many children like both Tennis and Coding, but NOT Gaming?",P2Q35_11.png,5,1,6,3,2,1,35,Venn Diagrams,Image,P2Q35_11
"45 children were asked whether they like Tennis, Hiking and Running. Their answers are shown in this diagram. How many children like both Tennis and Running, but NOT Hiking?",P2Q35_12.png,3,5,8,4,12,3,35,Venn Diagrams,Image,P2Q35_12
"28 children were asked whether they like Cycling, Art and Dancing. Their answers are shown in this diagram. How many children like both Cycling and Dancing, but NOT Art?",P2Q35_13.png,8,1,6,10,2,2,35,Venn Diagrams,Image,P2Q35_13
"41 children were asked whether they like Hiking, Cycling and Football. Their answers are shown in this diagram. How many children like both Hiking and Football, but NOT Cycling?",P2Q35_14.png,8,1,9,7,4,1,35,Venn Diagrams,Image,P2Q35_14
"36 children were asked whether they like Cooking, Dancing and Swimming. Their answers are shown in this diagram. How many children like both Cooking and Dancing, but NOT Swimming?",P2Q35_15.png,1,6,8,9,3,1,35,Venn Diagrams,Image,P2Q35_15
"31 children were asked whether they like Football, Coding and Dancing. Their answers are shown in this diagram. How many children like both Football and Coding, but NOT Dancing?",P2Q35_16.png,4,7,3,1,5,3,35,Venn Diagrams,Image,P2Q35_16
"34 children were asked whether they like Running, Cooking and Tennis. Their answers are shown in this diagram. How many children like both Cooking and Tennis, but NOT Running?",P2Q35_17.png,4,8,1,6,7,7,35,Venn Diagrams,Image,P2Q35_17
"43 children were asked whether they like Tennis, Basketball and Reading. Their answers are shown in this diagram. How many children like both Basketball and Reading, but NOT Tennis?",P2Q35_18.png,3,7,5,10,15,7,35,Venn Diagrams,Image,P2Q35_18
"41 children were asked whether they like Reading, Swimming and Dancing. Their answers are shown in this diagram. How many children like both Reading and Dancing, but NOT Swimming?",P2Q35_19.png,6,5,13,14,7,7,35,Venn Diagrams,Image,P2Q35_19
"40 children were asked whether they like Basketball, Chess and Music. Their answers are shown in this diagram. How many children like both Basketball and Chess, but NOT Music?",P2Q35_20.png,6,11,8,1,5,5,35,Venn Diagrams,Image,P2Q35_20
Which fraction is equivalent to $\frac{18}{24}$?,,$\frac{4}{3}$,$\frac{4}{4}$,$\frac{3}{4}$,$\frac{5}{8}$,$\frac{3}{3}$,$\frac{3}{4}$,35,Number - Fractions,Multiple Choice,P3Q35_1
Which fraction is equivalent to $\frac{12}{15}$?,,$\frac{1}{2}$,$\frac{5}{4}$,$\frac{4}{5}$,$\frac{5}{5}$,$\frac{4}{4}$,$\frac{4}{5}$,35,Number - Fractions,Multiple Choice,P3Q35_2
Which fraction is equivalent to $\frac{6}{24}$?,,$\frac{3}{4}$,$\frac{1}{4}$,$\frac{4}{1}$,$\frac{1}{3}$,$\frac{2}{4}$,$\frac{1}{4}$,35,Number - Fractions,Multiple Choice,P3Q35_3
Which fraction is equivalent to $\frac{25}{30}$?,,$\frac{5}{6}$,$\frac{6}{5}$,$\frac{1}{5}$,$\frac{6}{6}$,$\frac{5}{5}$,$\frac{5}{6}$,35,Number - Fractions,Multiple Choice,P3Q35_4
Which fraction is equivalent to $\frac{6}{30}$?,,$\frac{5}{1}$,$\frac{1}{4}$,$\frac{2}{5}$,$\frac{1}{5}$,$\frac{1}{3}$,$\frac{1}{5}$,35,Number - Fractions,Multiple Choice,P3Q35_5
Which fraction is equivalent to $\frac{10}{60}$?,,$\frac{6}{1}$,$\frac{2}{6}$,$\frac{1}{6}$,$\frac{1}{5}$,$\frac{5}{6}$,$\frac{1}{6}$,35,Number - Fractions,Multiple Choice,P3Q35_6
Which fraction is equivalent to $\frac{18}{24}$?,,$\frac{4}{3}$,$\frac{3}{3}$,$\frac{4}{4}$,$\frac{3}{4}$,$\frac{5}{6}$,$\frac{3}{4}$,35,Number - Fractions,Multiple Choice,P3Q35_7
Which fraction is equivalent to $\frac{12}{60}$?,,$\frac{1}{3}$,$\frac{2}{5}$,$\frac{1}{4}$,$\frac{5}{1}$,$\frac{1}{5}$,$\frac{1}{5}$,35,Number - Fractions,Multiple Choice,P3Q35_8
Which fraction is equivalent to $\frac{10}{50}$?,,$\frac{2}{5}$,$\frac{5}{1}$,$\frac{1}{3}$,$\frac{1}{5}$,$\frac{1}{4}$,$\frac{1}{5}$,35,Number - Fractions,Multiple Choice,P3Q35_9
Which fraction is equivalent to $\frac{36}{48}$?,,$\frac{3}{3}$,$\frac{1}{2}$,$\frac{4}{3}$,$\frac{3}{4}$,$\frac{4}{4}$,$\frac{3}{4}$,35,Number - Fractions,Multiple Choice,P3Q35_10
Which fraction is equivalent to $\frac{5}{40}$?,,$\frac{1}{8}$,$\frac{2}{8}$,$\frac{1}{7}$,$\frac{8}{1}$,$\frac{1}{2}$,$\frac{1}{8}$,35,Number - Fractions,Multiple Choice,P3Q35_11
Which fraction is equivalent to $\frac{24}{36}$?,,$\frac{3}{3}$,$\frac{1}{5}$,$\frac{3}{2}$,$\frac{2}{3}$,$\frac{2}{2}$,$\frac{2}{3}$,35,Number - Fractions,Multiple Choice,P3Q35_12
Which fraction is equivalent to $\frac{70}{80}$?,,$\frac{4}{5}$,$\frac{7}{7}$,$\frac{7}{8}$,$\frac{8}{7}$,$\frac{8}{8}$,$\frac{7}{8}$,35,Number - Fractions,Multiple Choice,P3Q35_13
Which fraction is equivalent to $\frac{56}{64}$?,,$\frac{7}{7}$,$\frac{4}{5}$,$\frac{8}{8}$,$\frac{8}{7}$,$\frac{7}{8}$,$\frac{7}{8}$,35,Number - Fractions,Multiple Choice,P3Q35_14
Which fraction is equivalent to $\frac{5}{40}$?,,$\frac{3}{4}$,$\frac{8}{1}$,$\frac{2}{8}$,$\frac{1}{8}$,$\frac{1}{7}$,$\frac{1}{8}$,35,Number - Fractions,Multiple Choice,P3Q35_15
Which fraction is equivalent to $\frac{42}{48}$?,,$\frac{4}{5}$,$\frac{8}{8}$,$\frac{7}{8}$,$\frac{8}{7}$,$\frac{7}{7}$,$\frac{7}{8}$,35,Number - Fractions,Multiple Choice,P3Q35_16
Which fraction is equivalent to $\frac{10}{20}$?,,$\frac{1}{2}$,$\frac{2}{2}$,$\frac{2}{1}$,$\frac{5}{6}$,$\frac{1}{5}$,$\frac{1}{2}$,35,Number - Fractions,Multiple Choice,P3Q35_17
Which fraction is equivalent to $\frac{30}{48}$?,,$\frac{1}{2}$,$\frac{8}{5}$,$\frac{5}{8}$,$\frac{6}{8}$,$\frac{5}{7}$,$\frac{5}{8}$,35,Number - Fractions,Multiple Choice,P3Q35_18
Which fraction is equivalent to $\frac{6}{48}$?,,$\frac{1}{7}$,$\frac{8}{1}$,$\frac{1}{8}$,$\frac{2}{8}$,$\frac{5}{8}$,$\frac{1}{8}$,35,Number - Fractions,Multiple Choice,P3Q35_19
Which fraction is equivalent to $\frac{12}{96}$?,,$\frac{3}{5}$,$\frac{2}{8}$,$\frac{1}{7}$,$\frac{1}{8}$,$\frac{8}{1}$,$\frac{1}{8}$,35,Number - Fractions,Multiple Choice,P3Q35_20
Which fraction is equivalent to $\frac{5}{25}$?,,$\frac{5}{1}$,$\frac{7}{8}$,$\frac{1}{4}$,$\frac{1}{5}$,$\frac{2}{5}$,$\frac{1}{5}$,35,Number - Fractions,Multiple Choice,P3Q35_21
Which fraction is equivalent to $\frac{35}{40}$?,,$\frac{3}{5}$,$\frac{8}{8}$,$\frac{7}{7}$,$\frac{8}{7}$,$\frac{7}{8}$,$\frac{7}{8}$,35,Number - Fractions,Multiple Choice,P3Q35_22
Which fraction is equivalent to $\frac{15}{25}$?,,$\frac{3}{4}$,$\frac{4}{5}$,$\frac{5}{3}$,$\frac{3}{5}$,$\frac{5}{8}$,$\frac{3}{5}$,35,Number - Fractions,Multiple Choice,P3Q35_23
Which fraction is equivalent to $\frac{10}{16}$?,,$\frac{5}{6}$,$\frac{5}{8}$,$\frac{6}{8}$,$\frac{5}{7}$,$\frac{8}{5}$,$\frac{5}{8}$,35,Number - Fractions,Multiple Choice,P3Q35_24
Which fraction is equivalent to $\frac{40}{50}$?,,$\frac{5}{4}$,$\frac{1}{4}$,$\frac{4}{5}$,$\frac{4}{4}$,$\frac{5}{5}$,$\frac{4}{5}$,35,Number - Fractions,Multiple Choice,P3Q35_25
Which fraction is equivalent to $\frac{12}{16}$?,,$\frac{5}{6}$,$\frac{4}{4}$,$\frac{3}{3}$,$\frac{4}{3}$,$\frac{3}{4}$,$\frac{3}{4}$,35,Number - Fractions,Multiple Choice,P3Q35_26
Which fraction is equivalent to $\frac{3}{12}$?,,$\frac{1}{3}$,$\frac{2}{4}$,$\frac{5}{8}$,$\frac{1}{4}$,$\frac{4}{1}$,$\frac{1}{4}$,35,Number - Fractions,Multiple Choice,P3Q35_27
Which fraction is equivalent to $\frac{4}{12}$?,,$\frac{2}{3}$,$\frac{1}{2}$,$\frac{1}{3}$,$\frac{4}{5}$,$\frac{3}{1}$,$\frac{1}{3}$,35,Number - Fractions,Multiple Choice,P3Q35_28
Which fraction is equivalent to $\frac{6}{48}$?,,$\frac{8}{1}$,$\frac{1}{7}$,$\frac{3}{8}$,$\frac{2}{8}$,$\frac{1}{8}$,$\frac{1}{8}$,35,Number - Fractions,Multiple Choice,P3Q35_29
Which fraction is equivalent to $\frac{18}{48}$?,,$\frac{8}{3}$,$\frac{3}{5}$,$\frac{3}{8}$,$\frac{4}{8}$,$\frac{3}{7}$,$\frac{3}{8}$,35,Number - Fractions,Multiple Choice,P3Q35_30
Which fraction is equivalent to $\frac{20}{50}$?,,$\frac{1}{5}$,$\frac{2}{4}$,$\frac{5}{2}$,$\frac{2}{5}$,$\frac{3}{5}$,$\frac{2}{5}$,35,Number - Fractions,Multiple Choice,P3Q35_31
Which fraction is equivalent to $\frac{2}{12}$?,,$\frac{1}{6}$,$\frac{2}{6}$,$\frac{1}{5}$,$\frac{6}{1}$,$\frac{1}{2}$,$\frac{1}{6}$,35,Number - Fractions,Multiple Choice,P3Q35_32
Which fraction is equivalent to $\frac{50}{80}$?,,$\frac{5}{7}$,$\frac{5}{8}$,$\frac{6}{8}$,$\frac{3}{8}$,$\frac{8}{5}$,$\frac{5}{8}$,35,Number - Fractions,Multiple Choice,P3Q35_33
Which fraction is equivalent to $\frac{48}{60}$?,,$\frac{5}{4}$,$\frac{4}{4}$,$\frac{1}{4}$,$\frac{5}{5}$,$\frac{4}{5}$,$\frac{4}{5}$,35,Number - Fractions,Multiple Choice,P3Q35_34
Which fraction is equivalent to $\frac{20}{24}$?,,$\frac{5}{6}$,$\frac{6}{5}$,$\frac{6}{6}$,$\frac{5}{5}$,$\frac{1}{6}$,$\frac{5}{6}$,35,Number - Fractions,Multiple Choice,P3Q35_35
Which fraction is equivalent to $\frac{5}{25}$?,,$\frac{5}{1}$,$\frac{1}{4}$,$\frac{1}{5}$,$\frac{2}{5}$,$\frac{4}{5}$,$\frac{1}{5}$,35,Number - Fractions,Multiple Choice,P3Q35_36
Which fraction is equivalent to $\frac{6}{18}$?,,$\frac{3}{5}$,$\frac{1}{3}$,$\frac{1}{2}$,$\frac{3}{1}$,$\frac{2}{3}$,$\frac{1}{3}$,35,Number - Fractions,Multiple Choice,P3Q35_37
Which fraction is equivalent to $\frac{3}{15}$?,,$\frac{1}{2}$,$\frac{1}{5}$,$\frac{1}{4}$,$\frac{5}{1}$,$\frac{2}{5}$,$\frac{1}{5}$,35,Number - Fractions,Multiple Choice,P3Q35_38
Which fraction is equivalent to $\frac{8}{64}$?,,$\frac{1}{8}$,$\frac{1}{6}$,$\frac{8}{1}$,$\frac{2}{8}$,$\frac{1}{7}$,$\frac{1}{8}$,35,Number - Fractions,Multiple Choice,P3Q35_39
Which fraction is equivalent to $\frac{4}{20}$?,,$\frac{1}{4}$,$\frac{2}{5}$,$\frac{1}{5}$,$\frac{5}{1}$,$\frac{1}{3}$,$\frac{1}{5}$,35,Number - Fractions,Multiple Choice,P3Q35_40
Which fraction is equivalent to $\frac{25}{40}$?,,$\frac{6}{8}$,$\frac{1}{4}$,$\frac{5}{7}$,$\frac{8}{5}$,$\frac{5}{8}$,$\frac{5}{8}$,35,Number - Fractions,Multiple Choice,P3Q35_41
Which fraction is equivalent to $\frac{4}{24}$?,,$\frac{6}{1}$,$\frac{4}{5}$,$\frac{1}{5}$,$\frac{1}{6}$,$\frac{2}{6}$,$\frac{1}{6}$,35,Number - Fractions,Multiple Choice,P3Q35_42
Which fraction is equivalent to $\frac{24}{60}$?,,$\frac{5}{2}$,$\frac{3}{5}$,$\frac{2}{4}$,$\frac{2}{5}$,$\frac{5}{6}$,$\frac{2}{5}$,35,Number - Fractions,Multiple Choice,P3Q35_43
Which fraction is equivalent to $\frac{5}{40}$?,,$\frac{2}{8}$,$\frac{2}{5}$,$\frac{1}{8}$,$\frac{1}{7}$,$\frac{8}{1}$,$\frac{1}{8}$,35,Number - Fractions,Multiple Choice,P3Q35_44
Which fraction is equivalent to $\frac{16}{20}$?,,$\frac{4}{5}$,$\frac{5}{4}$,$\frac{4}{4}$,$\frac{5}{5}$,$\frac{3}{8}$,$\frac{4}{5}$,35,Number - Fractions,Multiple Choice,P3Q35_45
Which fraction is equivalent to $\frac{20}{25}$?,,$\frac{4}{5}$,$\frac{5}{5}$,$\frac{1}{8}$,$\frac{5}{4}$,$\frac{4}{4}$,$\frac{4}{5}$,35,Number - Fractions,Multiple Choice,P3Q35_46
Which fraction is equivalent to $\frac{12}{32}$?,,$\frac{8}{3}$,$\frac{4}{8}$,$\frac{3}{7}$,$\frac{1}{6}$,$\frac{3}{8}$,$\frac{3}{8}$,35,Number - Fractions,Multiple Choice,P3Q35_47
Which fraction is equivalent to $\frac{15}{20}$?,,$\frac{4}{4}$,$\frac{3}{3}$,$\frac{3}{4}$,$\frac{4}{3}$,$\frac{7}{8}$,$\frac{3}{4}$,35,Number - Fractions,Multiple Choice,P3Q35_48
Which fraction is equivalent to $\frac{24}{36}$?,,$\frac{3}{3}$,$\frac{3}{2}$,$\frac{2}{2}$,$\frac{1}{8}$,$\frac{2}{3}$,$\frac{2}{3}$,35,Number - Fractions,Multiple Choice,P3Q35_49
Which fraction is equivalent to $\frac{4}{10}$?,,$\frac{5}{8}$,$\frac{2}{4}$,$\frac{2}{5}$,$\frac{3}{5}$,$\frac{5}{2}$,$\frac{2}{5}$,35,Number - Fractions,Multiple Choice,P3Q35_50
"Melissa is cooking cakes.
The recipe uses cups of flour instead of grams.
2 cup(s) of flour are needed for every egg.
Use the graph to work out the number of grams of flour needed for 2 eggs.",P4Q35_1.png,600,602,601,598,610,600 g,35,Data Handling - Conversion Graphs,Multiple Choice,P4Q35_1
"Melissa is cooking cakes.
The recipe uses cups of flour instead of grams.
1 cup(s) of flour are needed for every egg.
Use the graph to work out the number of grams of flour needed for 3 eggs.",P4Q35_2.png,450,451,440,448,455,450 g,35,Data Handling - Conversion Graphs,Multiple Choice,P4Q35_2
"Melissa is cooking cakes.
The recipe uses cups of flour instead of grams.
1 cup(s) of flour are needed for every egg.
Use the graph to work out the number of grams of flour needed for 3 eggs.",P4Q35_3.png,600,601,598,590,602,600 g,35,Data Handling - Conversion Graphs,Multiple Choice,P4Q35_3
"Melissa is cooking cakes.
The recipe uses cups of flour instead of grams.
2 cup(s) of flour are needed for every egg.
Use the graph to work out the number of grams of flour needed for 2 eggs.",P4Q35_4.png,650,638,635,640,645,640 g,35,Data Handling - Conversion Graphs,Multiple Choice,P4Q35_4
"Melissa is cooking cakes.
The recipe uses cups of flour instead of grams.
1 cup(s) of flour are needed for every egg.
Use the graph to work out the number of grams of flour needed for 5 eggs.",P4Q35_5.png,795,810,800,805,790,800 g,35,Data Handling - Conversion Graphs,Multiple Choice,P4Q35_5
"Melissa is cooking cakes.
The recipe uses cups of flour instead of grams.
1 cup(s) of flour are needed for every egg.
Use the graph to work out the number of grams of flour needed for 3 eggs.",P4Q35_6.png,598,601,590,600,595,600 g,35,Data Handling - Conversion Graphs,Multiple Choice,P4Q35_6
"Melissa is cooking cakes.
The recipe uses cups of flour instead of grams.
2 cup(s) of flour are needed for every egg.
Use the graph to work out the number of grams of flour needed for 2 eggs.",P4Q35_7.png,610,590,599,600,601,600 g,35,Data Handling - Conversion Graphs,Multiple Choice,P4Q35_7
"Melissa is cooking cakes.
The recipe uses cups of flour instead of grams.
1 cup(s) of flour are needed for every egg.
Use the graph to work out the number of grams of flour needed for 4 eggs.",P4Q35_8.png,475,478,470,480,490,480 g,35,Data Handling - Conversion Graphs,Multiple Choice,P4Q35_8
"Melissa is cooking cakes.
The recipe uses cups of flour instead of grams.
1 cup(s) of flour are needed for every egg.
Use the graph to work out the number of grams of flour needed for 4 eggs.",P4Q35_9.png,555,561,550,562,560,560 g,35,Data Handling - Conversion Graphs,Multiple Choice,P4Q35_9
"Melissa is cooking cakes.
The recipe uses cups of flour instead of grams.
2 cup(s) of flour are needed for every egg.
Use the graph to work out the number of grams of flour needed for 2 eggs.",P4Q35_10.png,599,600,605,610,602,600 g,35,Data Handling - Conversion Graphs,Multiple Choice,P4Q35_10
"Melissa is cooking cakes.
The recipe uses cups of flour instead of grams.
1 cup(s) of flour are needed for every egg.
Use the graph to work out the number of grams of flour needed for 3 eggs.",P4Q35_11.png,605,600,610,599,595,600 g,35,Data Handling - Conversion Graphs,Multiple Choice,P4Q35_11
"Melissa is cooking cakes.
The recipe uses cups of flour instead of grams.
1 cup(s) of flour are needed for every egg.
Use the graph to work out the number of grams of flour needed for 4 eggs.",P4Q35_12.png,610,595,605,600,590,600 g,35,Data Handling - Conversion Graphs,Multiple Choice,P4Q35_12
"Melissa is cooking cakes.
The recipe uses cups of flour instead of grams.
1 cup(s) of flour are needed for every egg.
Use the graph to work out the number of grams of flour needed for 4 eggs.",P4Q35_13.png,595,600,605,599,610,600 g,35,Data Handling - Conversion Graphs,Multiple Choice,P4Q35_13
"Melissa is cooking cakes.
The recipe uses cups of flour instead of grams.
1 cup(s) of flour are needed for every egg.
Use the graph to work out the number of grams of flour needed for 3 eggs.",P4Q35_14.png,355,365,362,360,370,360 g,35,Data Handling - Conversion Graphs,Multiple Choice,P4Q35_14
"Melissa is cooking cakes.
The recipe uses cups of flour instead of grams.
2 cup(s) of flour are needed for every egg.
Use the graph to work out the number of grams of flour needed for 2 eggs.",P4Q35_15.png,480,479,490,482,470,480 g,35,Data Handling - Conversion Graphs,Multiple Choice,P4Q35_15
"Melissa is cooking cakes.
The recipe uses cups of flour instead of grams.
2 cup(s) of flour are needed for every egg.
Use the graph to work out the number of grams of flour needed for 2 eggs.",P4Q35_16.png,795,801,800,810,799,800 g,35,Data Handling - Conversion Graphs,Multiple Choice,P4Q35_16
"Melissa is cooking cakes.
The recipe uses cups of flour instead of grams.
1 cup(s) of flour are needed for every egg.
Use the graph to work out the number of grams of flour needed for 4 eggs.",P4Q35_17.png,642,650,641,640,639,640 g,35,Data Handling - Conversion Graphs,Multiple Choice,P4Q35_17
"Melissa is cooking cakes.
The recipe uses cups of flour instead of grams.
2 cup(s) of flour are needed for every egg.
Use the graph to work out the number of grams of flour needed for 2 eggs.",P4Q35_18.png,475,482,478,481,480,480 g,35,Data Handling - Conversion Graphs,Multiple Choice,P4Q35_18
"Melissa is cooking cakes.
The recipe uses cups of flour instead of grams.
1 cup(s) of flour are needed for every egg.
Use the graph to work out the number of grams of flour needed for 3 eggs.",P4Q35_19.png,590,600,598,601,595,600 g,35,Data Handling - Conversion Graphs,Multiple Choice,P4Q35_19
"Melissa is cooking cakes.
The recipe uses cups of flour instead of grams.
1 cup(s) of flour are needed for every egg.
Use the graph to work out the number of grams of flour needed for 3 eggs.",P4Q35_20.png,440,448,450,455,445,450 g,35,Data Handling - Conversion Graphs,Multiple Choice,P4Q35_20
The plane needs to move from R to N. The grey squares are blocked. Which instructions guide the plane correctly?,P2Q36_1.png,"FORWARD 3, TURN RIGHT 90°, FORWARD 5, TURN RIGHT 90°, FORWARD 2.","FORWARD 2, TURN RIGHT 90°, FORWARD 4, TURN RIGHT 90°, FORWARD 1.","FORWARD 2, TURN RIGHT 90°, FORWARD 4, TURN RIGHT 90°.","FORWARD 2, TURN RIGHT 90°, FORWARD 4, TURN RIGHT 90°, FORWARD 1.","FORWARD 2, TURN LEFT 90°, FORWARD 4, TURN LEFT 90°, FORWARD 1.","FORWARD 2, TURN RIGHT 90°, FORWARD 4, TURN RIGHT 90°, FORWARD 1.",36,Spatial,Image,P2Q36_1
The plane needs to move from R to N. The grey squares are blocked. Which instructions guide the plane correctly?,P2Q36_2.png,"FORWARD 1, TURN RIGHT 90°, FORWARD 2, TURN RIGHT 90°, FORWARD 2.","FORWARD 1, TURN RIGHT 90°, FORWARD 2, TURN RIGHT 90°.","FORWARD 1, TURN RIGHT 90°, FORWARD 2, TURN RIGHT 90°, FORWARD 2.","FORWARD 2, TURN RIGHT 90°, FORWARD 3, TURN RIGHT 90°, FORWARD 3.","FORWARD 1, TURN LEFT 90°, FORWARD 2, TURN LEFT 90°, FORWARD 2.","FORWARD 1, TURN RIGHT 90°, FORWARD 2, TURN RIGHT 90°, FORWARD 2.",36,Spatial,Image,P2Q36_2
The plane needs to move from R to N. The grey squares are blocked. Which instructions guide the plane correctly?,P2Q36_3.png,"FORWARD 2, TURN LEFT 90°, FORWARD 2, TURN RIGHT 90°, FORWARD 2.","FORWARD 3, TURN RIGHT 90°, FORWARD 3, TURN LEFT 90°, FORWARD 3.","FORWARD 2, TURN RIGHT 90°, FORWARD 2, TURN LEFT 90°, FORWARD 2.","FORWARD 2, TURN RIGHT 90°, FORWARD 2, TURN LEFT 90°.","FORWARD 2, TURN RIGHT 90°, FORWARD 2, TURN LEFT 90°, FORWARD 2.","FORWARD 2, TURN RIGHT 90°, FORWARD 2, TURN LEFT 90°, FORWARD 2.",36,Spatial,Image,P2Q36_3
The plane needs to move from R to N. The grey squares are blocked. Which instructions guide the plane correctly?,P2Q36_4.png,"FORWARD 2, TURN LEFT 90°, FORWARD 3, TURN LEFT 90°.","FORWARD 3, TURN LEFT 90°, FORWARD 4, TURN LEFT 90°, FORWARD 3.","FORWARD 2, TURN LEFT 90°, FORWARD 3, TURN LEFT 90°, FORWARD 2.","FORWARD 2, TURN LEFT 90°, FORWARD 3, TURN LEFT 90°, FORWARD 2.","FORWARD 2, TURN RIGHT 90°, FORWARD 3, TURN RIGHT 90°, FORWARD 2.","FORWARD 2, TURN LEFT 90°, FORWARD 3, TURN LEFT 90°, FORWARD 2.",36,Spatial,Image,P2Q36_4
The plane needs to move from R to N. The grey squares are blocked. Which instructions guide the plane correctly?,P2Q36_5.png,"FORWARD 3, TURN RIGHT 90°, FORWARD 3, TURN LEFT 90°, FORWARD 1.","FORWARD 3, TURN LEFT 90°, FORWARD 3, TURN RIGHT 90°.","FORWARD 4, TURN LEFT 90°, FORWARD 4, TURN RIGHT 90°, FORWARD 2.","FORWARD 3, TURN LEFT 90°, FORWARD 3, TURN RIGHT 90°, FORWARD 1.","FORWARD 3, TURN LEFT 90°, FORWARD 3, TURN RIGHT 90°, FORWARD 1.","FORWARD 3, TURN LEFT 90°, FORWARD 3, TURN RIGHT 90°, FORWARD 1.",36,Spatial,Image,P2Q36_5
The plane needs to move from R to N. The grey squares are blocked. Which instructions guide the plane correctly?,P2Q36_6.png,"FORWARD 3, TURN RIGHT 90°, FORWARD 3, TURN RIGHT 90°, FORWARD 4.","FORWARD 2, TURN RIGHT 90°, FORWARD 2, TURN RIGHT 90°.","FORWARD 2, TURN LEFT 90°, FORWARD 2, TURN LEFT 90°, FORWARD 3.","FORWARD 2, TURN RIGHT 90°, FORWARD 2, TURN RIGHT 90°, FORWARD 3.","FORWARD 2, TURN RIGHT 90°, FORWARD 2, TURN RIGHT 90°, FORWARD 3.","FORWARD 2, TURN RIGHT 90°, FORWARD 2, TURN RIGHT 90°, FORWARD 3.",36,Spatial,Image,P2Q36_6
The plane needs to move from R to N. The grey squares are blocked. Which instructions guide the plane correctly?,P2Q36_7.png,"FORWARD 3, TURN LEFT 90°, FORWARD 3, TURN LEFT 90°, FORWARD 3.","FORWARD 4, TURN RIGHT 90°, FORWARD 4, TURN RIGHT 90°, FORWARD 4.","FORWARD 3, TURN RIGHT 90°, FORWARD 3, TURN RIGHT 90°, FORWARD 3.","FORWARD 3, TURN RIGHT 90°, FORWARD 3, TURN RIGHT 90°, FORWARD 3.","FORWARD 3, TURN RIGHT 90°, FORWARD 3, TURN RIGHT 90°.","FORWARD 3, TURN RIGHT 90°, FORWARD 3, TURN RIGHT 90°, FORWARD 3.",36,Spatial,Image,P2Q36_7
The plane needs to move from R to N. The grey squares are blocked. Which instructions guide the plane correctly?,P2Q36_8.png,"FORWARD 3, TURN LEFT 90°, FORWARD 5, TURN RIGHT 90°, FORWARD 3.","FORWARD 2, TURN LEFT 90°, FORWARD 4, TURN RIGHT 90°, FORWARD 2.","FORWARD 2, TURN LEFT 90°, FORWARD 4, TURN RIGHT 90°.","FORWARD 2, TURN LEFT 90°, FORWARD 4, TURN RIGHT 90°, FORWARD 2.","FORWARD 2, TURN RIGHT 90°, FORWARD 4, TURN LEFT 90°, FORWARD 2.","FORWARD 2, TURN LEFT 90°, FORWARD 4, TURN RIGHT 90°, FORWARD 2.",36,Spatial,Image,P2Q36_8
The plane needs to move from R to N. The grey squares are blocked. Which instructions guide the plane correctly?,P2Q36_9.png,"FORWARD 2, TURN LEFT 90°, FORWARD 3, TURN LEFT 90°.","FORWARD 3, TURN LEFT 90°, FORWARD 4, TURN LEFT 90°, FORWARD 2.","FORWARD 2, TURN LEFT 90°, FORWARD 3, TURN LEFT 90°, FORWARD 1.","FORWARD 2, TURN RIGHT 90°, FORWARD 3, TURN RIGHT 90°, FORWARD 1.","FORWARD 2, TURN LEFT 90°, FORWARD 3, TURN LEFT 90°, FORWARD 1.","FORWARD 2, TURN LEFT 90°, FORWARD 3, TURN LEFT 90°, FORWARD 1.",36,Spatial,Image,P2Q36_9
The plane needs to move from R to N. The grey squares are blocked. Which instructions guide the plane correctly?,P2Q36_10.png,"FORWARD 1, TURN RIGHT 90°, FORWARD 4, TURN RIGHT 90°.","FORWARD 2, TURN RIGHT 90°, FORWARD 5, TURN RIGHT 90°, FORWARD 3.","FORWARD 1, TURN RIGHT 90°, FORWARD 4, TURN RIGHT 90°, FORWARD 2.","FORWARD 1, TURN RIGHT 90°, FORWARD 4, TURN RIGHT 90°, FORWARD 2.","FORWARD 1, TURN LEFT 90°, FORWARD 4, TURN LEFT 90°, FORWARD 2.","FORWARD 1, TURN RIGHT 90°, FORWARD 4, TURN RIGHT 90°, FORWARD 2.",36,Spatial,Image,P2Q36_10
The plane needs to move from R to N. The grey squares are blocked. Which instructions guide the plane correctly?,P2Q36_11.png,"FORWARD 3, TURN RIGHT 90°, FORWARD 4, TURN RIGHT 90°, FORWARD 3.","FORWARD 2, TURN RIGHT 90°, FORWARD 3, TURN RIGHT 90°, FORWARD 2.","FORWARD 2, TURN RIGHT 90°, FORWARD 3, TURN RIGHT 90°, FORWARD 2.","FORWARD 2, TURN LEFT 90°, FORWARD 3, TURN LEFT 90°, FORWARD 2.","FORWARD 2, TURN RIGHT 90°, FORWARD 3, TURN RIGHT 90°.","FORWARD 2, TURN RIGHT 90°, FORWARD 3, TURN RIGHT 90°, FORWARD 2.",36,Spatial,Image,P2Q36_11
The plane needs to move from R to N. The grey squares are blocked. Which instructions guide the plane correctly?,P2Q36_12.png,"FORWARD 2, TURN RIGHT 90°, FORWARD 2, TURN LEFT 90°, FORWARD 1.","FORWARD 2, TURN LEFT 90°, FORWARD 2, TURN RIGHT 90°, FORWARD 1.","FORWARD 2, TURN LEFT 90°, FORWARD 2, TURN RIGHT 90°, FORWARD 1.","FORWARD 3, TURN LEFT 90°, FORWARD 3, TURN RIGHT 90°, FORWARD 2.","FORWARD 2, TURN LEFT 90°, FORWARD 2, TURN RIGHT 90°.","FORWARD 2, TURN LEFT 90°, FORWARD 2, TURN RIGHT 90°, FORWARD 1.",36,Spatial,Image,P2Q36_12
The plane needs to move from R to N. The grey squares are blocked. Which instructions guide the plane correctly?,P2Q36_13.png,"FORWARD 1, TURN LEFT 90°, FORWARD 3, TURN RIGHT 90°, FORWARD 3.","FORWARD 1, TURN RIGHT 90°, FORWARD 3, TURN LEFT 90°, FORWARD 3.","FORWARD 1, TURN LEFT 90°, FORWARD 3, TURN RIGHT 90°, FORWARD 3.","FORWARD 2, TURN LEFT 90°, FORWARD 4, TURN RIGHT 90°, FORWARD 4.","FORWARD 1, TURN LEFT 90°, FORWARD 3, TURN RIGHT 90°.","FORWARD 1, TURN LEFT 90°, FORWARD 3, TURN RIGHT 90°, FORWARD 3.",36,Spatial,Image,P2Q36_13
The plane needs to move from R to N. The grey squares are blocked. Which instructions guide the plane correctly?,P2Q36_14.png,"FORWARD 1, TURN LEFT 90°, FORWARD 3, TURN RIGHT 90°.","FORWARD 1, TURN LEFT 90°, FORWARD 3, TURN RIGHT 90°, FORWARD 3.","FORWARD 2, TURN LEFT 90°, FORWARD 4, TURN RIGHT 90°, FORWARD 4.","FORWARD 1, TURN LEFT 90°, FORWARD 3, TURN RIGHT 90°, FORWARD 3.","FORWARD 1, TURN RIGHT 90°, FORWARD 3, TURN LEFT 90°, FORWARD 3.","FORWARD 1, TURN LEFT 90°, FORWARD 3, TURN RIGHT 90°, FORWARD 3.",36,Spatial,Image,P2Q36_14
The plane needs to move from R to N. The grey squares are blocked. Which instructions guide the plane correctly?,P2Q36_15.png,"FORWARD 3, TURN RIGHT 90°, FORWARD 3, TURN RIGHT 90°, FORWARD 2.","FORWARD 3, TURN RIGHT 90°, FORWARD 3, TURN RIGHT 90°, FORWARD 2.","FORWARD 3, TURN RIGHT 90°, FORWARD 3, TURN RIGHT 90°.","FORWARD 4, TURN RIGHT 90°, FORWARD 4, TURN RIGHT 90°, FORWARD 3.","FORWARD 3, TURN LEFT 90°, FORWARD 3, TURN LEFT 90°, FORWARD 2.","FORWARD 3, TURN RIGHT 90°, FORWARD 3, TURN RIGHT 90°, FORWARD 2.",36,Spatial,Image,P2Q36_15
The plane needs to move from R to N. The grey squares are blocked. Which instructions guide the plane correctly?,P2Q36_16.png,"FORWARD 2, TURN LEFT 90°, FORWARD 5, TURN LEFT 90°, FORWARD 3.","FORWARD 2, TURN RIGHT 90°, FORWARD 5, TURN RIGHT 90°, FORWARD 3.","FORWARD 2, TURN LEFT 90°, FORWARD 5, TURN LEFT 90°.","FORWARD 3, TURN LEFT 90°, FORWARD 6, TURN LEFT 90°, FORWARD 4.","FORWARD 2, TURN LEFT 90°, FORWARD 5, TURN LEFT 90°, FORWARD 3.","FORWARD 2, TURN LEFT 90°, FORWARD 5, TURN LEFT 90°, FORWARD 3.",36,Spatial,Image,P2Q36_16
The plane needs to move from R to N. The grey squares are blocked. Which instructions guide the plane correctly?,P2Q36_17.png,"FORWARD 4, TURN LEFT 90°, FORWARD 6, TURN RIGHT 90°, FORWARD 3.","FORWARD 3, TURN RIGHT 90°, FORWARD 5, TURN LEFT 90°, FORWARD 2.","FORWARD 3, TURN LEFT 90°, FORWARD 5, TURN RIGHT 90°.","FORWARD 3, TURN LEFT 90°, FORWARD 5, TURN RIGHT 90°, FORWARD 2.","FORWARD 3, TURN LEFT 90°, FORWARD 5, TURN RIGHT 90°, FORWARD 2.","FORWARD 3, TURN LEFT 90°, FORWARD 5, TURN RIGHT 90°, FORWARD 2.",36,Spatial,Image,P2Q36_17
The plane needs to move from R to N. The grey squares are blocked. Which instructions guide the plane correctly?,P2Q36_18.png,"FORWARD 3, TURN LEFT 90°, FORWARD 4, TURN RIGHT 90°, FORWARD 3.","FORWARD 4, TURN LEFT 90°, FORWARD 5, TURN RIGHT 90°, FORWARD 4.","FORWARD 3, TURN RIGHT 90°, FORWARD 4, TURN LEFT 90°, FORWARD 3.","FORWARD 3, TURN LEFT 90°, FORWARD 4, TURN RIGHT 90°, FORWARD 3.","FORWARD 3, TURN LEFT 90°, FORWARD 4, TURN RIGHT 90°.","FORWARD 3, TURN LEFT 90°, FORWARD 4, TURN RIGHT 90°, FORWARD 3.",36,Spatial,Image,P2Q36_18
The plane needs to move from R to N. The grey squares are blocked. Which instructions guide the plane correctly?,P2Q36_19.png,"FORWARD 2, TURN RIGHT 90°, FORWARD 3, TURN LEFT 90°, FORWARD 2.","FORWARD 3, TURN LEFT 90°, FORWARD 4, TURN RIGHT 90°, FORWARD 3.","FORWARD 2, TURN LEFT 90°, FORWARD 3, TURN RIGHT 90°, FORWARD 2.","FORWARD 2, TURN LEFT 90°, FORWARD 3, TURN RIGHT 90°, FORWARD 2.","FORWARD 2, TURN LEFT 90°, FORWARD 3, TURN RIGHT 90°.","FORWARD 2, TURN LEFT 90°, FORWARD 3, TURN RIGHT 90°, FORWARD 2.",36,Spatial,Image,P2Q36_19
The plane needs to move from R to N. The grey squares are blocked. Which instructions guide the plane correctly?,P2Q36_20.png,"FORWARD 1, TURN LEFT 90°, FORWARD 4, TURN RIGHT 90°.","FORWARD 1, TURN LEFT 90°, FORWARD 4, TURN RIGHT 90°, FORWARD 1.","FORWARD 1, TURN RIGHT 90°, FORWARD 4, TURN LEFT 90°, FORWARD 1.","FORWARD 1, TURN LEFT 90°, FORWARD 4, TURN RIGHT 90°, FORWARD 1.","FORWARD 2, TURN LEFT 90°, FORWARD 5, TURN RIGHT 90°, FORWARD 2.","FORWARD 1, TURN LEFT 90°, FORWARD 4, TURN RIGHT 90°, FORWARD 1.",36,Spatial,Image,P2Q36_20
Work out the name of this 2D shape from the clues:  1. The diagonals are equal in length. 2. It has rotational symmetry of order 4. 3. The diagonals cross at right angles.,,Kite,Rhombus,Square,Parallelogram,Rectangle,Square,36,Shape and Space - 2D Properties,Multiple Choice,P3Q36_1
Work out the name of this 2D shape from the clues: 1. The diagonals bisect each other but do not cross at right angles. 2. It has rotational symmetry of order 2. 3. It has NO lines of symmetry.,,Rhombus,Parallelogram,Rectangle,Kite,Trapezium,Parallelogram,36,Shape and Space - 2D Properties,Multiple Choice,P3Q36_2
Work out the name of this 2D shape from the clues:1. It has 6 lines of symmetry. 2. It has 6 equal sides. 3. Each interior angle is 120 degrees.,,Heptagon,Regular Pentagon,Regular Hexagon,Square,Regular Octagon,Regular Hexagon,36,Shape and Space - 2D Properties,Multiple Choice,P3Q36_3
Work out the name of this 2D shape from the clues: 1. It has rotational symmetry of order 6. 2. It has 6 equal sides. 3. It has 6 lines of symmetry.,,Regular Pentagon,Regular Hexagon,Heptagon,Regular Octagon,Square,Regular Hexagon,36,Shape and Space - 2D Properties,Multiple Choice,P3Q36_4
Work out the name of this 2D shape from the clues: 1. It has rotational symmetry of order 2. 2. All interior angles are right angles. 3. The diagonals do NOT cross at right angles.,,Square,Rectangle,Rhombus,Trapezium,Parallelogram,Rectangle,36,Shape and Space - 2D Properties,Multiple Choice,P3Q36_5
Work out the name of this 2D shape from the clues: 1. The diagonals cross at right angles. 2. It has NO rotational symmetry. 3. One pair of opposite angles is equal.,,Parallelogram,Arrowhead,Kite,Square,Rhombus,Kite,36,Shape and Space - 2D Properties,Multiple Choice,P3Q36_6
Work out the name of this 2D shape from the clues: 1. It has four sides. 2. All interior angles are right angles. 3. Opposite sides are equal in length but adjacent sides are not.,,Parallelogram,Rhombus,Trapezium,Rectangle,Square,Rectangle,36,Shape and Space - 2D Properties,Multiple Choice,P3Q36_7
Work out the name of this 2D shape from the clues: 1. It has 6 lines of symmetry. 2. Each interior angle is 120 degrees. 3. It has 6 equal sides.,,Regular Octagon,Heptagon,Regular Hexagon,Regular Pentagon,Square,Regular Hexagon,36,Shape and Space - 2D Properties,Multiple Choice,P3Q36_8
Work out the name of this 2D shape from the clues: 1. It has four sides. 2. The parallel sides are different lengths. 3. It usually has no lines of symmetry.,,Kite,Rhombus,Trapezium,Rectangle,Parallelogram,Trapezium,36,Shape and Space - 2D Properties,Multiple Choice,P3Q36_9
Work out the name of this 2D shape from the clues: 1. The diagonals are NOT equal in length. 2. It has four equal sides. 3. The diagonals cross at right angles.,,Parallelogram,Rectangle,Square,Rhombus,Kite,Rhombus,36,Shape and Space - 2D Properties,Multiple Choice,P3Q36_10
"The perimeter of a rectangle is 30 cm.
What could be the area of the rectangle?",,31 cm²,30 cm²,58 cm²,26 m²,31 cm²,26 cm²,36,Measures - Area/Perimeter,Multiple Choice,P4Q36_1
"The perimeter of a rectangle is 24 cm.
What could be the area of the rectangle?",,36 cm²,38 cm²,41 cm²,36 m²,41 cm²,36 cm²,36,Measures - Area/Perimeter,Multiple Choice,P4Q36_2
"The perimeter of a rectangle is 10 cm.
What could be the area of the rectangle?",,9 cm²,5 cm²,10 cm²,4 cm²,4 m²,4 cm²,36,Measures - Area/Perimeter,Multiple Choice,P4Q36_3
"The perimeter of a rectangle is 16 cm.
What could be the area of the rectangle?",,21 cm²,16 m²,21 cm²,16 cm²,21 cm²,16 cm²,36,Measures - Area/Perimeter,Multiple Choice,P4Q36_4
"The perimeter of a rectangle is 28 cm.
What could be the area of the rectangle?",,53 cm²,43 cm²,45 cm²,40 m²,40 cm²,40 cm²,36,Measures - Area/Perimeter,Multiple Choice,P4Q36_5
"The perimeter of a rectangle is 10 cm.
What could be the area of the rectangle?",,6 m²,6 cm²,9 cm²,10 cm²,11 cm²,6 cm²,36,Measures - Area/Perimeter,Multiple Choice,P4Q36_6
"The perimeter of a rectangle is 12 cm.
What could be the area of the rectangle?",,8 cm²,11 cm²,13 cm²,12 cm²,13 cm²,8 cm²,36,Measures - Area/Perimeter,Multiple Choice,P4Q36_7
"The perimeter of a rectangle is 30 cm.
What could be the area of the rectangle?",,56 cm²,61 cm²,58 cm²,56 m²,61 cm²,56 cm²,36,Measures - Area/Perimeter,Multiple Choice,P4Q36_8
"The perimeter of a rectangle is 22 cm.
What could be the area of the rectangle?",,24 m²,29 cm²,29 cm²,24 cm²,35 cm²,24 cm²,36,Measures - Area/Perimeter,Multiple Choice,P4Q36_9
"The perimeter of a rectangle is 14 cm.
What could be the area of the rectangle?",,16 cm²,14 cm²,6 m²,6 cm²,7 cm²,6 cm²,36,Measures - Area/Perimeter,Multiple Choice,P4Q36_10
"The perimeter of a rectangle is 20 cm.
What could be the area of the rectangle?",,12 cm²,20 cm²,9 cm²,10 cm²,27 cm²,9 cm²,36,Measures - Area/Perimeter,Multiple Choice,P4Q36_11
"The perimeter of a rectangle is 20 cm.
What could be the area of the rectangle?",,19 cm²,20 cm²,16 cm²,29 cm²,21 cm²,16 cm²,36,Measures - Area/Perimeter,Multiple Choice,P4Q36_12
"The perimeter of a rectangle is 12 cm.
What could be the area of the rectangle?",,11 cm²,8 cm²,12 cm²,8 m²,13 cm²,8 cm²,36,Measures - Area/Perimeter,Multiple Choice,P4Q36_13
"The perimeter of a rectangle is 16 cm.
What could be the area of the rectangle?",,16 cm²,15 cm²,20 cm²,19 cm²,15 m²,15 cm²,36,Measures - Area/Perimeter,Multiple Choice,P4Q36_14
"The perimeter of a rectangle is 20 cm.
What could be the area of the rectangle?",,28 cm²,20 cm²,10 cm²,12 cm²,9 cm²,9 cm²,36,Measures - Area/Perimeter,Multiple Choice,P4Q36_15
"The perimeter of a rectangle is 20 cm.
What could be the area of the rectangle?",,27 cm²,30 cm²,25 m²,30 cm²,25 cm²,25 cm²,36,Measures - Area/Perimeter,Multiple Choice,P4Q36_16
"The perimeter of a rectangle is 24 cm.
What could be the area of the rectangle?",,24 cm²,12 cm²,11 cm²,41 cm²,11 m²,11 cm²,36,Measures - Area/Perimeter,Multiple Choice,P4Q36_17
"The perimeter of a rectangle is 10 cm.
What could be the area of the rectangle?",,6 m²,10 cm²,8 cm²,11 cm²,9 cm²,6 cm²,36,Measures - Area/Perimeter,Multiple Choice,P4Q36_18
"The perimeter of a rectangle is 14 cm.
What could be the area of the rectangle?",,10 cm²,10 m²,15 cm²,14 cm²,15 cm²,10 cm²,36,Measures - Area/Perimeter,Multiple Choice,P4Q36_19
"The perimeter of a rectangle is 14 cm.
What could be the area of the rectangle?",,17 cm²,16 cm²,17 cm²,12 cm²,12 m²,12 cm²,36,Measures - Area/Perimeter,Multiple Choice,P4Q36_20
"The perimeter of a rectangle is 12 cm.
What could be the area of the rectangle?",,12 cm²,13 cm²,11 cm²,8 m²,8 cm²,8 cm²,36,Measures - Area/Perimeter,Multiple Choice,P4Q36_21
"The perimeter of a rectangle is 26 cm.
What could be the area of the rectangle?",,39 cm²,36 m²,41 cm²,47 cm²,41 cm²,36 cm²,36,Measures - Area/Perimeter,Multiple Choice,P4Q36_22
"The perimeter of a rectangle is 18 cm.
What could be the area of the rectangle?",,14 m²,17 cm²,19 cm²,14 cm²,18 cm²,14 cm²,36,Measures - Area/Perimeter,Multiple Choice,P4Q36_23
"The perimeter of a rectangle is 18 cm.
What could be the area of the rectangle?",,14 m²,18 cm²,23 cm²,19 cm²,19 cm²,14 cm²,36,Measures - Area/Perimeter,Multiple Choice,P4Q36_24
"The perimeter of a rectangle is 16 cm.
What could be the area of the rectangle?",,10 cm²,16 cm²,7 cm²,8 cm²,7 m²,7 cm²,36,Measures - Area/Perimeter,Multiple Choice,P4Q36_25
"The perimeter of a rectangle is 18 cm.
What could be the area of the rectangle?",,14 m²,22 cm²,14 cm²,18 cm²,19 cm²,14 cm²,36,Measures - Area/Perimeter,Multiple Choice,P4Q36_26
"The perimeter of a rectangle is 22 cm.
What could be the area of the rectangle?",,35 cm²,10 cm²,15 cm²,10 m²,22 cm²,10 cm²,36,Measures - Area/Perimeter,Multiple Choice,P4Q36_27
"The perimeter of a rectangle is 14 cm.
What could be the area of the rectangle?",,17 cm²,12 m²,14 cm²,17 cm²,12 cm²,12 cm²,36,Measures - Area/Perimeter,Multiple Choice,P4Q36_28
"The perimeter of a rectangle is 26 cm.
What could be the area of the rectangle?",,47 cm²,47 cm²,45 cm²,42 cm²,42 m²,42 cm²,36,Measures - Area/Perimeter,Multiple Choice,P4Q36_29
"The perimeter of a rectangle is 26 cm.
What could be the area of the rectangle?",,40 cm²,45 cm²,40 m²,46 cm²,45 cm²,40 cm²,36,Measures - Area/Perimeter,Multiple Choice,P4Q36_30
"The perimeter of a rectangle is 20 cm.
What could be the area of the rectangle?",,24 m²,29 cm²,27 cm²,29 cm²,24 cm²,24 cm²,36,Measures - Area/Perimeter,Multiple Choice,P4Q36_31
"The perimeter of a rectangle is 22 cm.
What could be the area of the rectangle?",,10 cm²,11 cm²,22 cm²,15 cm²,35 cm²,10 cm²,36,Measures - Area/Perimeter,Multiple Choice,P4Q36_32
"The perimeter of a rectangle is 30 cm.
What could be the area of the rectangle?",,50 cm²,55 cm²,55 cm²,59 cm²,55 cm²,50 cm²,36,Measures - Area/Perimeter,Multiple Choice,P4Q36_33
"The perimeter of a rectangle is 24 cm.
What could be the area of the rectangle?",,24 cm²,25 cm²,20 m²,25 cm²,40 cm²,20 cm²,36,Measures - Area/Perimeter,Multiple Choice,P4Q36_34
"The perimeter of a rectangle is 26 cm.
What could be the area of the rectangle?",,22 m²,25 cm²,44 cm²,22 cm²,27 cm²,22 cm²,36,Measures - Area/Perimeter,Multiple Choice,P4Q36_35
"The perimeter of a rectangle is 10 cm.
What could be the area of the rectangle?",,4 m²,4 cm²,5 cm²,9 cm²,10 cm²,4 cm²,36,Measures - Area/Perimeter,Multiple Choice,P4Q36_36
"The perimeter of a rectangle is 12 cm.
What could be the area of the rectangle?",,6 cm²,10 cm²,5 cm²,12 cm²,11 cm²,5 cm²,36,Measures - Area/Perimeter,Multiple Choice,P4Q36_37
"The perimeter of a rectangle is 14 cm.
What could be the area of the rectangle?",,14 cm²,6 cm²,11 cm²,6 m²,16 cm²,6 cm²,36,Measures - Area/Perimeter,Multiple Choice,P4Q36_38
"The perimeter of a rectangle is 30 cm.
What could be the area of the rectangle?",,50 m²,55 cm²,59 cm²,55 cm²,50 cm²,50 cm²,36,Measures - Area/Perimeter,Multiple Choice,P4Q36_39
"The perimeter of a rectangle is 28 cm.
What could be the area of the rectangle?",,38 cm²,33 m²,33 cm²,38 cm²,54 cm²,33 cm²,36,Measures - Area/Perimeter,Multiple Choice,P4Q36_40
"The perimeter of a rectangle is 12 cm.
What could be the area of the rectangle?",,12 cm²,8 m²,13 cm²,11 cm²,8 cm²,8 cm²,36,Measures - Area/Perimeter,Multiple Choice,P4Q36_41
"The perimeter of a rectangle is 30 cm.
What could be the area of the rectangle?",,50 cm²,55 cm²,50 m²,58 cm²,55 cm²,50 cm²,36,Measures - Area/Perimeter,Multiple Choice,P4Q36_42
"The perimeter of a rectangle is 24 cm.
What could be the area of the rectangle?",,20 cm²,24 cm²,23 cm²,25 cm²,20 m²,20 cm²,36,Measures - Area/Perimeter,Multiple Choice,P4Q36_43
"The perimeter of a rectangle is 16 cm.
What could be the area of the rectangle?",,17 cm²,18 cm²,12 m²,16 cm²,12 cm²,12 cm²,36,Measures - Area/Perimeter,Multiple Choice,P4Q36_44
"The perimeter of a rectangle is 28 cm.
What could be the area of the rectangle?",,50 cm²,50 cm²,48 cm²,54 cm²,45 cm²,45 cm²,36,Measures - Area/Perimeter,Multiple Choice,P4Q36_45
"The perimeter of a rectangle is 12 cm.
What could be the area of the rectangle?",,8 cm²,13 cm²,11 cm²,13 cm²,12 cm²,8 cm²,36,Measures - Area/Perimeter,Multiple Choice,P4Q36_46
"The perimeter of a rectangle is 18 cm.
What could be the area of the rectangle?",,24 cm²,18 cm²,14 m²,17 cm²,19 cm²,14 cm²,36,Measures - Area/Perimeter,Multiple Choice,P4Q36_47
"The perimeter of a rectangle is 26 cm.
What could be the area of the rectangle?",,30 m²,46 cm²,35 cm²,35 cm²,33 cm²,30 cm²,36,Measures - Area/Perimeter,Multiple Choice,P4Q36_48
"The perimeter of a rectangle is 18 cm.
What could be the area of the rectangle?",,18 m²,23 cm²,23 cm²,18 cm²,21 cm²,18 cm²,36,Measures - Area/Perimeter,Multiple Choice,P4Q36_49
"The perimeter of a rectangle is 26 cm.
What could be the area of the rectangle?",,41 cm²,41 cm²,41 cm²,36 cm²,46 cm²,36 cm²,36,Measures - Area/Perimeter,Multiple Choice,P4Q36_50
The school clock is put right on Monday at 12:00 p.m.. At 12:00 a.m. on Tuesday it gives the time as 12:06 p.m. How much time does the clock gain every hour?,,6 minutes,30 seconds,6 seconds,1 minute,31 seconds,30 seconds,37,Time,Text,P2Q37_1
The school clock is put right on Monday at 12:00 p.m.. At 12:00 p.m. on Wednesday it gives the time as 12:08 p.m. How much time does the clock gain every hour?,,10 seconds,2 seconds,20 seconds,8 minutes,11 seconds,10 seconds,37,Time,Text,P2Q37_2
The school clock is put right on Monday at 12:00 p.m.. At 12:00 a.m. on Tuesday it gives the time as 12:03 p.m. How much time does the clock gain every hour?,,30 seconds,15 seconds,3 seconds,1 minute,16 seconds,15 seconds,37,Time,Text,P2Q37_3
The school clock is put right on Monday at 12:00 p.m.. At 12:00 p.m. on Tuesday it gives the time as 12:04 p.m. How much time does the clock gain every hour?,,10 seconds,20 seconds,2 seconds,4 minutes,11 seconds,10 seconds,37,Time,Text,P2Q37_4
The school clock is put right on Monday at 12:00 p.m.. At 12:00 p.m. on Wednesday it gives the time as 12:08 p.m. How much time does the clock gain every hour?,,8 minutes,2 seconds,20 seconds,10 seconds,11 seconds,10 seconds,37,Time,Text,P2Q37_5
The school clock is put right on Monday at 12:00 p.m.. At 12:00 p.m. on Wednesday it gives the time as 12:08 p.m. How much time does the clock gain every hour?,,10 seconds,11 seconds,2 seconds,20 seconds,8 minutes,10 seconds,37,Time,Text,P2Q37_6
The school clock is put right on Monday at 12:00 p.m.. At 12:00 p.m. on Wednesday it gives the time as 12:04 p.m. How much time does the clock gain every hour?,,4 minutes,5 seconds,6 seconds,1 minute,10 seconds,5 seconds,37,Time,Text,P2Q37_7
The school clock is put right on Monday at 12:00 p.m.. At 12:00 p.m. on Tuesday it gives the time as 12:12 p.m. How much time does the clock gain every hour?,,6 seconds,30 seconds,31 seconds,1 minute,12 minutes,30 seconds,37,Time,Text,P2Q37_8
The school clock is put right on Monday at 12:00 p.m.. At 12:00 p.m. on Wednesday it gives the time as 12:04 p.m. How much time does the clock gain every hour?,,10 seconds,1 minute,4 minutes,5 seconds,6 seconds,5 seconds,37,Time,Text,P2Q37_9
The school clock is put right on Monday at 12:00 p.m.. At 12:00 p.m. on Tuesday it gives the time as 12:12 p.m. How much time does the clock gain every hour?,,30 seconds,12 minutes,1 minute,31 seconds,6 seconds,30 seconds,37,Time,Text,P2Q37_10
The school clock is put right on Monday at 12:00 p.m.. At 12:00 p.m. on Wednesday it gives the time as 12:08 p.m. How much time does the clock gain every hour?,,10 seconds,20 seconds,11 seconds,8 minutes,2 seconds,10 seconds,37,Time,Text,P2Q37_11
The school clock is put right on Monday at 12:00 p.m.. At 12:00 p.m. on Tuesday it gives the time as 12:02 p.m. How much time does the clock gain every hour?,,1 minute,5 seconds,2 minutes,6 seconds,10 seconds,5 seconds,37,Time,Text,P2Q37_12
The school clock is put right on Monday at 12:00 p.m.. At 12:00 a.m. on Tuesday it gives the time as 12:02 p.m. How much time does the clock gain every hour?,,2 seconds,10 seconds,20 seconds,2 minutes,11 seconds,10 seconds,37,Time,Text,P2Q37_13
The school clock is put right on Monday at 12:00 p.m.. At 12:00 p.m. on Tuesday it gives the time as 12:08 p.m. How much time does the clock gain every hour?,,20 seconds,4 seconds,21 seconds,8 minutes,1 minute,20 seconds,37,Time,Text,P2Q37_14
The school clock is put right on Monday at 12:00 p.m.. At 12:00 a.m. on Tuesday it gives the time as 12:06 p.m. How much time does the clock gain every hour?,,1 minute,6 minutes,30 seconds,31 seconds,6 seconds,30 seconds,37,Time,Text,P2Q37_15
The school clock is put right on Monday at 12:00 p.m.. At 12:00 p.m. on Wednesday it gives the time as 12:12 p.m. How much time does the clock gain every hour?,,12 minutes,15 seconds,30 seconds,3 seconds,16 seconds,15 seconds,37,Time,Text,P2Q37_16
The school clock is put right on Monday at 12:00 p.m.. At 12:00 p.m. on Tuesday it gives the time as 12:06 p.m. How much time does the clock gain every hour?,,3 seconds,30 seconds,15 seconds,1 minute,16 seconds,15 seconds,37,Time,Text,P2Q37_17
The school clock is put right on Monday at 12:00 p.m.. At 12:00 a.m. on Tuesday it gives the time as 12:02 p.m. How much time does the clock gain every hour?,,20 seconds,2 minutes,10 seconds,11 seconds,2 seconds,10 seconds,37,Time,Text,P2Q37_18
The school clock is put right on Monday at 12:00 p.m.. At 12:00 p.m. on Tuesday it gives the time as 12:08 p.m. How much time does the clock gain every hour?,,4 seconds,1 minute,8 minutes,20 seconds,21 seconds,20 seconds,37,Time,Text,P2Q37_19
The school clock is put right on Monday at 12:00 p.m.. At 12:00 p.m. on Wednesday it gives the time as 12:16 p.m. How much time does the clock gain every hour?,,16 minutes,4 seconds,20 seconds,1 minute,21 seconds,20 seconds,37,Time,Text,P2Q37_20
The school clock is put right on Monday at 12:00 p.m.. At 12:00 p.m. on Wednesday it gives the time as 12:16 p.m. How much time does the clock gain every hour?,,20 seconds,16 minutes,4 seconds,21 seconds,1 minute,20 seconds,37,Time,Text,P2Q37_21
The school clock is put right on Monday at 12:00 p.m.. At 12:00 a.m. on Tuesday it gives the time as 12:03 p.m. How much time does the clock gain every hour?,,3 seconds,15 seconds,1 minute,16 seconds,30 seconds,15 seconds,37,Time,Text,P2Q37_22
The school clock is put right on Monday at 12:00 p.m.. At 12:00 p.m. on Tuesday it gives the time as 12:04 p.m. How much time does the clock gain every hour?,,2 seconds,10 seconds,4 minutes,20 seconds,11 seconds,10 seconds,37,Time,Text,P2Q37_23
The school clock is put right on Monday at 12:00 p.m.. At 12:00 a.m. on Tuesday it gives the time as 12:02 p.m. How much time does the clock gain every hour?,,20 seconds,10 seconds,2 seconds,2 minutes,11 seconds,10 seconds,37,Time,Text,P2Q37_24
The school clock is put right on Monday at 12:00 p.m.. At 12:00 a.m. on Tuesday it gives the time as 12:06 p.m. How much time does the clock gain every hour?,,30 seconds,6 seconds,31 seconds,6 minutes,1 minute,30 seconds,37,Time,Text,P2Q37_25
The school clock is put right on Monday at 12:00 p.m.. At 12:00 p.m. on Wednesday it gives the time as 12:04 p.m. How much time does the clock gain every hour?,,5 seconds,10 seconds,1 minute,4 minutes,6 seconds,5 seconds,37,Time,Text,P2Q37_26
The school clock is put right on Monday at 12:00 p.m.. At 12:00 a.m. on Tuesday it gives the time as 12:04 p.m. How much time does the clock gain every hour?,,20 seconds,21 seconds,1 minute,4 seconds,4 minutes,20 seconds,37,Time,Text,P2Q37_27
The school clock is put right on Monday at 12:00 p.m.. At 12:00 a.m. on Tuesday it gives the time as 12:04 p.m. How much time does the clock gain every hour?,,1 minute,20 seconds,4 minutes,4 seconds,21 seconds,20 seconds,37,Time,Text,P2Q37_28
The school clock is put right on Monday at 12:00 p.m.. At 12:00 p.m. on Tuesday it gives the time as 12:08 p.m. How much time does the clock gain every hour?,,20 seconds,8 minutes,4 seconds,21 seconds,1 minute,20 seconds,37,Time,Text,P2Q37_29
The school clock is put right on Monday at 12:00 p.m.. At 12:00 p.m. on Wednesday it gives the time as 12:24 p.m. How much time does the clock gain every hour?,,24 minutes,6 seconds,1 minute,30 seconds,31 seconds,30 seconds,37,Time,Text,P2Q37_30
The school clock is put right on Monday at 12:00 p.m.. At 12:00 a.m. on Tuesday it gives the time as 12:01 p.m. How much time does the clock gain every hour?,,1 minute,1 minutes,5 seconds,10 seconds,6 seconds,5 seconds,37,Time,Text,P2Q37_31
The school clock is put right on Monday at 12:00 p.m.. At 12:00 p.m. on Tuesday it gives the time as 12:06 p.m. How much time does the clock gain every hour?,,3 seconds,1 minute,30 seconds,15 seconds,16 seconds,15 seconds,37,Time,Text,P2Q37_32
The school clock is put right on Monday at 12:00 p.m.. At 12:00 p.m. on Wednesday it gives the time as 12:04 p.m. How much time does the clock gain every hour?,,10 seconds,4 minutes,5 seconds,6 seconds,1 minute,5 seconds,37,Time,Text,P2Q37_33
The school clock is put right on Monday at 12:00 p.m.. At 12:00 p.m. on Tuesday it gives the time as 12:06 p.m. How much time does the clock gain every hour?,,15 seconds,1 minute,16 seconds,30 seconds,3 seconds,15 seconds,37,Time,Text,P2Q37_34
The school clock is put right on Monday at 12:00 p.m.. At 12:00 a.m. on Tuesday it gives the time as 12:02 p.m. How much time does the clock gain every hour?,,2 seconds,2 minutes,10 seconds,20 seconds,11 seconds,10 seconds,37,Time,Text,P2Q37_35
The school clock is put right on Monday at 12:00 p.m.. At 12:00 a.m. on Tuesday it gives the time as 12:01 p.m. How much time does the clock gain every hour?,,10 seconds,5 seconds,6 seconds,1 minute,1 minutes,5 seconds,37,Time,Text,P2Q37_36
The school clock is put right on Monday at 12:00 p.m.. At 12:00 p.m. on Wednesday it gives the time as 12:04 p.m. How much time does the clock gain every hour?,,5 seconds,4 minutes,6 seconds,10 seconds,1 minute,5 seconds,37,Time,Text,P2Q37_37
The school clock is put right on Monday at 12:00 p.m.. At 12:00 a.m. on Tuesday it gives the time as 12:04 p.m. How much time does the clock gain every hour?,,20 seconds,1 minute,21 seconds,4 minutes,4 seconds,20 seconds,37,Time,Text,P2Q37_38
The school clock is put right on Monday at 12:00 p.m.. At 12:00 a.m. on Tuesday it gives the time as 12:06 p.m. How much time does the clock gain every hour?,,6 seconds,6 minutes,30 seconds,1 minute,31 seconds,30 seconds,37,Time,Text,P2Q37_39
The school clock is put right on Monday at 12:00 p.m.. At 12:00 p.m. on Tuesday it gives the time as 12:06 p.m. How much time does the clock gain every hour?,,15 seconds,30 seconds,1 minute,16 seconds,3 seconds,15 seconds,37,Time,Text,P2Q37_40
The school clock is put right on Monday at 12:00 p.m.. At 12:00 p.m. on Wednesday it gives the time as 12:12 p.m. How much time does the clock gain every hour?,,15 seconds,16 seconds,12 minutes,30 seconds,3 seconds,15 seconds,37,Time,Text,P2Q37_41
The school clock is put right on Monday at 12:00 p.m.. At 12:00 p.m. on Tuesday it gives the time as 12:12 p.m. How much time does the clock gain every hour?,,30 seconds,6 seconds,12 minutes,1 minute,31 seconds,30 seconds,37,Time,Text,P2Q37_42
The school clock is put right on Monday at 12:00 p.m.. At 12:00 a.m. on Tuesday it gives the time as 12:03 p.m. How much time does the clock gain every hour?,,30 seconds,15 seconds,16 seconds,1 minute,3 seconds,15 seconds,37,Time,Text,P2Q37_43
The school clock is put right on Monday at 12:00 p.m.. At 12:00 p.m. on Wednesday it gives the time as 12:08 p.m. How much time does the clock gain every hour?,,20 seconds,2 seconds,10 seconds,11 seconds,8 minutes,10 seconds,37,Time,Text,P2Q37_44
The school clock is put right on Monday at 12:00 p.m.. At 12:00 p.m. on Tuesday it gives the time as 12:08 p.m. How much time does the clock gain every hour?,,20 seconds,4 seconds,1 minute,21 seconds,8 minutes,20 seconds,37,Time,Text,P2Q37_45
The school clock is put right on Monday at 12:00 p.m.. At 12:00 p.m. on Tuesday it gives the time as 12:08 p.m. How much time does the clock gain every hour?,,1 minute,20 seconds,4 seconds,21 seconds,8 minutes,20 seconds,37,Time,Text,P2Q37_46
The school clock is put right on Monday at 12:00 p.m.. At 12:00 a.m. on Tuesday it gives the time as 12:02 p.m. How much time does the clock gain every hour?,,2 seconds,2 minutes,10 seconds,20 seconds,11 seconds,10 seconds,37,Time,Text,P2Q37_47
The school clock is put right on Monday at 12:00 p.m.. At 12:00 p.m. on Wednesday it gives the time as 12:08 p.m. How much time does the clock gain every hour?,,20 seconds,10 seconds,11 seconds,8 minutes,2 seconds,10 seconds,37,Time,Text,P2Q37_48
The school clock is put right on Monday at 12:00 p.m.. At 12:00 p.m. on Wednesday it gives the time as 12:08 p.m. How much time does the clock gain every hour?,,20 seconds,10 seconds,2 seconds,11 seconds,8 minutes,10 seconds,37,Time,Text,P2Q37_49
The school clock is put right on Monday at 12:00 p.m.. At 12:00 p.m. on Tuesday it gives the time as 12:02 p.m. How much time does the clock gain every hour?,,5 seconds,1 minute,10 seconds,2 minutes,6 seconds,5 seconds,37,Time,Text,P2Q37_50
The above shape is made from a regular hexagon and a regular hexagon. What is the value of angle $x$?,P3Q37_1.png,150°,210°,90°,120°,180°,120°,37,Shape and Space - Angles,Multiple Choice,P3Q37_1
The above shape is made from a regular octagon and a regular pentagon. What is the value of angle $x$?,P3Q37_2.png,120°,90°,180°,117°,150°,117°,37,Shape and Space - Angles,Multiple Choice,P3Q37_2
The above shape is made from a regular hexagon and a square. What is the value of angle $x$?,P3Q37_3.png,150°,180°,210°,90°,120°,150°,37,Shape and Space - Angles,Multiple Choice,P3Q37_3
The above shape is made from a square and an equilateral triangle. What is the value of angle $x$?,P3Q37_4.png,90°,150°,210°,180°,120°,210°,37,Shape and Space - Angles,Multiple Choice,P3Q37_4
The above shape is made from a regular hexagon and a regular hexagon. What is the value of angle $x$?,P3Q37_5.png,180°,210°,90°,120°,150°,120°,37,Shape and Space - Angles,Multiple Choice,P3Q37_5
The above shape is made from a regular pentagon and a regular hexagon. What is the value of angle $x$?,P3Q37_6.png,120°,150°,180°,132°,90°,132°,37,Shape and Space - Angles,Multiple Choice,P3Q37_6
The above shape is made from a square and a regular pentagon. What is the value of angle $x$?,P3Q37_7.png,90°,150°,180°,120°,162°,162°,37,Shape and Space - Angles,Multiple Choice,P3Q37_7
The above shape is made from a regular pentagon and a regular pentagon. What is the value of angle $x$?,P3Q37_8.png,150°,120°,90°,180°,144°,144°,37,Shape and Space - Angles,Multiple Choice,P3Q37_8
The above shape is made from a regular hexagon and a regular pentagon. What is the value of angle $x$?,P3Q37_9.png,150°,132°,180°,90°,120°,132°,37,Shape and Space - Angles,Multiple Choice,P3Q37_9
The above shape is made from a square and a regular pentagon. What is the value of angle $x$?,P3Q37_10.png,162°,90°,150°,180°,120°,162°,37,Shape and Space - Angles,Multiple Choice,P3Q37_10
The above shape is made from a regular hexagon and an equilateral triangle. What is the value of angle $x$?,P3Q37_11.png,150°,90°,120°,210°,180°,180°,37,Shape and Space - Angles,Multiple Choice,P3Q37_11
The above shape is made from a regular pentagon and a square. What is the value of angle $x$?,P3Q37_12.png,150°,120°,162°,90°,180°,162°,37,Shape and Space - Angles,Multiple Choice,P3Q37_12
The above shape is made from a square and a regular hexagon. What is the value of angle $x$?,P3Q37_13.png,180°,150°,210°,90°,120°,150°,37,Shape and Space - Angles,Multiple Choice,P3Q37_13
The above shape is made from a regular pentagon and a regular pentagon. What is the value of angle $x$?,P3Q37_14.png,150°,90°,144°,180°,120°,144°,37,Shape and Space - Angles,Multiple Choice,P3Q37_14
The above shape is made from a square and a square. What is the value of angle $x$?,P3Q37_15.png,210°,120°,180°,90°,150°,180°,37,Shape and Space - Angles,Multiple Choice,P3Q37_15
The above shape is made from a regular hexagon and a square. What is the value of angle $x$?,P3Q37_16.png,90°,120°,210°,150°,180°,150°,37,Shape and Space - Angles,Multiple Choice,P3Q37_16
The above shape is made from a square and a square. What is the value of angle $x$?,P3Q37_17.png,120°,90°,180°,150°,210°,180°,37,Shape and Space - Angles,Multiple Choice,P3Q37_17
The above shape is made from a regular pentagon and a regular hexagon. What is the value of angle $x$?,P3Q37_18.png,90°,132°,120°,150°,180°,132°,37,Shape and Space - Angles,Multiple Choice,P3Q37_18
The above shape is made from a regular octagon and a regular hexagon. What is the value of angle $x$?,P3Q37_19.png,150°,90°,180°,120°,105°,105°,37,Shape and Space - Angles,Multiple Choice,P3Q37_19
The above shape is made from a regular hexagon and a regular hexagon. What is the value of angle $x$?,P3Q37_20.png,150°,210°,120°,180°,90°,120°,37,Shape and Space - Angles,Multiple Choice,P3Q37_20
"A stack of 10 identical green boxes weighs the same as a stack of 15 identical yellow boxes.
Which of the following statements is NOT correct?",,10 green boxes weigh the same as 16 yellow boxes.,4 green boxes weigh the same as 6 yellow boxes.,20 green boxes weigh the same as 30 yellow boxes.,2 green boxes weigh the same as 3 yellow boxes.,8 green boxes weigh the same as 12 yellow boxes.,10 green boxes weigh the same as 16 yellow boxes.,37,Algebra/Ratio,Multiple Choice,P4Q37_1
"A stack of 6 identical green boxes weighs the same as a stack of 10 identical yellow boxes.
Which of the following statements is NOT correct?",,15 green boxes weigh the same as 25 yellow boxes.,6 green boxes weigh the same as 10 yellow boxes.,3 green boxes weigh the same as 5 yellow boxes.,30 green boxes weigh the same as 50 yellow boxes.,6 green boxes weigh the same as 9 yellow boxes.,6 green boxes weigh the same as 9 yellow boxes.,37,Algebra/Ratio,Multiple Choice,P4Q37_2
"A stack of 9 identical green boxes weighs the same as a stack of 6 identical yellow boxes.
Which of the following statements is NOT correct?",,30 green boxes weigh the same as 20 yellow boxes.,6 green boxes weigh the same as 4 yellow boxes.,3 green boxes weigh the same as 2 yellow boxes.,18 green boxes weigh the same as 11 yellow boxes.,15 green boxes weigh the same as 10 yellow boxes.,18 green boxes weigh the same as 11 yellow boxes.,37,Algebra/Ratio,Multiple Choice,P4Q37_3
"A stack of 25 identical green boxes weighs the same as a stack of 20 identical yellow boxes.
Which of the following statements is NOT correct?",,10 green boxes weigh the same as 7 yellow boxes.,10 green boxes weigh the same as 8 yellow boxes.,35 green boxes weigh the same as 28 yellow boxes.,25 green boxes weigh the same as 20 yellow boxes.,5 green boxes weigh the same as 4 yellow boxes.,10 green boxes weigh the same as 7 yellow boxes.,37,Algebra/Ratio,Multiple Choice,P4Q37_4
"A stack of 10 identical green boxes weighs the same as a stack of 20 identical yellow boxes.
Which of the following statements is NOT correct?",,4 green boxes weigh the same as 8 yellow boxes.,20 green boxes weigh the same as 40 yellow boxes.,6 green boxes weigh the same as 12 yellow boxes.,10 green boxes weigh the same as 20 yellow boxes.,10 green boxes weigh the same as 22 yellow boxes.,10 green boxes weigh the same as 22 yellow boxes.,37,Algebra/Ratio,Multiple Choice,P4Q37_5
"A stack of 9 identical green boxes weighs the same as a stack of 15 identical yellow boxes.
Which of the following statements is NOT correct?",,3 green boxes weigh the same as 5 yellow boxes.,15 green boxes weigh the same as 26 yellow boxes.,15 green boxes weigh the same as 25 yellow boxes.,6 green boxes weigh the same as 10 yellow boxes.,30 green boxes weigh the same as 50 yellow boxes.,15 green boxes weigh the same as 26 yellow boxes.,37,Algebra/Ratio,Multiple Choice,P4Q37_6
"A stack of 8 identical green boxes weighs the same as a stack of 10 identical yellow boxes.
Which of the following statements is NOT correct?",,8 green boxes weigh the same as 11 yellow boxes.,8 green boxes weigh the same as 10 yellow boxes.,4 green boxes weigh the same as 5 yellow boxes.,16 green boxes weigh the same as 20 yellow boxes.,20 green boxes weigh the same as 25 yellow boxes.,8 green boxes weigh the same as 11 yellow boxes.,37,Algebra/Ratio,Multiple Choice,P4Q37_7
"A stack of 6 identical green boxes weighs the same as a stack of 8 identical yellow boxes.
Which of the following statements is NOT correct?",,9 green boxes weigh the same as 12 yellow boxes.,6 green boxes weigh the same as 8 yellow boxes.,6 green boxes weigh the same as 9 yellow boxes.,15 green boxes weigh the same as 20 yellow boxes.,3 green boxes weigh the same as 4 yellow boxes.,6 green boxes weigh the same as 9 yellow boxes.,37,Algebra/Ratio,Multiple Choice,P4Q37_8
"A stack of 8 identical green boxes weighs the same as a stack of 16 identical yellow boxes.
Which of the following statements is NOT correct?",,20 green boxes weigh the same as 40 yellow boxes.,10 green boxes weigh the same as 20 yellow boxes.,12 green boxes weigh the same as 26 yellow boxes.,12 green boxes weigh the same as 24 yellow boxes.,4 green boxes weigh the same as 8 yellow boxes.,12 green boxes weigh the same as 26 yellow boxes.,37,Algebra/Ratio,Multiple Choice,P4Q37_9
"A stack of 16 identical green boxes weighs the same as a stack of 20 identical yellow boxes.
Which of the following statements is NOT correct?",,20 green boxes weigh the same as 24 yellow boxes.,28 green boxes weigh the same as 35 yellow boxes.,20 green boxes weigh the same as 25 yellow boxes.,4 green boxes weigh the same as 5 yellow boxes.,8 green boxes weigh the same as 10 yellow boxes.,20 green boxes weigh the same as 24 yellow boxes.,37,Algebra/Ratio,Multiple Choice,P4Q37_10
"A stack of 4 identical green boxes weighs the same as a stack of 6 identical yellow boxes.
Which of the following statements is NOT correct?",,20 green boxes weigh the same as 30 yellow boxes.,2 green boxes weigh the same as 3 yellow boxes.,12 green boxes weigh the same as 18 yellow boxes.,6 green boxes weigh the same as 11 yellow boxes.,4 green boxes weigh the same as 6 yellow boxes.,6 green boxes weigh the same as 11 yellow boxes.,37,Algebra/Ratio,Multiple Choice,P4Q37_11
"A stack of 15 identical green boxes weighs the same as a stack of 10 identical yellow boxes.
Which of the following statements is NOT correct?",,15 green boxes weigh the same as 10 yellow boxes.,30 green boxes weigh the same as 20 yellow boxes.,9 green boxes weigh the same as 6 yellow boxes.,12 green boxes weigh the same as 10 yellow boxes.,3 green boxes weigh the same as 2 yellow boxes.,12 green boxes weigh the same as 10 yellow boxes.,37,Algebra/Ratio,Multiple Choice,P4Q37_12
"A stack of 20 identical green boxes weighs the same as a stack of 8 identical yellow boxes.
Which of the following statements is NOT correct?",,5 green boxes weigh the same as 2 yellow boxes.,30 green boxes weigh the same as 11 yellow boxes.,10 green boxes weigh the same as 4 yellow boxes.,50 green boxes weigh the same as 20 yellow boxes.,25 green boxes weigh the same as 10 yellow boxes.,30 green boxes weigh the same as 11 yellow boxes.,37,Algebra/Ratio,Multiple Choice,P4Q37_13
"A stack of 10 identical green boxes weighs the same as a stack of 4 identical yellow boxes.
Which of the following statements is NOT correct?",,25 green boxes weigh the same as 12 yellow boxes.,25 green boxes weigh the same as 10 yellow boxes.,50 green boxes weigh the same as 20 yellow boxes.,10 green boxes weigh the same as 4 yellow boxes.,5 green boxes weigh the same as 2 yellow boxes.,25 green boxes weigh the same as 12 yellow boxes.,37,Algebra/Ratio,Multiple Choice,P4Q37_14
"A stack of 10 identical green boxes weighs the same as a stack of 25 identical yellow boxes.
Which of the following statements is NOT correct?",,10 green boxes weigh the same as 26 yellow boxes.,4 green boxes weigh the same as 10 yellow boxes.,20 green boxes weigh the same as 50 yellow boxes.,10 green boxes weigh the same as 25 yellow boxes.,2 green boxes weigh the same as 5 yellow boxes.,10 green boxes weigh the same as 26 yellow boxes.,37,Algebra/Ratio,Multiple Choice,P4Q37_15
"A stack of 6 identical green boxes weighs the same as a stack of 12 identical yellow boxes.
Which of the following statements is NOT correct?",,12 green boxes weigh the same as 26 yellow boxes.,2 green boxes weigh the same as 4 yellow boxes.,10 green boxes weigh the same as 20 yellow boxes.,4 green boxes weigh the same as 8 yellow boxes.,20 green boxes weigh the same as 40 yellow boxes.,12 green boxes weigh the same as 26 yellow boxes.,37,Algebra/Ratio,Multiple Choice,P4Q37_16
"A stack of 12 identical green boxes weighs the same as a stack of 20 identical yellow boxes.
Which of the following statements is NOT correct?",,15 green boxes weigh the same as 25 yellow boxes.,3 green boxes weigh the same as 5 yellow boxes.,6 green boxes weigh the same as 10 yellow boxes.,6 green boxes weigh the same as 12 yellow boxes.,30 green boxes weigh the same as 50 yellow boxes.,6 green boxes weigh the same as 12 yellow boxes.,37,Algebra/Ratio,Multiple Choice,P4Q37_17
"A stack of 12 identical green boxes weighs the same as a stack of 8 identical yellow boxes.
Which of the following statements is NOT correct?",,30 green boxes weigh the same as 20 yellow boxes.,9 green boxes weigh the same as 8 yellow boxes.,3 green boxes weigh the same as 2 yellow boxes.,24 green boxes weigh the same as 16 yellow boxes.,15 green boxes weigh the same as 10 yellow boxes.,9 green boxes weigh the same as 8 yellow boxes.,37,Algebra/Ratio,Multiple Choice,P4Q37_18
"A stack of 20 identical green boxes weighs the same as a stack of 25 identical yellow boxes.
Which of the following statements is NOT correct?",,20 green boxes weigh the same as 25 yellow boxes.,8 green boxes weigh the same as 10 yellow boxes.,12 green boxes weigh the same as 15 yellow boxes.,4 green boxes weigh the same as 5 yellow boxes.,20 green boxes weigh the same as 27 yellow boxes.,20 green boxes weigh the same as 27 yellow boxes.,37,Algebra/Ratio,Multiple Choice,P4Q37_19
"A stack of 15 identical green boxes weighs the same as a stack of 6 identical yellow boxes.
Which of the following statements is NOT correct?",,10 green boxes weigh the same as 4 yellow boxes.,10 green boxes weigh the same as 5 yellow boxes.,5 green boxes weigh the same as 2 yellow boxes.,40 green boxes weigh the same as 16 yellow boxes.,50 green boxes weigh the same as 20 yellow boxes.,10 green boxes weigh the same as 5 yellow boxes.,37,Algebra/Ratio,Multiple Choice,P4Q37_20
"A stack of 10 identical green boxes weighs the same as a stack of 15 identical yellow boxes.
Which of the following statements is NOT correct?",,12 green boxes weigh the same as 19 yellow boxes.,4 green boxes weigh the same as 6 yellow boxes.,14 green boxes weigh the same as 21 yellow boxes.,20 green boxes weigh the same as 30 yellow boxes.,2 green boxes weigh the same as 3 yellow boxes.,12 green boxes weigh the same as 19 yellow boxes.,37,Algebra/Ratio,Multiple Choice,P4Q37_21
"A stack of 15 identical green boxes weighs the same as a stack of 25 identical yellow boxes.
Which of the following statements is NOT correct?",,6 green boxes weigh the same as 9 yellow boxes.,30 green boxes weigh the same as 50 yellow boxes.,3 green boxes weigh the same as 5 yellow boxes.,6 green boxes weigh the same as 10 yellow boxes.,15 green boxes weigh the same as 25 yellow boxes.,6 green boxes weigh the same as 9 yellow boxes.,37,Algebra/Ratio,Multiple Choice,P4Q37_22
"A stack of 15 identical green boxes weighs the same as a stack of 9 identical yellow boxes.
Which of the following statements is NOT correct?",,5 green boxes weigh the same as 3 yellow boxes.,10 green boxes weigh the same as 6 yellow boxes.,20 green boxes weigh the same as 13 yellow boxes.,25 green boxes weigh the same as 15 yellow boxes.,30 green boxes weigh the same as 18 yellow boxes.,20 green boxes weigh the same as 13 yellow boxes.,37,Algebra/Ratio,Multiple Choice,P4Q37_23
"A stack of 8 identical green boxes weighs the same as a stack of 16 identical yellow boxes.
Which of the following statements is NOT correct?",,8 green boxes weigh the same as 16 yellow boxes.,10 green boxes weigh the same as 20 yellow boxes.,20 green boxes weigh the same as 40 yellow boxes.,10 green boxes weigh the same as 22 yellow boxes.,4 green boxes weigh the same as 8 yellow boxes.,10 green boxes weigh the same as 22 yellow boxes.,37,Algebra/Ratio,Multiple Choice,P4Q37_24
"A stack of 12 identical green boxes weighs the same as a stack of 8 identical yellow boxes.
Which of the following statements is NOT correct?",,15 green boxes weigh the same as 10 yellow boxes.,15 green boxes weigh the same as 12 yellow boxes.,3 green boxes weigh the same as 2 yellow boxes.,30 green boxes weigh the same as 20 yellow boxes.,6 green boxes weigh the same as 4 yellow boxes.,15 green boxes weigh the same as 12 yellow boxes.,37,Algebra/Ratio,Multiple Choice,P4Q37_25
"A stack of 4 identical green boxes weighs the same as a stack of 8 identical yellow boxes.
Which of the following statements is NOT correct?",,4 green boxes weigh the same as 8 yellow boxes.,14 green boxes weigh the same as 28 yellow boxes.,10 green boxes weigh the same as 20 yellow boxes.,20 green boxes weigh the same as 40 yellow boxes.,4 green boxes weigh the same as 7 yellow boxes.,4 green boxes weigh the same as 7 yellow boxes.,37,Algebra/Ratio,Multiple Choice,P4Q37_26
"A stack of 16 identical green boxes weighs the same as a stack of 12 identical yellow boxes.
Which of the following statements is NOT correct?",,40 green boxes weigh the same as 30 yellow boxes.,24 green boxes weigh the same as 19 yellow boxes.,8 green boxes weigh the same as 6 yellow boxes.,20 green boxes weigh the same as 15 yellow boxes.,4 green boxes weigh the same as 3 yellow boxes.,24 green boxes weigh the same as 19 yellow boxes.,37,Algebra/Ratio,Multiple Choice,P4Q37_27
"A stack of 10 identical green boxes weighs the same as a stack of 4 identical yellow boxes.
Which of the following statements is NOT correct?",,50 green boxes weigh the same as 20 yellow boxes.,5 green boxes weigh the same as 2 yellow boxes.,35 green boxes weigh the same as 14 yellow boxes.,10 green boxes weigh the same as 4 yellow boxes.,15 green boxes weigh the same as 7 yellow boxes.,15 green boxes weigh the same as 7 yellow boxes.,37,Algebra/Ratio,Multiple Choice,P4Q37_28
"A stack of 16 identical green boxes weighs the same as a stack of 8 identical yellow boxes.
Which of the following statements is NOT correct?",,40 green boxes weigh the same as 20 yellow boxes.,20 green boxes weigh the same as 11 yellow boxes.,4 green boxes weigh the same as 2 yellow boxes.,8 green boxes weigh the same as 4 yellow boxes.,20 green boxes weigh the same as 10 yellow boxes.,20 green boxes weigh the same as 11 yellow boxes.,37,Algebra/Ratio,Multiple Choice,P4Q37_29
"A stack of 25 identical green boxes weighs the same as a stack of 15 identical yellow boxes.
Which of the following statements is NOT correct?",,20 green boxes weigh the same as 12 yellow boxes.,25 green boxes weigh the same as 15 yellow boxes.,15 green boxes weigh the same as 10 yellow boxes.,5 green boxes weigh the same as 3 yellow boxes.,10 green boxes weigh the same as 6 yellow boxes.,15 green boxes weigh the same as 10 yellow boxes.,37,Algebra/Ratio,Multiple Choice,P4Q37_30
"A stack of 8 identical green boxes weighs the same as a stack of 20 identical yellow boxes.
Which of the following statements is NOT correct?",,4 green boxes weigh the same as 10 yellow boxes.,8 green boxes weigh the same as 20 yellow boxes.,2 green boxes weigh the same as 5 yellow boxes.,8 green boxes weigh the same as 21 yellow boxes.,20 green boxes weigh the same as 50 yellow boxes.,8 green boxes weigh the same as 21 yellow boxes.,37,Algebra/Ratio,Multiple Choice,P4Q37_31
"A stack of 8 identical green boxes weighs the same as a stack of 12 identical yellow boxes.
Which of the following statements is NOT correct?",,20 green boxes weigh the same as 30 yellow boxes.,8 green boxes weigh the same as 12 yellow boxes.,8 green boxes weigh the same as 11 yellow boxes.,4 green boxes weigh the same as 6 yellow boxes.,2 green boxes weigh the same as 3 yellow boxes.,8 green boxes weigh the same as 11 yellow boxes.,37,Algebra/Ratio,Multiple Choice,P4Q37_32
"A stack of 4 identical green boxes weighs the same as a stack of 10 identical yellow boxes.
Which of the following statements is NOT correct?",,20 green boxes weigh the same as 50 yellow boxes.,12 green boxes weigh the same as 31 yellow boxes.,6 green boxes weigh the same as 15 yellow boxes.,4 green boxes weigh the same as 10 yellow boxes.,2 green boxes weigh the same as 5 yellow boxes.,12 green boxes weigh the same as 31 yellow boxes.,37,Algebra/Ratio,Multiple Choice,P4Q37_33
"A stack of 10 identical green boxes weighs the same as a stack of 20 identical yellow boxes.
Which of the following statements is NOT correct?",,4 green boxes weigh the same as 8 yellow boxes.,10 green boxes weigh the same as 20 yellow boxes.,20 green boxes weigh the same as 40 yellow boxes.,6 green boxes weigh the same as 13 yellow boxes.,14 green boxes weigh the same as 28 yellow boxes.,6 green boxes weigh the same as 13 yellow boxes.,37,Algebra/Ratio,Multiple Choice,P4Q37_34
"A stack of 10 identical green boxes weighs the same as a stack of 8 identical yellow boxes.
Which of the following statements is NOT correct?",,40 green boxes weigh the same as 32 yellow boxes.,20 green boxes weigh the same as 17 yellow boxes.,10 green boxes weigh the same as 8 yellow boxes.,5 green boxes weigh the same as 4 yellow boxes.,25 green boxes weigh the same as 20 yellow boxes.,20 green boxes weigh the same as 17 yellow boxes.,37,Algebra/Ratio,Multiple Choice,P4Q37_35
"A stack of 25 identical green boxes weighs the same as a stack of 15 identical yellow boxes.
Which of the following statements is NOT correct?",,5 green boxes weigh the same as 3 yellow boxes.,15 green boxes weigh the same as 9 yellow boxes.,10 green boxes weigh the same as 6 yellow boxes.,25 green boxes weigh the same as 15 yellow boxes.,25 green boxes weigh the same as 17 yellow boxes.,25 green boxes weigh the same as 17 yellow boxes.,37,Algebra/Ratio,Multiple Choice,P4Q37_36
"A stack of 6 identical green boxes weighs the same as a stack of 12 identical yellow boxes.
Which of the following statements is NOT correct?",,20 green boxes weigh the same as 40 yellow boxes.,10 green boxes weigh the same as 20 yellow boxes.,12 green boxes weigh the same as 25 yellow boxes.,2 green boxes weigh the same as 4 yellow boxes.,4 green boxes weigh the same as 8 yellow boxes.,12 green boxes weigh the same as 25 yellow boxes.,37,Algebra/Ratio,Multiple Choice,P4Q37_37
"A stack of 12 identical green boxes weighs the same as a stack of 20 identical yellow boxes.
Which of the following statements is NOT correct?",,30 green boxes weigh the same as 50 yellow boxes.,15 green boxes weigh the same as 26 yellow boxes.,6 green boxes weigh the same as 10 yellow boxes.,12 green boxes weigh the same as 20 yellow boxes.,15 green boxes weigh the same as 25 yellow boxes.,15 green boxes weigh the same as 26 yellow boxes.,37,Algebra/Ratio,Multiple Choice,P4Q37_38
"A stack of 8 identical green boxes weighs the same as a stack of 12 identical yellow boxes.
Which of the following statements is NOT correct?",,2 green boxes weigh the same as 3 yellow boxes.,10 green boxes weigh the same as 16 yellow boxes.,10 green boxes weigh the same as 15 yellow boxes.,20 green boxes weigh the same as 30 yellow boxes.,4 green boxes weigh the same as 6 yellow boxes.,10 green boxes weigh the same as 16 yellow boxes.,37,Algebra/Ratio,Multiple Choice,P4Q37_39
"A stack of 6 identical green boxes weighs the same as a stack of 12 identical yellow boxes.
Which of the following statements is NOT correct?",,20 green boxes weigh the same as 40 yellow boxes.,10 green boxes weigh the same as 20 yellow boxes.,12 green boxes weigh the same as 26 yellow boxes.,4 green boxes weigh the same as 8 yellow boxes.,8 green boxes weigh the same as 16 yellow boxes.,12 green boxes weigh the same as 26 yellow boxes.,37,Algebra/Ratio,Multiple Choice,P4Q37_40
"A stack of 10 identical green boxes weighs the same as a stack of 6 identical yellow boxes.
Which of the following statements is NOT correct?",,10 green boxes weigh the same as 8 yellow boxes.,20 green boxes weigh the same as 12 yellow boxes.,5 green boxes weigh the same as 3 yellow boxes.,25 green boxes weigh the same as 15 yellow boxes.,10 green boxes weigh the same as 6 yellow boxes.,10 green boxes weigh the same as 8 yellow boxes.,37,Algebra/Ratio,Multiple Choice,P4Q37_41
"A stack of 15 identical green boxes weighs the same as a stack of 9 identical yellow boxes.
Which of the following statements is NOT correct?",,25 green boxes weigh the same as 15 yellow boxes.,10 green boxes weigh the same as 6 yellow boxes.,25 green boxes weigh the same as 17 yellow boxes.,5 green boxes weigh the same as 3 yellow boxes.,20 green boxes weigh the same as 12 yellow boxes.,25 green boxes weigh the same as 17 yellow boxes.,37,Algebra/Ratio,Multiple Choice,P4Q37_42
"A stack of 20 identical green boxes weighs the same as a stack of 25 identical yellow boxes.
Which of the following statements is NOT correct?",,12 green boxes weigh the same as 14 yellow boxes.,4 green boxes weigh the same as 5 yellow boxes.,12 green boxes weigh the same as 15 yellow boxes.,20 green boxes weigh the same as 25 yellow boxes.,8 green boxes weigh the same as 10 yellow boxes.,12 green boxes weigh the same as 14 yellow boxes.,37,Algebra/Ratio,Multiple Choice,P4Q37_43
"A stack of 10 identical green boxes weighs the same as a stack of 8 identical yellow boxes.
Which of the following statements is NOT correct?",,10 green boxes weigh the same as 8 yellow boxes.,50 green boxes weigh the same as 40 yellow boxes.,15 green boxes weigh the same as 14 yellow boxes.,5 green boxes weigh the same as 4 yellow boxes.,25 green boxes weigh the same as 20 yellow boxes.,15 green boxes weigh the same as 14 yellow boxes.,37,Algebra/Ratio,Multiple Choice,P4Q37_44
"A stack of 25 identical green boxes weighs the same as a stack of 10 identical yellow boxes.
Which of the following statements is NOT correct?",,25 green boxes weigh the same as 12 yellow boxes.,5 green boxes weigh the same as 2 yellow boxes.,10 green boxes weigh the same as 4 yellow boxes.,15 green boxes weigh the same as 6 yellow boxes.,50 green boxes weigh the same as 20 yellow boxes.,25 green boxes weigh the same as 12 yellow boxes.,37,Algebra/Ratio,Multiple Choice,P4Q37_45
"A stack of 10 identical green boxes weighs the same as a stack of 8 identical yellow boxes.
Which of the following statements is NOT correct?",,5 green boxes weigh the same as 4 yellow boxes.,10 green boxes weigh the same as 8 yellow boxes.,20 green boxes weigh the same as 17 yellow boxes.,50 green boxes weigh the same as 40 yellow boxes.,25 green boxes weigh the same as 20 yellow boxes.,20 green boxes weigh the same as 17 yellow boxes.,37,Algebra/Ratio,Multiple Choice,P4Q37_46
"A stack of 4 identical green boxes weighs the same as a stack of 6 identical yellow boxes.
Which of the following statements is NOT correct?",,12 green boxes weigh the same as 20 yellow boxes.,4 green boxes weigh the same as 6 yellow boxes.,2 green boxes weigh the same as 3 yellow boxes.,14 green boxes weigh the same as 21 yellow boxes.,20 green boxes weigh the same as 30 yellow boxes.,12 green boxes weigh the same as 20 yellow boxes.,37,Algebra/Ratio,Multiple Choice,P4Q37_47
"A stack of 10 identical green boxes weighs the same as a stack of 4 identical yellow boxes.
Which of the following statements is NOT correct?",,30 green boxes weigh the same as 14 yellow boxes.,10 green boxes weigh the same as 4 yellow boxes.,5 green boxes weigh the same as 2 yellow boxes.,25 green boxes weigh the same as 10 yellow boxes.,50 green boxes weigh the same as 20 yellow boxes.,30 green boxes weigh the same as 14 yellow boxes.,37,Algebra/Ratio,Multiple Choice,P4Q37_48
"A stack of 15 identical green boxes weighs the same as a stack of 20 identical yellow boxes.
Which of the following statements is NOT correct?",,15 green boxes weigh the same as 19 yellow boxes.,15 green boxes weigh the same as 20 yellow boxes.,12 green boxes weigh the same as 16 yellow boxes.,6 green boxes weigh the same as 8 yellow boxes.,3 green boxes weigh the same as 4 yellow boxes.,15 green boxes weigh the same as 19 yellow boxes.,37,Algebra/Ratio,Multiple Choice,P4Q37_49
"A stack of 10 identical green boxes weighs the same as a stack of 8 identical yellow boxes.
Which of the following statements is NOT correct?",,25 green boxes weigh the same as 20 yellow boxes.,10 green boxes weigh the same as 9 yellow boxes.,50 green boxes weigh the same as 40 yellow boxes.,5 green boxes weigh the same as 4 yellow boxes.,10 green boxes weigh the same as 8 yellow boxes.,10 green boxes weigh the same as 9 yellow boxes.,37,Algebra/Ratio,Multiple Choice,P4Q37_50
Which answer describes the three triangles below in order from left to right?,P2Q38_1.png,"isosceles, scalene, equilateral","equilateral, isosceles, scalene","scalene, isosceles, equilateral","equilateral, scalene, isosceles","scalene, equilateral, isosceles","isosceles, scalene, equilateral",38,Geometry,Image,P2Q38_1
Which answer describes the three triangles below in order from left to right?,P2Q38_2.png,"scalene, right-angled, equilateral","equilateral, scalene, right-angled","right-angled, scalene, equilateral","right-angled, equilateral, scalene","scalene, equilateral, right-angled","scalene, equilateral, right-angled",38,Geometry,Image,P2Q38_2
Which answer describes the three triangles below in order from left to right?,P2Q38_3.png,"scalene, right-angled, isosceles","right-angled, scalene, isosceles","isosceles, right-angled, scalene","isosceles, scalene, right-angled","right-angled, isosceles, scalene","isosceles, right-angled, scalene",38,Geometry,Image,P2Q38_3
Which answer describes the three triangles below in order from left to right?,P2Q38_4.png,"isosceles, scalene, right-angled","right-angled, isosceles, scalene","scalene, right-angled, isosceles","isosceles, right-angled, scalene","right-angled, scalene, isosceles","scalene, right-angled, isosceles",38,Geometry,Image,P2Q38_4
Which answer describes the three triangles below in order from left to right?,P2Q38_5.png,"scalene, right-angled, equilateral","equilateral, right-angled, scalene","scalene, equilateral, right-angled","right-angled, scalene, equilateral","right-angled, equilateral, scalene","scalene, right-angled, equilateral",38,Geometry,Image,P2Q38_5
Which answer describes the three triangles below in order from left to right?,P2Q38_6.png,"isosceles, scalene, equilateral","equilateral, isosceles, scalene","scalene, equilateral, isosceles","scalene, isosceles, equilateral","equilateral, scalene, isosceles","isosceles, scalene, equilateral",38,Geometry,Image,P2Q38_6
Which answer describes the three triangles below in order from left to right?,P2Q38_7.png,"scalene, equilateral, isosceles","equilateral, isosceles, scalene","isosceles, scalene, equilateral","isosceles, equilateral, scalene","equilateral, scalene, isosceles","isosceles, scalene, equilateral",38,Geometry,Image,P2Q38_7
Which answer describes the three triangles below in order from left to right?,P2Q38_8.png,"right-angled, equilateral, scalene","scalene, right-angled, equilateral","scalene, equilateral, right-angled","equilateral, right-angled, scalene","right-angled, scalene, equilateral","right-angled, equilateral, scalene",38,Geometry,Image,P2Q38_8
Which answer describes the three triangles below in order from left to right?,P2Q38_9.png,"isosceles, equilateral, scalene","scalene, isosceles, equilateral","isosceles, scalene, equilateral","scalene, equilateral, isosceles","equilateral, isosceles, scalene","scalene, equilateral, isosceles",38,Geometry,Image,P2Q38_9
Which answer describes the three triangles below in order from left to right?,P2Q38_10.png,"equilateral, isosceles, scalene","equilateral, scalene, isosceles","scalene, equilateral, isosceles","isosceles, equilateral, scalene","scalene, isosceles, equilateral","equilateral, isosceles, scalene",38,Geometry,Image,P2Q38_10
Which answer describes the three triangles below in order from left to right?,P2Q38_11.png,"isosceles, equilateral, right-angled","right-angled, isosceles, equilateral","equilateral, right-angled, isosceles","equilateral, isosceles, right-angled","right-angled, equilateral, isosceles","equilateral, right-angled, isosceles",38,Geometry,Image,P2Q38_11
Which answer describes the three triangles below in order from left to right?,P2Q38_12.png,"scalene, right-angled, isosceles","right-angled, scalene, isosceles","scalene, isosceles, right-angled","isosceles, right-angled, scalene","right-angled, isosceles, scalene","scalene, right-angled, isosceles",38,Geometry,Image,P2Q38_12
Which answer describes the three triangles below in order from left to right?,P2Q38_13.png,"right-angled, scalene, isosceles","isosceles, scalene, right-angled","scalene, right-angled, isosceles","right-angled, isosceles, scalene","scalene, isosceles, right-angled","scalene, isosceles, right-angled",38,Geometry,Image,P2Q38_13
Which answer describes the three triangles below in order from left to right?,P2Q38_14.png,"isosceles, scalene, equilateral","isosceles, equilateral, scalene","scalene, isosceles, equilateral","equilateral, isosceles, scalene","scalene, equilateral, isosceles","scalene, isosceles, equilateral",38,Geometry,Image,P2Q38_14
Which answer describes the three triangles below in order from left to right?,P2Q38_15.png,"right-angled, scalene, isosceles","scalene, isosceles, right-angled","isosceles, right-angled, scalene","right-angled, isosceles, scalene","scalene, right-angled, isosceles","scalene, isosceles, right-angled",38,Geometry,Image,P2Q38_15
Which answer describes the three triangles below in order from left to right?,P2Q38_16.png,"right-angled, equilateral, scalene","scalene, right-angled, equilateral","equilateral, scalene, right-angled","equilateral, right-angled, scalene","scalene, equilateral, right-angled","equilateral, scalene, right-angled",38,Geometry,Image,P2Q38_16
Which answer describes the three triangles below in order from left to right?,P2Q38_17.png,"equilateral, isosceles, scalene","scalene, equilateral, isosceles","isosceles, scalene, equilateral","scalene, isosceles, equilateral","equilateral, scalene, isosceles","isosceles, scalene, equilateral",38,Geometry,Image,P2Q38_17
Which answer describes the three triangles below in order from left to right?,P2Q38_18.png,"right-angled, isosceles, scalene","isosceles, scalene, right-angled","scalene, right-angled, isosceles","scalene, isosceles, right-angled","right-angled, scalene, isosceles","right-angled, scalene, isosceles",38,Geometry,Image,P2Q38_18
Which answer describes the three triangles below in order from left to right?,P2Q38_19.png,"equilateral, scalene, right-angled","right-angled, scalene, equilateral","scalene, right-angled, equilateral","scalene, equilateral, right-angled","equilateral, right-angled, scalene","equilateral, right-angled, scalene",38,Geometry,Image,P2Q38_19
Which answer describes the three triangles below in order from left to right?,P2Q38_20.png,"right-angled, isosceles, equilateral","equilateral, right-angled, isosceles","isosceles, right-angled, equilateral","isosceles, equilateral, right-angled","equilateral, isosceles, right-angled","right-angled, isosceles, equilateral",38,Geometry,Image,P2Q38_20
An examiner marks 327 exam papers. There are 50 questions in each. How many questions are there altogether?,,16350,377,13650,16300,1635,16350,38,Number - Multiplication,Multiple Choice,P3Q38_1
An examiner marks 243 exam papers. There are 86 questions in each. How many questions are there altogether?,,329,2089,20812,20984,20898,20898,38,Number - Multiplication,Multiple Choice,P3Q38_2
A school buys 27 packs of pencils. There are 10 pencils in each. How many pencils are there altogether?,,270,37,260,27,207,270,38,Number - Multiplication,Multiple Choice,P3Q38_3
An examiner marks 170 exam papers. There are 71 questions in each. How many questions are there altogether?,,11999,12070,10270,241,1207,12070,38,Number - Multiplication,Multiple Choice,P3Q38_4
A factory packs 278 boxes. There are 18 items in each. How many items are there altogether?,,5022,5004,4986,296,500,5004,38,Number - Multiplication,Multiple Choice,P3Q38_5
A school buys 27 packs of pencils. There are 13 pencils in each. How many pencils are there altogether?,,338,40,35,351,315,351,38,Number - Multiplication,Multiple Choice,P3Q38_6
A builder lays 37 walls. There are 428 bricks in each. How many bricks are there altogether?,,465,15836,1583,15408,16264,15836,38,Number - Multiplication,Multiple Choice,P3Q38_7
A farmer plants 149 rows of potatoes. There are 45 potatoes in each. How many potatoes are there altogether?,,194,670,6705,6075,6660,6705,38,Number - Multiplication,Multiple Choice,P3Q38_8
A school buys 29 packs of pencils. There are 11 pencils in each. How many pencils are there altogether?,,319,330,40,308,31,319,38,Number - Multiplication,Multiple Choice,P3Q38_9
A school buys 58 packs of pencils. There are 17 pencils in each. How many pencils are there altogether?,,969,75,98,968,986,986,38,Number - Multiplication,Multiple Choice,P3Q38_10
A farmer plants 72 rows of potatoes. There are 46 potatoes in each. How many potatoes are there altogether?,,3312,331,3266,118,3132,3312,38,Number - Multiplication,Multiple Choice,P3Q38_11
An examiner marks 394 exam papers. There are 48 questions in each. How many questions are there altogether?,,18864,442,18960,1891,18912,18912,38,Number - Multiplication,Multiple Choice,P3Q38_12
An examiner marks 306 exam papers. There are 77 questions in each. How many questions are there altogether?,,23562,2356,23639,23485,383,23562,38,Number - Multiplication,Multiple Choice,P3Q38_13
A school buys 50 packs of pencils. There are 22 pencils in each. How many pencils are there altogether?,,1010,72,1078,1100,110,1100,38,Number - Multiplication,Multiple Choice,P3Q38_14
A school buys 80 packs of pencils. There are 19 pencils in each. How many pencils are there altogether?,,1501,99,1250,152,1520,1520,38,Number - Multiplication,Multiple Choice,P3Q38_15
A school buys 69 packs of pencils. There are 12 pencils in each. How many pencils are there altogether?,,816,840,828,81,82,828,38,Number - Multiplication,Multiple Choice,P3Q38_16
A factory packs 314 boxes. There are 29 items in each. How many items are there altogether?,,9106,343,9077,910,9016,9106,38,Number - Multiplication,Multiple Choice,P3Q38_17
A builder lays 35 walls. There are 425 bricks in each. How many bricks are there altogether?,,14875,1487,460,14450,15300,14875,38,Number - Multiplication,Multiple Choice,P3Q38_18
A school buys 48 packs of pencils. There are 16 pencils in each. How many pencils are there altogether?,,768,752,784,76,64,768,38,Number - Multiplication,Multiple Choice,P3Q38_19
A factory packs 140 boxes. There are 16 items in each. How many items are there altogether?,,2240,2224,2256,224,156,2240,38,Number - Multiplication,Multiple Choice,P3Q38_20
A farmer plants 62 rows of potatoes. There are 24 potatoes in each. How many potatoes are there altogether?,,148,1464,1488,1512,86,1488,38,Number - Multiplication,Multiple Choice,P3Q38_21
A builder lays 19 walls. There are 514 bricks in each. How many bricks are there altogether?,,9766,9676,533,9252,976,9766,38,Number - Multiplication,Multiple Choice,P3Q38_22
A builder lays 38 walls. There are 371 bricks in each. How many bricks are there altogether?,,1409,13727,409,10498,14098,14098,38,Number - Multiplication,Multiple Choice,P3Q38_23
A factory packs 380 boxes. There are 15 items in each. How many items are there altogether?,,5070,570,395,5700,5685,5700,38,Number - Multiplication,Multiple Choice,P3Q38_24
A school buys 80 packs of pencils. There are 15 pencils in each. How many pencils are there altogether?,,1200,95,1020,1185,120,1200,38,Number - Multiplication,Multiple Choice,P3Q38_25
A farmer plants 59 rows of potatoes. There are 56 potatoes in each. How many potatoes are there altogether?,,3304,115,3034,330,3248,3304,38,Number - Multiplication,Multiple Choice,P3Q38_26
A factory packs 394 boxes. There are 31 items in each. How many items are there altogether?,,425,12183,12214,12245,1221,12214,38,Number - Multiplication,Multiple Choice,P3Q38_27
A factory packs 345 boxes. There are 48 items in each. How many items are there altogether?,,15660,393,1656,16512,16560,16560,38,Number - Multiplication,Multiple Choice,P3Q38_28
A school buys 30 packs of pencils. There are 11 pencils in each. How many pencils are there altogether?,,41,33,303,330,319,330,38,Number - Multiplication,Multiple Choice,P3Q38_29
A builder lays 36 walls. There are 282 bricks in each. How many bricks are there altogether?,,10434,318,1015,9870,10152,10152,38,Number - Multiplication,Multiple Choice,P3Q38_30
A school buys 36 packs of pencils. There are 14 pencils in each. How many pencils are there altogether?,,540,504,518,50,490,504,38,Number - Multiplication,Multiple Choice,P3Q38_31
A farmer plants 72 rows of potatoes. There are 46 potatoes in each. How many potatoes are there altogether?,,3132,331,3312,118,3266,3312,38,Number - Multiplication,Multiple Choice,P3Q38_32
A factory packs 341 boxes. There are 31 items in each. How many items are there altogether?,,1057,10540,10571,372,10602,10571,38,Number - Multiplication,Multiple Choice,P3Q38_33
A school buys 73 packs of pencils. There are 24 pencils in each. How many pencils are there altogether?,,1752,1728,97,175,1572,1752,38,Number - Multiplication,Multiple Choice,P3Q38_34
A farmer plants 108 rows of potatoes. There are 35 potatoes in each. How many potatoes are there altogether?,,378,143,3745,3780,3815,3780,38,Number - Multiplication,Multiple Choice,P3Q38_35
An examiner marks 347 exam papers. There are 64 questions in each. How many questions are there altogether?,,22208,2220,22272,22144,411,22208,38,Number - Multiplication,Multiple Choice,P3Q38_36
A school buys 20 packs of pencils. There are 20 pencils in each. How many pencils are there altogether?,,380,4000,40,420,400,400,38,Number - Multiplication,Multiple Choice,P3Q38_37
A factory packs 201 boxes. There are 17 items in each. How many items are there altogether?,,341,3147,218,3400,3417,3417,38,Number - Multiplication,Multiple Choice,P3Q38_38
A factory packs 103 boxes. There are 23 items in each. How many items are there altogether?,,2369,126,2392,2346,236,2369,38,Number - Multiplication,Multiple Choice,P3Q38_39
A farmer plants 146 rows of potatoes. There are 44 potatoes in each. How many potatoes are there altogether?,,6424,6244,642,6380,190,6424,38,Number - Multiplication,Multiple Choice,P3Q38_40
A farmer plants 121 rows of potatoes. There are 54 potatoes in each. How many potatoes are there altogether?,,175,6480,653,6534,6354,6534,38,Number - Multiplication,Multiple Choice,P3Q38_41
A builder lays 16 walls. There are 302 bricks in each. How many bricks are there altogether?,,4382,4530,4832,318,483,4832,38,Number - Multiplication,Multiple Choice,P3Q38_42
A builder lays 33 walls. There are 526 bricks in each. How many bricks are there altogether?,,16832,13758,17358,1735,559,17358,38,Number - Multiplication,Multiple Choice,P3Q38_43
A builder lays 37 walls. There are 562 bricks in each. How many bricks are there altogether?,,2079,20232,599,21356,20794,20794,38,Number - Multiplication,Multiple Choice,P3Q38_44
A school buys 59 packs of pencils. There are 22 pencils in each. How many pencils are there altogether?,,1276,129,1320,81,1298,1298,38,Number - Multiplication,Multiple Choice,P3Q38_45
A farmer plants 85 rows of potatoes. There are 39 potatoes in each. How many potatoes are there altogether?,,124,3276,3135,331,3315,3315,38,Number - Multiplication,Multiple Choice,P3Q38_46
A farmer plants 147 rows of potatoes. There are 41 potatoes in each. How many potatoes are there altogether?,,6027,5986,6068,188,602,6027,38,Number - Multiplication,Multiple Choice,P3Q38_47
A school buys 70 packs of pencils. There are 24 pencils in each. How many pencils are there altogether?,,94,1680,1704,168,1656,1680,38,Number - Multiplication,Multiple Choice,P3Q38_48
A factory packs 220 boxes. There are 19 items in each. How many items are there altogether?,,4180,4161,239,4199,418,4180,38,Number - Multiplication,Multiple Choice,P3Q38_49
A farmer plants 102 rows of potatoes. There are 59 potatoes in each. How many potatoes are there altogether?,,601,6018,161,6077,5959,6018,38,Number - Multiplication,Multiple Choice,P3Q38_50
Which of these is different from the others?,,3/4 of 100,3/5 of 100,0.750 of 100,0.75 of 100,75% of 100,3/5 of 100,38,"Fractions, Decimals, Percentages",Multiple Choice,P4Q38_1
Which of these is different from the others?,,0.01 of 200,0.1 of 200,1/10 of 200,10% of 200,0.10 of 200,0.01 of 200,38,"Fractions, Decimals, Percentages",Multiple Choice,P4Q38_2
Which of these is different from the others?,,0.2 of 60,1/4 of 60,1/5 of 60,2/10 of 60,0.20 of 60,1/4 of 60,38,"Fractions, Decimals, Percentages",Multiple Choice,P4Q38_3
Which of these is different from the others?,,0.4 of 40,0.25 of 40,2/8 of 40,3/12 of 40,1/4 of 40,0.4 of 40,38,"Fractions, Decimals, Percentages",Multiple Choice,P4Q38_4
Which of these is different from the others?,,20% of 80,1/4 of 80,0.20 of 80,0.2 of 80,2/10 of 80,1/4 of 80,38,"Fractions, Decimals, Percentages",Multiple Choice,P4Q38_5
Which of these is different from the others?,,5/10 of 40,0.5 of 40,1/2 of 40,5% of 40,3/6 of 40,5% of 40,38,"Fractions, Decimals, Percentages",Multiple Choice,P4Q38_6
Which of these is different from the others?,,5% of 60,3/6 of 60,50% of 60,0.5 of 60,1/2 of 60,5% of 60,38,"Fractions, Decimals, Percentages",Multiple Choice,P4Q38_7
Which of these is different from the others?,,2/8 of 40,25% of 40,0.4 of 40,3/12 of 40,0.25 of 40,0.4 of 40,38,"Fractions, Decimals, Percentages",Multiple Choice,P4Q38_8
Which of these is different from the others?,,0.1 of 60,10/100 of 60,0.01 of 60,0.10 of 60,1/10 of 60,0.01 of 60,38,"Fractions, Decimals, Percentages",Multiple Choice,P4Q38_9
Which of these is different from the others?,,0.5 of 60,5/10 of 60,1/2 of 60,3/6 of 60,5% of 60,5% of 60,38,"Fractions, Decimals, Percentages",Multiple Choice,P4Q38_10
Which of these is different from the others?,,0.1 of 80,1/10 of 80,10% of 80,0.10 of 80,0.01 of 80,0.01 of 80,38,"Fractions, Decimals, Percentages",Multiple Choice,P4Q38_11
Which of these is different from the others?,,0.10 of 60,0.01 of 60,10/100 of 60,1/10 of 60,0.1 of 60,0.01 of 60,38,"Fractions, Decimals, Percentages",Multiple Choice,P4Q38_12
Which of these is different from the others?,,1/4 of 100,0.4 of 100,3/12 of 100,2/8 of 100,0.25 of 100,0.4 of 100,38,"Fractions, Decimals, Percentages",Multiple Choice,P4Q38_13
Which of these is different from the others?,,50% of 200,0.5 of 200,5% of 200,5/10 of 200,3/6 of 200,5% of 200,38,"Fractions, Decimals, Percentages",Multiple Choice,P4Q38_14
Which of these is different from the others?,,1/5 of 200,0.20 of 200,0.2 of 200,1/4 of 200,2/10 of 200,1/4 of 200,38,"Fractions, Decimals, Percentages",Multiple Choice,P4Q38_15
Which of these is different from the others?,,2/10 of 60,1/4 of 60,20% of 60,0.2 of 60,0.20 of 60,1/4 of 60,38,"Fractions, Decimals, Percentages",Multiple Choice,P4Q38_16
Which of these is different from the others?,,0.10 of 100,10% of 100,0.01 of 100,10/100 of 100,1/10 of 100,0.01 of 100,38,"Fractions, Decimals, Percentages",Multiple Choice,P4Q38_17
Which of these is different from the others?,,6/8 of 80,75% of 80,0.750 of 80,3/5 of 80,0.75 of 80,3/5 of 80,38,"Fractions, Decimals, Percentages",Multiple Choice,P4Q38_18
Which of these is different from the others?,,0.10 of 200,0.01 of 200,10% of 200,10/100 of 200,1/10 of 200,0.01 of 200,38,"Fractions, Decimals, Percentages",Multiple Choice,P4Q38_19
Which of these is different from the others?,,1/4 of 40,20% of 40,1/5 of 40,0.20 of 40,2/10 of 40,1/4 of 40,38,"Fractions, Decimals, Percentages",Multiple Choice,P4Q38_20
Which of these is different from the others?,,0.01 of 60,10% of 60,0.10 of 60,10/100 of 60,0.1 of 60,0.01 of 60,38,"Fractions, Decimals, Percentages",Multiple Choice,P4Q38_21
Which of these is different from the others?,,0.75 of 100,3/5 of 100,3/4 of 100,75% of 100,6/8 of 100,3/5 of 100,38,"Fractions, Decimals, Percentages",Multiple Choice,P4Q38_22
Which of these is different from the others?,,2/10 of 100,1/5 of 100,1/4 of 100,0.2 of 100,20% of 100,1/4 of 100,38,"Fractions, Decimals, Percentages",Multiple Choice,P4Q38_23
Which of these is different from the others?,,50% of 60,5% of 60,1/2 of 60,5/10 of 60,3/6 of 60,5% of 60,38,"Fractions, Decimals, Percentages",Multiple Choice,P4Q38_24
Which of these is different from the others?,,0.10 of 100,10% of 100,1/10 of 100,0.1 of 100,0.01 of 100,0.01 of 100,38,"Fractions, Decimals, Percentages",Multiple Choice,P4Q38_25
Which of these is different from the others?,,25% of 100,1/4 of 100,3/12 of 100,0.4 of 100,0.25 of 100,0.4 of 100,38,"Fractions, Decimals, Percentages",Multiple Choice,P4Q38_26
Which of these is different from the others?,,0.10 of 40,10/100 of 40,10% of 40,0.01 of 40,1/10 of 40,0.01 of 40,38,"Fractions, Decimals, Percentages",Multiple Choice,P4Q38_27
Which of these is different from the others?,,1/10 of 40,0.10 of 40,10/100 of 40,0.01 of 40,10% of 40,0.01 of 40,38,"Fractions, Decimals, Percentages",Multiple Choice,P4Q38_28
Which of these is different from the others?,,3/6 of 40,50% of 40,0.5 of 40,5/10 of 40,5% of 40,5% of 40,38,"Fractions, Decimals, Percentages",Multiple Choice,P4Q38_29
Which of these is different from the others?,,0.75 of 80,3/4 of 80,6/8 of 80,3/5 of 80,0.750 of 80,3/5 of 80,38,"Fractions, Decimals, Percentages",Multiple Choice,P4Q38_30
Which of these is different from the others?,,0.5 of 40,1/2 of 40,50% of 40,3/6 of 40,5% of 40,5% of 40,38,"Fractions, Decimals, Percentages",Multiple Choice,P4Q38_31
Which of these is different from the others?,,1/10 of 200,0.01 of 200,10% of 200,0.10 of 200,0.1 of 200,0.01 of 200,38,"Fractions, Decimals, Percentages",Multiple Choice,P4Q38_32
Which of these is different from the others?,,0.1 of 200,1/10 of 200,0.01 of 200,10% of 200,0.10 of 200,0.01 of 200,38,"Fractions, Decimals, Percentages",Multiple Choice,P4Q38_33
Which of these is different from the others?,,0.01 of 200,1/10 of 200,10% of 200,0.1 of 200,10/100 of 200,0.01 of 200,38,"Fractions, Decimals, Percentages",Multiple Choice,P4Q38_34
Which of these is different from the others?,,2/8 of 40,25% of 40,3/12 of 40,1/4 of 40,0.4 of 40,0.4 of 40,38,"Fractions, Decimals, Percentages",Multiple Choice,P4Q38_35
Which of these is different from the others?,,0.4 of 80,3/12 of 80,1/4 of 80,25% of 80,2/8 of 80,0.4 of 80,38,"Fractions, Decimals, Percentages",Multiple Choice,P4Q38_36
Which of these is different from the others?,,6/8 of 40,3/5 of 40,0.750 of 40,3/4 of 40,0.75 of 40,3/5 of 40,38,"Fractions, Decimals, Percentages",Multiple Choice,P4Q38_37
Which of these is different from the others?,,6/8 of 40,3/5 of 40,0.75 of 40,3/4 of 40,0.750 of 40,3/5 of 40,38,"Fractions, Decimals, Percentages",Multiple Choice,P4Q38_38
Which of these is different from the others?,,20% of 40,1/5 of 40,0.2 of 40,1/4 of 40,2/10 of 40,1/4 of 40,38,"Fractions, Decimals, Percentages",Multiple Choice,P4Q38_39
Which of these is different from the others?,,2/10 of 80,0.2 of 80,20% of 80,1/4 of 80,1/5 of 80,1/4 of 80,38,"Fractions, Decimals, Percentages",Multiple Choice,P4Q38_40
Which of these is different from the others?,,5% of 40,50% of 40,1/2 of 40,5/10 of 40,0.5 of 40,5% of 40,38,"Fractions, Decimals, Percentages",Multiple Choice,P4Q38_41
Which of these is different from the others?,,25% of 40,1/4 of 40,0.4 of 40,0.25 of 40,2/8 of 40,0.4 of 40,38,"Fractions, Decimals, Percentages",Multiple Choice,P4Q38_42
Which of these is different from the others?,,0.10 of 80,0.01 of 80,0.1 of 80,10/100 of 80,1/10 of 80,0.01 of 80,38,"Fractions, Decimals, Percentages",Multiple Choice,P4Q38_43
Which of these is different from the others?,,25% of 40,0.4 of 40,3/12 of 40,0.25 of 40,2/8 of 40,0.4 of 40,38,"Fractions, Decimals, Percentages",Multiple Choice,P4Q38_44
Which of these is different from the others?,,6/8 of 80,3/5 of 80,0.750 of 80,0.75 of 80,75% of 80,3/5 of 80,38,"Fractions, Decimals, Percentages",Multiple Choice,P4Q38_45
Which of these is different from the others?,,0.10 of 80,0.01 of 80,1/10 of 80,10/100 of 80,10% of 80,0.01 of 80,38,"Fractions, Decimals, Percentages",Multiple Choice,P4Q38_46
Which of these is different from the others?,,25% of 60,0.25 of 60,0.4 of 60,2/8 of 60,1/4 of 60,0.4 of 60,38,"Fractions, Decimals, Percentages",Multiple Choice,P4Q38_47
Which of these is different from the others?,,25% of 100,1/4 of 100,3/12 of 100,0.4 of 100,0.25 of 100,0.4 of 100,38,"Fractions, Decimals, Percentages",Multiple Choice,P4Q38_48
Which of these is different from the others?,,3/5 of 200,75% of 200,0.75 of 200,0.750 of 200,3/4 of 200,3/5 of 200,38,"Fractions, Decimals, Percentages",Multiple Choice,P4Q38_49
Which of these is different from the others?,,0.4 of 40,25% of 40,3/12 of 40,1/4 of 40,2/8 of 40,0.4 of 40,38,"Fractions, Decimals, Percentages",Multiple Choice,P4Q38_50
Anita is facing NE. She then turns anti-clockwise through 405°. Which direction does she now face?,,N,NE,E,W,S,N,39,Direction,Text,P2Q39_1
Bob is facing S. She then turns anti-clockwise through 540°. Which direction does she now face?,,N,NW,W,S,NE,N,39,Direction,Text,P2Q39_2
Anita is facing SW. She then turns clockwise through 405°. Which direction does she now face?,,N,S,E,SW,W,W,39,Direction,Text,P2Q39_3
Bob is facing N. She then turns clockwise through 810°. Which direction does she now face?,,NE,SW,N,W,E,E,39,Direction,Text,P2Q39_4
Charlie is facing SE. She then turns anti-clockwise through 495°. Which direction does she now face?,,N,S,W,SE,E,N,39,Direction,Text,P2Q39_5
Bob is facing NW. She then turns anti-clockwise through 630°. Which direction does she now face?,,N,NE,SW,NW,SE,NE,39,Direction,Text,P2Q39_6
Charlie is facing W. She then turns clockwise through 450°. Which direction does she now face?,,W,N,S,SE,SW,N,39,Direction,Text,P2Q39_7
Charlie is facing W. She then turns anti-clockwise through 720°. Which direction does she now face?,,NE,W,SE,N,E,W,39,Direction,Text,P2Q39_8
Bob is facing NE. She then turns anti-clockwise through 495°. Which direction does she now face?,,S,SW,W,E,NE,W,39,Direction,Text,P2Q39_9
Charlie is facing SE. She then turns anti-clockwise through 720°. Which direction does she now face?,,SE,NW,N,W,E,SE,39,Direction,Text,P2Q39_10
David is facing S. She then turns clockwise through 765°. Which direction does she now face?,,E,NE,SE,S,SW,SW,39,Direction,Text,P2Q39_11
Charlie is facing NE. She then turns clockwise through 585°. Which direction does she now face?,,SE,S,NE,E,W,W,39,Direction,Text,P2Q39_12
Anita is facing NE. She then turns clockwise through 450°. Which direction does she now face?,,N,NE,E,NW,SE,SE,39,Direction,Text,P2Q39_13
Charlie is facing SW. She then turns clockwise through 810°. Which direction does she now face?,,S,SE,SW,E,NW,NW,39,Direction,Text,P2Q39_14
David is facing W. She then turns anti-clockwise through 405°. Which direction does she now face?,,SW,NW,W,E,NE,SW,39,Direction,Text,P2Q39_15
Anita is facing E. She then turns anti-clockwise through 540°. Which direction does she now face?,,SW,E,W,SE,S,W,39,Direction,Text,P2Q39_16
Anita is facing E. She then turns anti-clockwise through 585°. Which direction does she now face?,,SW,NW,NE,E,N,SW,39,Direction,Text,P2Q39_17
Charlie is facing S. She then turns clockwise through 495°. Which direction does she now face?,,SE,NE,SW,NW,S,NW,39,Direction,Text,P2Q39_18
Bob is facing SW. She then turns clockwise through 405°. Which direction does she now face?,,S,W,NW,SW,E,W,39,Direction,Text,P2Q39_19
Anita is facing W. She then turns anti-clockwise through 720°. Which direction does she now face?,,E,SW,W,NW,NE,W,39,Direction,Text,P2Q39_20
Charlie is facing SE. She then turns clockwise through 630°. Which direction does she now face?,,N,SE,W,NE,SW,NE,39,Direction,Text,P2Q39_21
Bob is facing S. She then turns anti-clockwise through 675°. Which direction does she now face?,,E,SW,NE,SE,S,SW,39,Direction,Text,P2Q39_22
Anita is facing E. She then turns anti-clockwise through 540°. Which direction does she now face?,,SW,N,E,W,NW,W,39,Direction,Text,P2Q39_23
Charlie is facing N. She then turns anti-clockwise through 675°. Which direction does she now face?,,NE,N,SW,NW,W,NE,39,Direction,Text,P2Q39_24
David is facing SE. She then turns anti-clockwise through 765°. Which direction does she now face?,,E,S,W,SE,SW,E,39,Direction,Text,P2Q39_25
Charlie is facing SW. She then turns anti-clockwise through 810°. Which direction does she now face?,,SE,S,E,SW,NW,SE,39,Direction,Text,P2Q39_26
David is facing SE. She then turns clockwise through 765°. Which direction does she now face?,,N,E,NW,S,SE,S,39,Direction,Text,P2Q39_27
Charlie is facing NE. She then turns anti-clockwise through 405°. Which direction does she now face?,,N,SW,S,E,NE,N,39,Direction,Text,P2Q39_28
Charlie is facing S. She then turns clockwise through 450°. Which direction does she now face?,,S,W,NW,SW,E,W,39,Direction,Text,P2Q39_29
David is facing NE. She then turns clockwise through 540°. Which direction does she now face?,,N,W,NE,NW,SW,SW,39,Direction,Text,P2Q39_30
David is facing SE. She then turns clockwise through 450°. Which direction does she now face?,,SE,SW,S,NE,E,SW,39,Direction,Text,P2Q39_31
Anita is facing NW. She then turns clockwise through 720°. Which direction does she now face?,,SE,E,SW,W,NW,NW,39,Direction,Text,P2Q39_32
Anita is facing W. She then turns clockwise through 450°. Which direction does she now face?,,E,W,N,SE,S,N,39,Direction,Text,P2Q39_33
Charlie is facing N. She then turns clockwise through 720°. Which direction does she now face?,,NE,N,E,S,SE,N,39,Direction,Text,P2Q39_34
Charlie is facing W. She then turns clockwise through 720°. Which direction does she now face?,,NW,E,N,W,SW,W,39,Direction,Text,P2Q39_35
Bob is facing NE. She then turns anti-clockwise through 450°. Which direction does she now face?,,NE,E,NW,SW,SE,NW,39,Direction,Text,P2Q39_36
Bob is facing W. She then turns clockwise through 630°. Which direction does she now face?,,SE,NW,W,N,S,S,39,Direction,Text,P2Q39_37
Charlie is facing SE. She then turns anti-clockwise through 765°. Which direction does she now face?,,E,SW,S,SE,W,E,39,Direction,Text,P2Q39_38
Bob is facing NW. She then turns clockwise through 540°. Which direction does she now face?,,E,SW,S,NW,SE,SE,39,Direction,Text,P2Q39_39
Charlie is facing NE. She then turns clockwise through 765°. Which direction does she now face?,,E,N,W,NE,SE,E,39,Direction,Text,P2Q39_40
Charlie is facing S. She then turns anti-clockwise through 585°. Which direction does she now face?,,NE,NW,SE,S,N,NW,39,Direction,Text,P2Q39_41
Charlie is facing N. She then turns clockwise through 450°. Which direction does she now face?,,W,E,N,NE,S,E,39,Direction,Text,P2Q39_42
Anita is facing SE. She then turns anti-clockwise through 495°. Which direction does she now face?,,S,N,W,NW,SE,N,39,Direction,Text,P2Q39_43
David is facing W. She then turns anti-clockwise through 720°. Which direction does she now face?,,E,S,SW,SE,W,W,39,Direction,Text,P2Q39_44
David is facing SE. She then turns clockwise through 810°. Which direction does she now face?,,NW,NE,SE,N,SW,SW,39,Direction,Text,P2Q39_45
Charlie is facing SE. She then turns anti-clockwise through 585°. Which direction does she now face?,,S,W,SE,N,E,W,39,Direction,Text,P2Q39_46
Charlie is facing SW. She then turns clockwise through 630°. Which direction does she now face?,,W,NW,SW,SE,N,SE,39,Direction,Text,P2Q39_47
Bob is facing E. She then turns clockwise through 720°. Which direction does she now face?,,SW,E,N,NE,W,E,39,Direction,Text,P2Q39_48
Anita is facing NW. She then turns anti-clockwise through 450°. Which direction does she now face?,,S,SW,NE,NW,N,SW,39,Direction,Text,P2Q39_49
David is facing SE. She then turns anti-clockwise through 630°. Which direction does she now face?,,SE,NE,SW,S,N,SW,39,Direction,Text,P2Q39_50
What fraction of 1 kg is 750 g?,,$\frac{2}{6}$,$\frac{4}{7}$,$\frac{1}{4}$,$\frac{3}{4}$,$\frac{4}{3}$,$\frac{3}{4}$,39,Number - Fractions,Multiple Choice,P3Q39_1
What fraction of 4 m is 120 cm?,,$\frac{1}{2}$,$\frac{3}{5}$,$\frac{7}{10}$,$\frac{10}{3}$,$\frac{3}{10}$,$\frac{3}{10}$,39,Number - Fractions,Multiple Choice,P3Q39_2
What fraction of 4 m is 50 cm?,,$\frac{1}{8}$,$\frac{2}{3}$,$\frac{1}{2}$,$\frac{8}{1}$,$\frac{7}{8}$,$\frac{1}{8}$,39,Number - Fractions,Multiple Choice,P3Q39_3
What fraction of 1 hours is 45 minutes?,,$\frac{9}{10}$,$\frac{3}{4}$,$\frac{1}{4}$,$\frac{2}{3}$,$\frac{4}{3}$,$\frac{3}{4}$,39,Number - Fractions,Multiple Choice,P3Q39_4
What fraction of 1 kg is 200 g?,,$\frac{5}{1}$,$\frac{4}{6}$,$\frac{4}{5}$,$\frac{7}{10}$,$\frac{1}{5}$,$\frac{1}{5}$,39,Number - Fractions,Multiple Choice,P3Q39_5
What fraction of 1 hours is 30 minutes?,,$\frac{3}{9}$,$\frac{2}{1}$,$\frac{1}{2}$,$\frac{7}{9}$,$\frac{2}{3}$,$\frac{1}{2}$,39,Number - Fractions,Multiple Choice,P3Q39_6
What fraction of 1 hours is 24 minutes?,,$\frac{3}{5}$,$\frac{2}{5}$,$\frac{1}{2}$,$\frac{5}{2}$,$\frac{9}{10}$,$\frac{2}{5}$,39,Number - Fractions,Multiple Choice,P3Q39_7
What fraction of 4 m is 200 cm?,,$\frac{1}{6}$,$\frac{1}{5}$,$\frac{1}{2}$,$\frac{3}{4}$,$\frac{2}{1}$,$\frac{1}{2}$,39,Number - Fractions,Multiple Choice,P3Q39_8
What fraction of 3 m is 180 cm?,,$\frac{1}{5}$,$\frac{3}{7}$,$\frac{5}{3}$,$\frac{3}{5}$,$\frac{2}{5}$,$\frac{3}{5}$,39,Number - Fractions,Multiple Choice,P3Q39_9
What fraction of 1 m is 25 cm?,,$\frac{3}{4}$,$\frac{1}{4}$,$\frac{4}{1}$,$\frac{3}{5}$,$\frac{2}{3}$,$\frac{1}{4}$,39,Number - Fractions,Multiple Choice,P3Q39_10
What fraction of 4 hours is 216 minutes?,,$\frac{10}{9}$,$\frac{9}{10}$,$\frac{5}{7}$,$\frac{1}{10}$,$\frac{1}{7}$,$\frac{9}{10}$,39,Number - Fractions,Multiple Choice,P3Q39_11
What fraction of 3 hours is 90 minutes?,,$\frac{2}{3}$,$\frac{3}{10}$,$\frac{1}{2}$,$\frac{2}{1}$,$\frac{1}{5}$,$\frac{1}{2}$,39,Number - Fractions,Multiple Choice,P3Q39_12
What fraction of 3 m is 120 cm?,,$\frac{1}{3}$,$\frac{5}{9}$,$\frac{2}{5}$,$\frac{3}{5}$,$\frac{5}{2}$,$\frac{2}{5}$,39,Number - Fractions,Multiple Choice,P3Q39_13
What fraction of 4 hours is 192 minutes?,,$\frac{2}{4}$,$\frac{4}{5}$,$\frac{5}{10}$,$\frac{1}{5}$,$\frac{5}{4}$,$\frac{4}{5}$,39,Number - Fractions,Multiple Choice,P3Q39_14
What fraction of 2 m is 50 cm?,,$\frac{1}{2}$,$\frac{4}{1}$,$\frac{1}{4}$,$\frac{3}{4}$,$\frac{1}{7}$,$\frac{1}{4}$,39,Number - Fractions,Multiple Choice,P3Q39_15
What fraction of 2 kg is 1500 g?,,$\frac{3}{7}$,$\frac{1}{4}$,$\frac{1}{7}$,$\frac{3}{4}$,$\frac{4}{3}$,$\frac{3}{4}$,39,Number - Fractions,Multiple Choice,P3Q39_16
What fraction of 1 m is 25 cm?,,$\frac{2}{4}$,$\frac{3}{6}$,$\frac{3}{4}$,$\frac{4}{1}$,$\frac{1}{4}$,$\frac{1}{4}$,39,Number - Fractions,Multiple Choice,P3Q39_17
What fraction of £5 is 250p?,,$\frac{3}{9}$,$\frac{6}{9}$,$\frac{1}{2}$,$\frac{2}{9}$,$\frac{2}{1}$,$\frac{1}{2}$,39,Number - Fractions,Multiple Choice,P3Q39_18
What fraction of 3 m is 150 cm?,,$\frac{1}{7}$,$\frac{1}{2}$,$\frac{2}{1}$,$\frac{1}{8}$,$\frac{6}{7}$,$\frac{1}{2}$,39,Number - Fractions,Multiple Choice,P3Q39_19
What fraction of 1 kg is 800 g?,,$\frac{4}{5}$,$\frac{1}{5}$,$\frac{5}{4}$,$\frac{1}{2}$,$\frac{3}{4}$,$\frac{4}{5}$,39,Number - Fractions,Multiple Choice,P3Q39_20
What fraction of 2 hours is 45 minutes?,,$\frac{5}{8}$,$\frac{3}{8}$,$\frac{8}{3}$,$\frac{1}{10}$,$\frac{3}{4}$,$\frac{3}{8}$,39,Number - Fractions,Multiple Choice,P3Q39_21
What fraction of £1 is 40p?,,$\frac{5}{2}$,$\frac{1}{9}$,$\frac{3}{5}$,$\frac{8}{9}$,$\frac{2}{5}$,$\frac{2}{5}$,39,Number - Fractions,Multiple Choice,P3Q39_22
What fraction of 5 m is 350 cm?,,$\frac{2}{8}$,$\frac{10}{7}$,$\frac{5}{8}$,$\frac{3}{10}$,$\frac{7}{10}$,$\frac{7}{10}$,39,Number - Fractions,Multiple Choice,P3Q39_23
What fraction of £5 is 350p?,,$\frac{3}{6}$,$\frac{1}{3}$,$\frac{10}{7}$,$\frac{3}{10}$,$\frac{7}{10}$,$\frac{7}{10}$,39,Number - Fractions,Multiple Choice,P3Q39_24
What fraction of £5 is 350p?,,$\frac{4}{5}$,$\frac{3}{10}$,$\frac{7}{10}$,$\frac{1}{2}$,$\frac{10}{7}$,$\frac{7}{10}$,39,Number - Fractions,Multiple Choice,P3Q39_25
What fraction of £5 is 125p?,,$\frac{1}{4}$,$\frac{1}{2}$,$\frac{8}{10}$,$\frac{3}{4}$,$\frac{4}{1}$,$\frac{1}{4}$,39,Number - Fractions,Multiple Choice,P3Q39_26
What fraction of 3 kg is 750 g?,,$\frac{1}{4}$,$\frac{4}{1}$,$\frac{2}{6}$,$\frac{1}{8}$,$\frac{3}{4}$,$\frac{1}{4}$,39,Number - Fractions,Multiple Choice,P3Q39_27
What fraction of 3 kg is 2100 g?,,$\frac{7}{10}$,$\frac{3}{10}$,$\frac{6}{10}$,$\frac{10}{7}$,$\frac{7}{8}$,$\frac{7}{10}$,39,Number - Fractions,Multiple Choice,P3Q39_28
What fraction of £5 is 150p?,,$\frac{7}{10}$,$\frac{1}{7}$,$\frac{1}{5}$,$\frac{10}{3}$,$\frac{3}{10}$,$\frac{3}{10}$,39,Number - Fractions,Multiple Choice,P3Q39_29
What fraction of 3 kg is 1500 g?,,$\frac{3}{5}$,$\frac{9}{10}$,$\frac{1}{2}$,$\frac{6}{8}$,$\frac{2}{1}$,$\frac{1}{2}$,39,Number - Fractions,Multiple Choice,P3Q39_30
What fraction of £5 is 200p?,,$\frac{3}{10}$,$\frac{5}{2}$,$\frac{7}{9}$,$\frac{2}{5}$,$\frac{3}{5}$,$\frac{2}{5}$,39,Number - Fractions,Multiple Choice,P3Q39_31
What fraction of 1 hours is 24 minutes?,,$\frac{2}{7}$,$\frac{5}{2}$,$\frac{3}{5}$,$\frac{2}{5}$,$\frac{1}{2}$,$\frac{2}{5}$,39,Number - Fractions,Multiple Choice,P3Q39_32
What fraction of 4 m is 250 cm?,,$\frac{3}{8}$,$\frac{5}{8}$,$\frac{8}{10}$,$\frac{6}{9}$,$\frac{8}{5}$,$\frac{5}{8}$,39,Number - Fractions,Multiple Choice,P3Q39_33
What fraction of £5 is 125p?,,$\frac{3}{4}$,$\frac{6}{10}$,$\frac{4}{1}$,$\frac{1}{4}$,$\frac{2}{10}$,$\frac{1}{4}$,39,Number - Fractions,Multiple Choice,P3Q39_34
What fraction of 4 m is 280 cm?,,$\frac{7}{9}$,$\frac{7}{10}$,$\frac{3}{10}$,$\frac{10}{7}$,$\frac{2}{5}$,$\frac{7}{10}$,39,Number - Fractions,Multiple Choice,P3Q39_35
What fraction of 3 kg is 2500 g?,,$\frac{1}{6}$,$\frac{6}{7}$,$\frac{5}{6}$,$\frac{6}{5}$,$\frac{3}{9}$,$\frac{5}{6}$,39,Number - Fractions,Multiple Choice,P3Q39_36
What fraction of £5 is 125p?,,$\frac{1}{7}$,$\frac{1}{4}$,$\frac{4}{1}$,$\frac{3}{7}$,$\frac{3}{4}$,$\frac{1}{4}$,39,Number - Fractions,Multiple Choice,P3Q39_37
What fraction of 5 m is 375 cm?,,$\frac{1}{2}$,$\frac{1}{4}$,$\frac{4}{3}$,$\frac{3}{4}$,$\frac{5}{6}$,$\frac{3}{4}$,39,Number - Fractions,Multiple Choice,P3Q39_38
What fraction of £2 is 100p?,,$\frac{2}{3}$,$\frac{5}{10}$,$\frac{1}{2}$,$\frac{2}{1}$,$\frac{3}{8}$,$\frac{1}{2}$,39,Number - Fractions,Multiple Choice,P3Q39_39
What fraction of 2 kg is 1500 g?,,$\frac{1}{2}$,$\frac{4}{3}$,$\frac{1}{4}$,$\frac{6}{8}$,$\frac{3}{4}$,$\frac{3}{4}$,39,Number - Fractions,Multiple Choice,P3Q39_40
What fraction of 3 kg is 2000 g?,,$\frac{1}{7}$,$\frac{2}{3}$,$\frac{4}{9}$,$\frac{3}{2}$,$\frac{1}{3}$,$\frac{2}{3}$,39,Number - Fractions,Multiple Choice,P3Q39_41
What fraction of 1 kg is 600 g?,,$\frac{1}{4}$,$\frac{1}{3}$,$\frac{2}{5}$,$\frac{5}{3}$,$\frac{3}{5}$,$\frac{3}{5}$,39,Number - Fractions,Multiple Choice,P3Q39_42
What fraction of 2 m is 50 cm?,,$\frac{5}{9}$,$\frac{4}{1}$,$\frac{4}{6}$,$\frac{1}{4}$,$\frac{3}{4}$,$\frac{1}{4}$,39,Number - Fractions,Multiple Choice,P3Q39_43
What fraction of 4 m is 320 cm?,,$\frac{2}{4}$,$\frac{4}{5}$,$\frac{5}{4}$,$\frac{1}{5}$,$\frac{5}{7}$,$\frac{4}{5}$,39,Number - Fractions,Multiple Choice,P3Q39_44
What fraction of 3 kg is 1000 g?,,$\frac{2}{3}$,$\frac{3}{1}$,$\frac{1}{3}$,$\frac{1}{2}$,$\frac{7}{10}$,$\frac{1}{3}$,39,Number - Fractions,Multiple Choice,P3Q39_45
What fraction of 1 m is 20 cm?,,$\frac{4}{5}$,$\frac{3}{4}$,$\frac{2}{3}$,$\frac{1}{5}$,$\frac{5}{1}$,$\frac{1}{5}$,39,Number - Fractions,Multiple Choice,P3Q39_46
What fraction of 4 hours is 120 minutes?,,$\frac{1}{6}$,$\frac{1}{9}$,$\frac{2}{1}$,$\frac{1}{2}$,$\frac{3}{7}$,$\frac{1}{2}$,39,Number - Fractions,Multiple Choice,P3Q39_47
What fraction of 2 hours is 96 minutes?,,$\frac{1}{10}$,$\frac{1}{5}$,$\frac{5}{4}$,$\frac{1}{3}$,$\frac{4}{5}$,$\frac{4}{5}$,39,Number - Fractions,Multiple Choice,P3Q39_48
What fraction of 2 kg is 1800 g?,,$\frac{4}{6}$,$\frac{1}{10}$,$\frac{9}{10}$,$\frac{4}{9}$,$\frac{10}{9}$,$\frac{9}{10}$,39,Number - Fractions,Multiple Choice,P3Q39_49
What fraction of £1 is 40p?,,$\frac{4}{7}$,$\frac{3}{5}$,$\frac{5}{2}$,$\frac{2}{5}$,$\frac{1}{2}$,$\frac{2}{5}$,39,Number - Fractions,Multiple Choice,P3Q39_50
"AB is a straight line.
XYZ is an isosceles triangle with a right angle at Z.
Angle BXY is 65°.
What is the value of angle m?",P4Q39_1.png,70°,60°,75°,50°,90°,70°,39,Geometry - Angles,Multiple Choice,P4Q39_1
"AB is a straight line.
XYZ is an isosceles triangle with a right angle at Z.
Angle BXY is 55°.
What is the value of angle m?",P4Q39_2.png,75°,85°,80°,60°,65°,80°,39,Geometry - Angles,Multiple Choice,P4Q39_2
"AB is a straight line.
XYZ is an isosceles triangle with a right angle at Z.
Angle BXY is 60°.
What is the value of angle m?",P4Q39_3.png,75°,60°,90°,85°,70°,75°,39,Geometry - Angles,Multiple Choice,P4Q39_3
"AB is a straight line.
XYZ is an isosceles triangle with a right angle at Z.
Angle BXY is 60°.
What is the value of angle m?",P4Q39_4.png,90°,75°,80°,65°,95°,75°,39,Geometry - Angles,Multiple Choice,P4Q39_4
"AB is a straight line.
XYZ is an isosceles triangle with a right angle at Z.
Angle BXY is 65°.
What is the value of angle m?",P4Q39_5.png,55°,65°,90°,70°,60°,70°,39,Geometry - Angles,Multiple Choice,P4Q39_5
"AB is a straight line.
XYZ is an isosceles triangle with a right angle at Z.
Angle BXY is 65°.
What is the value of angle m?",P4Q39_6.png,60°,85°,70°,75°,50°,70°,39,Geometry - Angles,Multiple Choice,P4Q39_6
"AB is a straight line.
XYZ is an isosceles triangle with a right angle at Z.
Angle BXY is 50°.
What is the value of angle m?",P4Q39_7.png,90°,100°,105°,85°,75°,85°,39,Geometry - Angles,Multiple Choice,P4Q39_7
"AB is a straight line.
XYZ is an isosceles triangle with a right angle at Z.
Angle BXY is 50°.
What is the value of angle m?",P4Q39_8.png,70°,75°,85°,80°,95°,85°,39,Geometry - Angles,Multiple Choice,P4Q39_8
"AB is a straight line.
XYZ is an isosceles triangle with a right angle at Z.
Angle BXY is 55°.
What is the value of angle m?",P4Q39_9.png,95°,80°,65°,90°,100°,80°,39,Geometry - Angles,Multiple Choice,P4Q39_9
"AB is a straight line.
XYZ is an isosceles triangle with a right angle at Z.
Angle BXY is 70°.
What is the value of angle m?",P4Q39_10.png,65°,75°,55°,85°,60°,65°,39,Geometry - Angles,Multiple Choice,P4Q39_10
"AB is a straight line.
XYZ is an isosceles triangle with a right angle at Z.
Angle BXY is 70°.
What is the value of angle m?",P4Q39_11.png,55°,65°,70°,45°,60°,65°,39,Geometry - Angles,Multiple Choice,P4Q39_11
"AB is a straight line.
XYZ is an isosceles triangle with a right angle at Z.
Angle BXY is 65°.
What is the value of angle m?",P4Q39_12.png,90°,60°,70°,85°,75°,70°,39,Geometry - Angles,Multiple Choice,P4Q39_12
"AB is a straight line.
XYZ is an isosceles triangle with a right angle at Z.
Angle BXY is 65°.
What is the value of angle m?",P4Q39_13.png,70°,55°,75°,90°,50°,70°,39,Geometry - Angles,Multiple Choice,P4Q39_13
"AB is a straight line.
XYZ is an isosceles triangle with a right angle at Z.
Angle BXY is 70°.
What is the value of angle m?",P4Q39_14.png,50°,80°,65°,85°,55°,65°,39,Geometry - Angles,Multiple Choice,P4Q39_14
"AB is a straight line.
XYZ is an isosceles triangle with a right angle at Z.
Angle BXY is 50°.
What is the value of angle m?",P4Q39_15.png,85°,70°,100°,80°,90°,85°,39,Geometry - Angles,Multiple Choice,P4Q39_15
"AB is a straight line.
XYZ is an isosceles triangle with a right angle at Z.
Angle BXY is 55°.
What is the value of angle m?",P4Q39_16.png,95°,85°,70°,80°,100°,80°,39,Geometry - Angles,Multiple Choice,P4Q39_16
"AB is a straight line.
XYZ is an isosceles triangle with a right angle at Z.
Angle BXY is 55°.
What is the value of angle m?",P4Q39_17.png,60°,65°,95°,80°,100°,80°,39,Geometry - Angles,Multiple Choice,P4Q39_17
"AB is a straight line.
XYZ is an isosceles triangle with a right angle at Z.
Angle BXY is 60°.
What is the value of angle m?",P4Q39_18.png,80°,65°,75°,60°,90°,75°,39,Geometry - Angles,Multiple Choice,P4Q39_18
"AB is a straight line.
XYZ is an isosceles triangle with a right angle at Z.
Angle BXY is 55°.
What is the value of angle m?",P4Q39_19.png,80°,60°,90°,85°,100°,80°,39,Geometry - Angles,Multiple Choice,P4Q39_19
"AB is a straight line.
XYZ is an isosceles triangle with a right angle at Z.
Angle BXY is 55°.
What is the value of angle m?",P4Q39_20.png,90°,60°,80°,75°,70°,80°,39,Geometry - Angles,Multiple Choice,P4Q39_20
"What are the coordinates of D, E and F?",P2Q40_1.png,"D(4, 7) E(6, 5) F(3, 2)","D(5,7) E(4,1) F(5,8)","D(2, 3) E(7, 4) F(5, 6)","D(3, 2) E(6, 5) F(4, 7)","D(3, 2) E(4, 7) F(6, 5)","D(3, 2) E(4, 7) F(6, 5)",40,Coordinates,Image,P2Q40_1
"What are the coordinates of D, E and F?",P2Q40_2.png,"D(3, 5) E(9, 1) F(2, 5)","D(9,5) E(8,5) F(3,9)","D(5, 3) E(5, 2) F(1, 9)","D(1, 9) E(5, 2) F(5, 3)","D(5, 3) E(1, 9) F(5, 2)","D(5, 3) E(1, 9) F(5, 2)",40,Coordinates,Image,P2Q40_2
"What are the coordinates of D, E and F?",P2Q40_3.png,"D(4, 1) E(7, 4) F(2, 4)","D(8,8) E(9,8) F(2,5)","D(4, 1) E(2, 4) F(7, 4)","D(1, 4) E(4, 2) F(4, 7)","D(2, 4) E(7, 4) F(4, 1)","D(4, 1) E(2, 4) F(7, 4)",40,Coordinates,Image,P2Q40_3
"What are the coordinates of D, E and F?",P2Q40_4.png,"D(1,1) E(8,4) F(1,4)","D(7, 5) E(2, 1) F(3, 3)","D(3, 3) E(5, 7) F(1, 2)","D(3, 3) E(2, 1) F(7, 5)","D(3, 3) E(7, 5) F(2, 1)","D(3, 3) E(7, 5) F(2, 1)",40,Coordinates,Image,P2Q40_4
"What are the coordinates of D, E and F?",P2Q40_5.png,"D(8, 2) E(3, 6) F(7, 4)","D(2, 8) E(6, 3) F(4, 7)","D(5,4) E(7,7) F(7,5)","D(8, 2) E(7, 4) F(3, 6)","D(3, 6) E(7, 4) F(8, 2)","D(8, 2) E(3, 6) F(7, 4)",40,Coordinates,Image,P2Q40_5
"What are the coordinates of D, E and F?",P2Q40_6.png,"D(8, 6) E(8, 3) F(7, 1)","D(7, 1) E(8, 3) F(8, 6)","D(8, 6) E(7, 1) F(8, 3)","D(8,9) E(5,5) F(4,1)","D(6, 8) E(1, 7) F(3, 8)","D(8, 6) E(7, 1) F(8, 3)",40,Coordinates,Image,P2Q40_6
"What are the coordinates of D, E and F?",P2Q40_7.png,"D(1,8) E(7,3) F(7,4)","D(6, 8) E(3, 7) F(4, 1)","D(6, 8) E(4, 1) F(3, 7)","D(4, 1) E(3, 7) F(6, 8)","D(8, 6) E(1, 4) F(7, 3)","D(6, 8) E(4, 1) F(3, 7)",40,Coordinates,Image,P2Q40_7
"What are the coordinates of D, E and F?",P2Q40_8.png,"D(2, 5) E(9, 4) F(7, 9)","D(2, 5) E(7, 9) F(9, 4)","D(2,5) E(5,6) F(9,4)","D(7, 9) E(9, 4) F(2, 5)","D(5, 2) E(9, 7) F(4, 9)","D(2, 5) E(7, 9) F(9, 4)",40,Coordinates,Image,P2Q40_8
"What are the coordinates of D, E and F?",P2Q40_9.png,"D(4, 3) E(8, 9) F(2, 3)","D(3,7) E(5,1) F(4,4)","D(3, 2) E(3, 4) F(9, 8)","D(2, 3) E(4, 3) F(8, 9)","D(2, 3) E(8, 9) F(4, 3)","D(2, 3) E(4, 3) F(8, 9)",40,Coordinates,Image,P2Q40_9
"What are the coordinates of D, E and F?",P2Q40_10.png,"D(7, 9) E(9, 5) F(1, 9)","D(5, 9) E(9, 1) F(9, 7)","D(9, 7) E(9, 1) F(5, 9)","D(9, 7) E(5, 9) F(9, 1)","D(4,5) E(3,5) F(6,2)","D(9, 7) E(5, 9) F(9, 1)",40,Coordinates,Image,P2Q40_10
"What are the coordinates of D, E and F?",P2Q40_11.png,"D(9,5) E(7,5) F(7,9)","D(5, 1) E(3, 6) F(1, 7)","D(1, 5) E(7, 1) F(6, 3)","D(1, 5) E(6, 3) F(7, 1)","D(6, 3) E(7, 1) F(1, 5)","D(1, 5) E(6, 3) F(7, 1)",40,Coordinates,Image,P2Q40_11
"What are the coordinates of D, E and F?",P2Q40_12.png,"D(9, 1) E(5, 8) F(7, 5)","D(1, 9) E(5, 7) F(8, 5)","D(8, 5) E(5, 7) F(1, 9)","D(2,2) E(7,2) F(9,2)","D(1, 9) E(8, 5) F(5, 7)","D(1, 9) E(8, 5) F(5, 7)",40,Coordinates,Image,P2Q40_12
"What are the coordinates of D, E and F?",P2Q40_13.png,"D(6,4) E(7,2) F(3,6)","D(1, 4) E(3, 9) F(6, 3)","D(9, 3) E(3, 6) F(4, 1)","D(4, 1) E(9, 3) F(3, 6)","D(4, 1) E(3, 6) F(9, 3)","D(4, 1) E(9, 3) F(3, 6)",40,Coordinates,Image,P2Q40_13
"What are the coordinates of D, E and F?",P2Q40_14.png,"D(4, 8) E(4, 9) F(3, 1)","D(3, 1) E(4, 9) F(4, 8)","D(4,6) E(8,6) F(4,1)","D(1, 3) E(8, 4) F(9, 4)","D(3, 1) E(4, 8) F(4, 9)","D(3, 1) E(4, 8) F(4, 9)",40,Coordinates,Image,P2Q40_14
"What are the coordinates of D, E and F?",P2Q40_15.png,"D(3, 3) E(4, 2) F(9, 1)","D(1,6) E(4,6) F(2,3)","D(3, 3) E(2, 4) F(1, 9)","D(4, 2) E(9, 1) F(3, 3)","D(3, 3) E(9, 1) F(4, 2)","D(3, 3) E(4, 2) F(9, 1)",40,Coordinates,Image,P2Q40_15
"What are the coordinates of D, E and F?",P2Q40_16.png,"D(4, 3) E(8, 8) F(1, 8)","D(8, 8) E(8, 1) F(3, 4)","D(3, 4) E(8, 8) F(8, 1)","D(9,5) E(1,4) F(6,9)","D(3, 4) E(8, 1) F(8, 8)","D(3, 4) E(8, 8) F(8, 1)",40,Coordinates,Image,P2Q40_16
"What are the coordinates of D, E and F?",P2Q40_17.png,"D(7, 8) E(5, 4) F(5, 2)","D(8, 7) E(4, 5) F(2, 5)","D(5, 4) E(5, 2) F(7, 8)","D(8,2) E(6,5) F(9,4)","D(7, 8) E(5, 2) F(5, 4)","D(7, 8) E(5, 4) F(5, 2)",40,Coordinates,Image,P2Q40_17
"What are the coordinates of D, E and F?",P2Q40_18.png,"D(2, 6) E(9, 6) F(9, 3)","D(9, 6) E(9, 3) F(2, 6)","D(6, 2) E(6, 9) F(3, 9)","D(2, 6) E(9, 3) F(9, 6)","D(8,9) E(8,1) F(2,4)","D(2, 6) E(9, 6) F(9, 3)",40,Coordinates,Image,P2Q40_18
"What are the coordinates of D, E and F?",P2Q40_19.png,"D(1, 3) E(7, 5) F(5, 3)","D(5, 7) E(3, 5) F(3, 1)","D(4,7) E(7,9) F(7,6)","D(3, 1) E(3, 5) F(5, 7)","D(3, 1) E(5, 7) F(3, 5)","D(3, 1) E(5, 7) F(3, 5)",40,Coordinates,Image,P2Q40_19
"What are the coordinates of D, E and F?",P2Q40_20.png,"D(1, 2) E(9, 5) F(5, 3)","D(8,4) E(2,4) F(5,8)","D(5, 3) E(9, 5) F(1, 2)","D(3, 5) E(2, 1) F(5, 9)","D(5, 3) E(1, 2) F(9, 5)","D(5, 3) E(1, 2) F(9, 5)",40,Coordinates,Image,P2Q40_20
Sarah reads 3 pages every weekday and three times as far on Saturday and on Sunday. How many pages does she read in one week?,,33 pages,21 pages,15 pages,43 pages,24 pages,33 pages,40,Number - Word Problems,Multiple Choice,P3Q40_1
Mrs Patel swims 7 lengths every weekday and three times as far on Saturday and on Sunday. How far does he swim in one week?,,87 lengths,56 lengths,49 lengths,77 lengths,35 lengths,77 lengths,40,Number - Word Problems,Multiple Choice,P3Q40_2
Mr Jones reads 9 pages every weekday and three times as far on Saturday and on Sunday. How many pages does he read in one week?,,99 pages,45 pages,109 pages,63 pages,72 pages,99 pages,40,Number - Word Problems,Multiple Choice,P3Q40_3
Sarah swims 3 lengths every weekday and twice as far on Saturday and on Sunday. How far does she swim in one week?,,15 lengths,37 lengths,27 lengths,21 lengths,35 lengths,27 lengths,40,Number - Word Problems,Multiple Choice,P3Q40_4
Sarah swims 4 lengths every weekday and three times as far on Saturday and on Sunday. How far does she swim in one week?,,20 lengths,32 lengths,44 lengths,54 lengths,28 lengths,44 lengths,40,Number - Word Problems,Multiple Choice,P3Q40_5
Sarah walks 8 km every weekday and half as far on Saturday and on Sunday. How far does she walk in one week?,,56 km,40 km,44 km,58 km,48 km,48 km,40,Number - Word Problems,Multiple Choice,P3Q40_6
Sam reads 7 pages every weekday and twice as far on Saturday and on Sunday. How many pages does he read in one week?,,35 pages,73 pages,64 pages,49 pages,63 pages,63 pages,40,Number - Word Problems,Multiple Choice,P3Q40_7
Mrs Patel runs 12 km every weekday and half as far on Saturday and on Sunday. How far does he run in one week?,,84 km,60 km,66 km,82 km,72 km,72 km,40,Number - Word Problems,Multiple Choice,P3Q40_8
Sam cycles 10 miles every weekday and three times as far on Saturday and on Sunday. How far does he cycle in one week?,,70 miles,80 miles,120 miles,50 miles,110 miles,110 miles,40,Number - Word Problems,Multiple Choice,P3Q40_9
Mr Jones swims 2 lengths every weekday and three times as far on Saturday and on Sunday. How far does he swim in one week?,,32 lengths,10 lengths,14 lengths,16 lengths,22 lengths,22 lengths,40,Number - Word Problems,Multiple Choice,P3Q40_10
Sam cycles 12 miles every weekday and half as far on Saturday and on Sunday. How far does he cycle in one week?,,66 miles,84 miles,82 miles,72 miles,60 miles,72 miles,40,Number - Word Problems,Multiple Choice,P3Q40_11
Mrs Patel cycles 8 miles every weekday and three times as far on Saturday and on Sunday. How far does he cycle in one week?,,88 miles,56 miles,98 miles,64 miles,40 miles,88 miles,40,Number - Word Problems,Multiple Choice,P3Q40_12
Sarah cycles 6 miles every weekday and twice as far on Saturday and on Sunday. How far does she cycle in one week?,,30 miles,70 miles,42 miles,64 miles,54 miles,54 miles,40,Number - Word Problems,Multiple Choice,P3Q40_13
Mr Jones walks 8 km every weekday and half as far on Saturday and on Sunday. How far does he walk in one week?,,56 km,40 km,48 km,44 km,58 km,48 km,40,Number - Word Problems,Multiple Choice,P3Q40_14
Mr Jones cycles 10 miles every weekday and twice as far on Saturday and on Sunday. How far does he cycle in one week?,,100 miles,106 miles,50 miles,70 miles,90 miles,90 miles,40,Number - Word Problems,Multiple Choice,P3Q40_15
Mrs Patel reads 3 pages every weekday and twice as far on Saturday and on Sunday. How many pages does he read in one week?,,27 pages,38 pages,37 pages,21 pages,15 pages,27 pages,40,Number - Word Problems,Multiple Choice,P3Q40_16
Mrs Patel cycles 8 miles every weekday and three times as far on Saturday and on Sunday. How far does he cycle in one week?,,40 miles,98 miles,64 miles,56 miles,88 miles,88 miles,40,Number - Word Problems,Multiple Choice,P3Q40_17
Mrs Patel reads 2 pages every weekday and twice as far on Saturday and on Sunday. How many pages does he read in one week?,,18 pages,34 pages,28 pages,14 pages,10 pages,18 pages,40,Number - Word Problems,Multiple Choice,P3Q40_18
David cycles 7 miles every weekday and twice as far on Saturday and on Sunday. How far does he cycle in one week?,,35 miles,63 miles,73 miles,49 miles,82 miles,63 miles,40,Number - Word Problems,Multiple Choice,P3Q40_19
David cycles 2 miles every weekday and half as far on Saturday and on Sunday. How far does he cycle in one week?,,10 miles,12 miles,22 miles,14 miles,11 miles,12 miles,40,Number - Word Problems,Multiple Choice,P3Q40_20
Sarah swims 10 lengths every weekday and three times as far on Saturday and on Sunday. How far does she swim in one week?,,70 lengths,120 lengths,80 lengths,110 lengths,50 lengths,110 lengths,40,Number - Word Problems,Multiple Choice,P3Q40_21
Sarah reads 3 pages every weekday and twice as far on Saturday and on Sunday. How many pages does she read in one week?,,37 pages,21 pages,27 pages,39 pages,15 pages,27 pages,40,Number - Word Problems,Multiple Choice,P3Q40_22
Mrs Patel runs 8 km every weekday and half as far on Saturday and on Sunday. How far does he run in one week?,,58 km,48 km,44 km,40 km,56 km,48 km,40,Number - Word Problems,Multiple Choice,P3Q40_23
David cycles 2 miles every weekday and half as far on Saturday and on Sunday. How far does he cycle in one week?,,12 miles,10 miles,14 miles,11 miles,22 miles,12 miles,40,Number - Word Problems,Multiple Choice,P3Q40_24
Sarah walks 4 km every weekday and half as far on Saturday and on Sunday. How far does she walk in one week?,,24 km,28 km,22 km,34 km,20 km,24 km,40,Number - Word Problems,Multiple Choice,P3Q40_25
Mrs Patel reads 6 pages every weekday and half as far on Saturday and on Sunday. How many pages does he read in one week?,,30 pages,42 pages,36 pages,46 pages,33 pages,36 pages,40,Number - Word Problems,Multiple Choice,P3Q40_26
Sarah runs 10 km every weekday and half as far on Saturday and on Sunday. How far does she run in one week?,,50 km,75 km,55 km,60 km,70 km,60 km,40,Number - Word Problems,Multiple Choice,P3Q40_27
Mrs Patel swims 10 lengths every weekday and half as far on Saturday and on Sunday. How far does he swim in one week?,,50 lengths,65 lengths,60 lengths,70 lengths,55 lengths,60 lengths,40,Number - Word Problems,Multiple Choice,P3Q40_28
Sarah walks 4 km every weekday and twice as far on Saturday and on Sunday. How far does she walk in one week?,,46 km,20 km,41 km,36 km,28 km,36 km,40,Number - Word Problems,Multiple Choice,P3Q40_29
Mr Jones reads 4 pages every weekday and half as far on Saturday and on Sunday. How many pages does he read in one week?,,34 pages,24 pages,22 pages,28 pages,20 pages,24 pages,40,Number - Word Problems,Multiple Choice,P3Q40_30
Mrs Patel reads 4 pages every weekday and three times as far on Saturday and on Sunday. How many pages does he read in one week?,,44 pages,32 pages,28 pages,20 pages,54 pages,44 pages,40,Number - Word Problems,Multiple Choice,P3Q40_31
David reads 5 pages every weekday and twice as far on Saturday and on Sunday. How many pages does he read in one week?,,45 pages,49 pages,35 pages,25 pages,55 pages,45 pages,40,Number - Word Problems,Multiple Choice,P3Q40_32
Sam cycles 6 miles every weekday and twice as far on Saturday and on Sunday. How far does he cycle in one week?,,64 miles,69 miles,30 miles,42 miles,54 miles,54 miles,40,Number - Word Problems,Multiple Choice,P3Q40_33
Mrs Patel walks 5 km every weekday and three times as far on Saturday and on Sunday. How far does he walk in one week?,,65 km,25 km,40 km,35 km,55 km,55 km,40,Number - Word Problems,Multiple Choice,P3Q40_34
Mrs Patel reads 11 pages every weekday and three times as far on Saturday and on Sunday. How many pages does he read in one week?,,131 pages,88 pages,77 pages,121 pages,55 pages,121 pages,40,Number - Word Problems,Multiple Choice,P3Q40_35
Mr Jones walks 8 km every weekday and twice as far on Saturday and on Sunday. How far does he walk in one week?,,88 km,40 km,56 km,72 km,82 km,72 km,40,Number - Word Problems,Multiple Choice,P3Q40_36
Mrs Patel swims 4 lengths every weekday and three times as far on Saturday and on Sunday. How far does he swim in one week?,,28 lengths,20 lengths,32 lengths,44 lengths,54 lengths,44 lengths,40,Number - Word Problems,Multiple Choice,P3Q40_37
David cycles 9 miles every weekday and twice as far on Saturday and on Sunday. How far does he cycle in one week?,,63 miles,82 miles,81 miles,45 miles,91 miles,81 miles,40,Number - Word Problems,Multiple Choice,P3Q40_38
Sarah runs 11 km every weekday and three times as far on Saturday and on Sunday. How far does she run in one week?,,121 km,77 km,88 km,55 km,131 km,121 km,40,Number - Word Problems,Multiple Choice,P3Q40_39
Mr Jones swims 7 lengths every weekday and twice as far on Saturday and on Sunday. How far does he swim in one week?,,73 lengths,49 lengths,63 lengths,74 lengths,35 lengths,63 lengths,40,Number - Word Problems,Multiple Choice,P3Q40_40
David cycles 2 miles every weekday and twice as far on Saturday and on Sunday. How far does he cycle in one week?,,18 miles,37 miles,10 miles,28 miles,14 miles,18 miles,40,Number - Word Problems,Multiple Choice,P3Q40_41
Sam runs 3 km every weekday and twice as far on Saturday and on Sunday. How far does he run in one week?,,37 km,15 km,27 km,21 km,29 km,27 km,40,Number - Word Problems,Multiple Choice,P3Q40_42
David cycles 5 miles every weekday and three times as far on Saturday and on Sunday. How far does he cycle in one week?,,65 miles,35 miles,40 miles,25 miles,55 miles,55 miles,40,Number - Word Problems,Multiple Choice,P3Q40_43
Sarah runs 11 km every weekday and three times as far on Saturday and on Sunday. How far does she run in one week?,,121 km,55 km,88 km,131 km,77 km,121 km,40,Number - Word Problems,Multiple Choice,P3Q40_44
Mr Jones walks 6 km every weekday and three times as far on Saturday and on Sunday. How far does he walk in one week?,,76 km,42 km,48 km,30 km,66 km,66 km,40,Number - Word Problems,Multiple Choice,P3Q40_45
Sarah runs 7 km every weekday and three times as far on Saturday and on Sunday. How far does she run in one week?,,87 km,56 km,77 km,49 km,35 km,77 km,40,Number - Word Problems,Multiple Choice,P3Q40_46
David swims 6 lengths every weekday and half as far on Saturday and on Sunday. How far does he swim in one week?,,42 lengths,46 lengths,30 lengths,33 lengths,36 lengths,36 lengths,40,Number - Word Problems,Multiple Choice,P3Q40_47
Sam swims 4 lengths every weekday and twice as far on Saturday and on Sunday. How far does he swim in one week?,,36 lengths,43 lengths,20 lengths,28 lengths,46 lengths,36 lengths,40,Number - Word Problems,Multiple Choice,P3Q40_48
Mr Jones swims 3 lengths every weekday and three times as far on Saturday and on Sunday. How far does he swim in one week?,,21 lengths,24 lengths,43 lengths,15 lengths,33 lengths,33 lengths,40,Number - Word Problems,Multiple Choice,P3Q40_49
Sarah walks 8 km every weekday and twice as far on Saturday and on Sunday. How far does she walk in one week?,,56 km,75 km,40 km,82 km,72 km,72 km,40,Number - Word Problems,Multiple Choice,P3Q40_50
Which one of these gives the answer 20?,,1/3 of 60,2/4 of 38,2/3 of 33,25% of 120,3/10 of 60,1/3 of 60,41,Percentages,Text,P2Q41_1
Which one of these gives the answer 30?,,60% of 50,50% of 64,2/3 of 42,1/8 of 320,20% of 175,60% of 50,41,Percentages,Text,P2Q41_2
Which one of these gives the answer 36?,,25% of 184,1/2 of 72,1/2 of 68,20% of 175,1/5 of 155,1/2 of 72,41,Percentages,Text,P2Q41_3
Which one of these gives the answer 36?,,20% of 170,20% of 190,50% of 72,4/8 of 92,2/3 of 57,50% of 72,41,Percentages,Text,P2Q41_4
Which one of these gives the answer 45?,,1/4 of 200,50% of 100,10% of 500,75% of 60,4/8 of 110,75% of 60,41,Percentages,Text,P2Q41_5
Which one of these gives the answer 40?,,5/10 of 76,1/5 of 200,1/2 of 76,50% of 82,5/10 of 78,1/5 of 200,41,Percentages,Text,P2Q41_6
Which one of these gives the answer 20?,,1/8 of 240,4/5 of 25,10% of 190,10% of 150,20% of 95,4/5 of 25,41,Percentages,Text,P2Q41_7
Which one of these gives the answer 24?,,4/8 of 48,40% of 85,1/4 of 104,1/3 of 66,1/2 of 38,4/8 of 48,41,Percentages,Text,P2Q41_8
Which one of these gives the answer 20?,,2/8 of 84,1/3 of 60,1/8 of 168,2/8 of 100,7/8 of 24,1/3 of 60,41,Percentages,Text,P2Q41_9
Which one of these gives the answer 45?,,40% of 115,4/8 of 94,4/8 of 88,10% of 450,2/4 of 94,10% of 450,41,Percentages,Text,P2Q41_10
Which one of these gives the answer 48?,,7/8 of 56,2/3 of 69,5/10 of 92,60% of 80,25% of 188,60% of 80,41,Percentages,Text,P2Q41_11
Which one of these gives the answer 60?,,25% of 280,10% of 610,75% of 80,50% of 118,1/2 of 124,75% of 80,41,Percentages,Text,P2Q41_12
Which one of these gives the answer 36?,,50% of 70,20% of 180,1/5 of 175,1/3 of 93,1/2 of 76,20% of 180,41,Percentages,Text,P2Q41_13
Which one of these gives the answer 40?,,1/10 of 410,1/2 of 82,60% of 70,40% of 95,20% of 200,20% of 200,41,Percentages,Text,P2Q41_14
Which one of these gives the answer 24?,,1/4 of 92,10% of 230,50% of 52,5/10 of 48,1/2 of 46,5/10 of 48,41,Percentages,Text,P2Q41_15
Which one of these gives the answer 36?,,20% of 175,5/10 of 72,1/4 of 140,50% of 62,50% of 92,5/10 of 72,41,Percentages,Text,P2Q41_16
Which one of these gives the answer 60?,,25% of 248,1/2 of 130,50% of 124,1/5 of 275,75% of 80,75% of 80,41,Percentages,Text,P2Q41_17
Which one of these gives the answer 20?,,10% of 180,10% of 300,25% of 80,40% of 55,1/4 of 84,25% of 80,41,Percentages,Text,P2Q41_18
Which one of these gives the answer 45?,,50% of 92,10% of 470,1/3 of 138,2/3 of 60,5/10 of 90,5/10 of 90,41,Percentages,Text,P2Q41_19
Which one of these gives the answer 24?,,1/2 of 48,50% of 38,20% of 115,1/3 of 102,2/8 of 92,1/2 of 48,41,Percentages,Text,P2Q41_20
Which one of these gives the answer 40?,,2/4 of 100,1/2 of 82,25% of 168,8/10 of 50,10% of 380,8/10 of 50,41,Percentages,Text,P2Q41_21
Which one of these gives the answer 20?,,2/5 of 75,50% of 40,25% of 60,1/2 of 30,2/4 of 50,50% of 40,41,Percentages,Text,P2Q41_22
Which one of these gives the answer 36?,,40% of 85,20% of 180,1/5 of 155,1/2 of 70,50% of 82,20% of 180,41,Percentages,Text,P2Q41_23
Which one of these gives the answer 45?,,2/4 of 90,8/10 of 55,50% of 88,50% of 100,40% of 100,2/4 of 90,41,Percentages,Text,P2Q41_24
Which one of these gives the answer 45?,,20% of 250,1/2 of 94,1/2 of 110,75% of 60,1/3 of 150,75% of 60,41,Percentages,Text,P2Q41_25
Which one of these gives the answer 40?,,5/10 of 80,2/5 of 105,1/3 of 105,20% of 175,10% of 500,5/10 of 80,41,Percentages,Text,P2Q41_26
Which one of these gives the answer 40?,,3/8 of 112,2/8 of 180,25% of 180,1/2 of 84,80% of 50,80% of 50,41,Percentages,Text,P2Q41_27
Which one of these gives the answer 24?,,40% of 85,1/2 of 48,1/2 of 52,20% of 125,10% of 340,1/2 of 48,41,Percentages,Text,P2Q41_28
Which one of these gives the answer 36?,,20% of 155,1/2 of 72,5/10 of 68,50% of 70,2/8 of 136,1/2 of 72,41,Percentages,Text,P2Q41_29
Which one of these gives the answer 50?,,90% of 50,25% of 240,1/3 of 150,80% of 60,60% of 80,1/3 of 150,41,Percentages,Text,P2Q41_30
Which one of these gives the answer 40?,,30% of 140,2/3 of 60,25% of 140,1/2 of 76,75% of 60,2/3 of 60,41,Percentages,Text,P2Q41_31
Which one of these gives the answer 36?,,50% of 92,1/2 of 82,1/2 of 70,90% of 40,5/10 of 76,90% of 40,41,Percentages,Text,P2Q41_32
Which one of these gives the answer 48?,,50% of 98,10% of 460,50% of 106,1/3 of 144,1/2 of 86,1/3 of 144,41,Percentages,Text,P2Q41_33
Which one of these gives the answer 40?,,1/3 of 105,1/4 of 164,20% of 200,1/3 of 135,1/4 of 140,20% of 200,41,Percentages,Text,P2Q41_34
Which one of these gives the answer 30?,,10% of 350,1/8 of 248,25% of 116,1/3 of 75,6/10 of 50,6/10 of 50,41,Percentages,Text,P2Q41_35
Which one of these gives the answer 48?,,25% of 188,40% of 145,1/2 of 86,1/3 of 159,25% of 192,25% of 192,41,Percentages,Text,P2Q41_36
Which one of these gives the answer 36?,,25% of 164,1/2 of 72,2/4 of 92,10% of 340,25% of 140,1/2 of 72,41,Percentages,Text,P2Q41_37
Which one of these gives the answer 45?,,50% of 110,1/2 of 94,90% of 50,40% of 125,5/8 of 64,90% of 50,41,Percentages,Text,P2Q41_38
Which one of these gives the answer 60?,,20% of 305,25% of 244,1/2 of 118,2/4 of 130,2/4 of 120,2/4 of 120,41,Percentages,Text,P2Q41_39
Which one of these gives the answer 40?,,80% of 50,1/5 of 195,50% of 78,20% of 225,5/10 of 76,80% of 50,41,Percentages,Text,P2Q41_40
Which one of these gives the answer 36?,,1/2 of 92,1/3 of 108,25% of 164,20% of 185,50% of 82,1/3 of 108,41,Percentages,Text,P2Q41_41
Which one of these gives the answer 24?,,20% of 110,2/4 of 46,1/2 of 50,80% of 30,50% of 52,80% of 30,41,Percentages,Text,P2Q41_42
Which one of these gives the answer 60?,,25% of 236,25% of 240,1/8 of 472,1/4 of 248,2/8 of 260,25% of 240,41,Percentages,Text,P2Q41_43
Which one of these gives the answer 24?,,20% of 145,10% of 230,10% of 340,50% of 38,30% of 80,30% of 80,41,Percentages,Text,P2Q41_44
Which one of these gives the answer 48?,,10% of 500,2/5 of 125,1/4 of 188,4/5 of 60,4/10 of 145,4/5 of 60,41,Percentages,Text,P2Q41_45
Which one of these gives the answer 24?,,80% of 30,25% of 116,10% of 290,1/2 of 38,10% of 260,80% of 30,41,Percentages,Text,P2Q41_46
Which one of these gives the answer 40?,,20% of 190,4/8 of 90,1/5 of 195,75% of 52,25% of 160,25% of 160,41,Percentages,Text,P2Q41_47
Which one of these gives the answer 30?,,25% of 160,1/2 of 64,1/10 of 280,1/3 of 90,20% of 175,1/3 of 90,41,Percentages,Text,P2Q41_48
Which one of these gives the answer 48?,,20% of 245,1/2 of 98,20% of 250,1/2 of 96,25% of 172,1/2 of 96,41,Percentages,Text,P2Q41_49
Which one of these gives the answer 45?,,1/10 of 470,1/3 of 135,50% of 100,5/10 of 88,50% of 92,1/3 of 135,41,Percentages,Text,P2Q41_50
This is a plan of a patio. What area of paving stones will be needed to cover it?,P3Q41_1.png,58.0 m²,70 m²,82.0 m²,35.0 m²,34 m²,58.0 m²,41,Measure - Area,Multiple Choice,P3Q41_1
This is a plan of a kitchen floor. What area of tiles will be needed to cover it?,P3Q41_2.png,88 cm²,285 cm²,217.5 cm²,355 cm²,435 cm²,285 cm²,41,Measure - Area,Multiple Choice,P3Q41_2
This is a plan of a playground. What area of rubber matting will be needed to cover it?,P3Q41_3.png,40.0 m²,30 m²,48.0 m²,27.0 m²,54 m²,40.0 m²,41,Measure - Area,Multiple Choice,P3Q41_3
This is a plan of a kitchen floor. What area of tiles will be needed to cover it?,P3Q41_4.png,506 cm²,90 cm²,253.0 cm²,606 cm²,426 cm²,426 cm²,41,Measure - Area,Multiple Choice,P3Q41_4
This is a plan of a patio. What area of paving stones will be needed to cover it?,P3Q41_5.png,286 cm²,288 cm²,74 cm²,143.0 cm²,216 cm²,216 cm²,41,Measure - Area,Multiple Choice,P3Q41_5
This is a plan of a kitchen floor. What area of tiles will be needed to cover it?,P3Q41_6.png,12.5 m²,21.25 m²,25 m²,16.25 m²,20 m²,16.25 m²,41,Measure - Area,Multiple Choice,P3Q41_6
This is a plan of a kitchen floor. What area of tiles will be needed to cover it?,P3Q41_7.png,74 cm²,171.0 cm²,342 cm²,287 cm²,391 cm²,287 cm²,41,Measure - Area,Multiple Choice,P3Q41_7
This is a plan of a playground. What area of rubber matting will be needed to cover it?,P3Q41_8.png,30 m²,27.0 m²,34.5 m²,42.0 m²,54 m²,34.5 m²,41,Measure - Area,Multiple Choice,P3Q41_8
This is a plan of a kitchen floor. What area of tiles will be needed to cover it?,P3Q41_9.png,12.5 m²,20 m²,25 m²,17.0 m²,19.0 m²,19.0 m²,41,Measure - Area,Multiple Choice,P3Q41_9
This is a plan of a hallway. What area of carpet will be needed to cover it?,P3Q41_10.png,613 cm²,748 cm²,374.0 cm²,817 cm²,122 cm²,613 cm²,41,Measure - Area,Multiple Choice,P3Q41_10
This is a plan of a kitchen floor. What area of tiles will be needed to cover it?,P3Q41_11.png,24 m²,29.0 m²,44.0 m²,16.0 m²,32 m²,29.0 m²,41,Measure - Area,Multiple Choice,P3Q41_11
This is a plan of a lawn. What area of grass will be needed to cover it?,P3Q41_12.png,42 m²,30.0 m²,38.0 m²,26 m²,21.0 m²,30.0 m²,41,Measure - Area,Multiple Choice,P3Q41_12
This is a plan of a patio. What area of paving stones will be needed to cover it?,P3Q41_13.png,1440 cm²,156 cm²,1722 cm²,720.0 cm²,1335 cm²,1335 cm²,41,Measure - Area,Multiple Choice,P3Q41_13
This is a plan of a playground. What area of rubber matting will be needed to cover it?,P3Q41_14.png,398 cm²,550 cm²,468 cm²,88 cm²,234.0 cm²,398 cm²,41,Measure - Area,Multiple Choice,P3Q41_14
This is a plan of a lawn. What area of grass will be needed to cover it?,P3Q41_15.png,1328 cm²,130 cm²,1054 cm²,527.0 cm²,910 cm²,910 cm²,41,Measure - Area,Multiple Choice,P3Q41_15
This is a plan of a playground. What area of rubber matting will be needed to cover it?,P3Q41_16.png,15.0 m²,29.5 m²,22.5 m²,30 m²,22 m²,22.5 m²,41,Measure - Area,Multiple Choice,P3Q41_16
This is a plan of a kitchen floor. What area of tiles will be needed to cover it?,P3Q41_17.png,32 m²,31.5 m²,50.0 m²,63 m²,62.5 m²,50.0 m²,41,Measure - Area,Multiple Choice,P3Q41_17
This is a plan of a lawn. What area of grass will be needed to cover it?,P3Q41_18.png,24.0 m²,28 m²,38.0 m²,48 m²,52.0 m²,38.0 m²,41,Measure - Area,Multiple Choice,P3Q41_18
This is a plan of a hallway. What area of carpet will be needed to cover it?,P3Q41_19.png,972 cm²,1488 cm²,744.0 cm²,158 cm²,1067 cm²,972 cm²,41,Measure - Area,Multiple Choice,P3Q41_19
This is a plan of a playground. What area of rubber matting will be needed to cover it?,P3Q41_20.png,12.0 m²,20 m²,18.0 m²,28.0 m²,24 m²,18.0 m²,41,Measure - Area,Multiple Choice,P3Q41_20
"Two sisters eat Oatibix cereal for breakfast.
Each Oatibix box contains 42 biscuits.
Kate eats m Oatibix biscuits each morning.
Lucy is less hungry and has only n Oatibix biscuits each day.
After 5 days there are 2 biscuits left in the box.

Which answer is correct?",,m = 1 and n = 7,m = 5 and n = 3,m = 7 and n = 3,m = 3 and n = 6,m = 7 and n = 1,m = 7 and n = 1,41,Algebra,Multiple Choice,P4Q41_1
"Two sisters eat Crunchies cereal for breakfast.
Each Crunchies box contains 17 biscuits.
Georgina eats m Crunchies biscuits each morning.
Lucy is less hungry and has only n Crunchies biscuits each day.
After 4 days there are 5 biscuits left in the box.

Which answer is correct?",,m = 2 and n = 3,m = 2 and n = 2,m = 5 and n = 1,m = 2 and n = 1,m = 1 and n = 2,m = 2 and n = 1,41,Algebra,Multiple Choice,P4Q41_2
"Two sisters eat Oatibix cereal for breakfast.
Each Oatibix box contains 25 biscuits.
Alice eats m Oatibix biscuits each morning.
Mia is less hungry and has only n Oatibix biscuits each day.
After 3 days there are 4 biscuits left in the box.

Which answer is correct?",,m = 5 and n = 1,m = 5 and n = 2,m = 4 and n = 3,m = 2 and n = 5,m = 1 and n = 2,m = 5 and n = 2,41,Algebra,Multiple Choice,P4Q41_3
"Two sisters eat Wheatblocks cereal for breakfast.
Each Wheatblocks box contains 20 biscuits.
Sarah eats m Wheatblocks biscuits each morning.
Grace is less hungry and has only n Wheatblocks biscuits each day.
After 5 days there are 5 biscuits left in the box.

Which answer is correct?",,m = 3 and n = 1,m = 2 and n = 3,m = 4 and n = 4,m = 2 and n = 1,m = 1 and n = 2,m = 2 and n = 1,41,Algebra,Multiple Choice,P4Q41_4
"Two sisters eat Weetbisks cereal for breakfast.
Each Weetbisks box contains 21 biscuits.
Alice eats m Weetbisks biscuits each morning.
Sophie is less hungry and has only n Weetbisks biscuits each day.
After 4 days there are 5 biscuits left in the box.

Which answer is correct?",,m = 3 and n = 1,m = 2 and n = 5,m = 1 and n = 3,m = 4 and n = 4,m = 3 and n = 3,m = 3 and n = 1,41,Algebra,Multiple Choice,P4Q41_5
"Two sisters eat Weetbisks cereal for breakfast.
Each Weetbisks box contains 39 biscuits.
Sarah eats m Weetbisks biscuits each morning.
Grace is less hungry and has only n Weetbisks biscuits each day.
After 6 days there are 3 biscuits left in the box.

Which answer is correct?",,m = 4 and n = 2,m = 5 and n = 1,m = 1 and n = 5,m = 5 and n = 3,m = 2 and n = 5,m = 5 and n = 1,41,Algebra,Multiple Choice,P4Q41_6
"Two sisters eat Wheatblocks cereal for breakfast.
Each Wheatblocks box contains 29 biscuits.
Emily eats m Wheatblocks biscuits each morning.
Mia is less hungry and has only n Wheatblocks biscuits each day.
After 4 days there are 5 biscuits left in the box.

Which answer is correct?",,m = 4 and n = 2,m = 5 and n = 3,m = 5 and n = 1,m = 1 and n = 5,m = 1 and n = 2,m = 5 and n = 1,41,Algebra,Multiple Choice,P4Q41_7
"Two sisters eat Weetbisks cereal for breakfast.
Each Weetbisks box contains 42 biscuits.
Sarah eats m Weetbisks biscuits each morning.
Sophie is less hungry and has only n Weetbisks biscuits each day.
After 5 days there are 7 biscuits left in the box.

Which answer is correct?",,m = 6 and n = 1,m = 4 and n = 3,m = 6 and n = 3,m = 1 and n = 6,m = 6 and n = 6,m = 6 and n = 1,41,Algebra,Multiple Choice,P4Q41_8
"Two sisters eat Wheatblocks cereal for breakfast.
Each Wheatblocks box contains 27 biscuits.
Sarah eats m Wheatblocks biscuits each morning.
Jennifer is less hungry and has only n Wheatblocks biscuits each day.
After 5 days there are 7 biscuits left in the box.

Which answer is correct?",,m = 3 and n = 2,m = 3 and n = 1,m = 3 and n = 5,m = 3 and n = 3,m = 1 and n = 3,m = 3 and n = 1,41,Algebra,Multiple Choice,P4Q41_9
"Two sisters eat Wheatblocks cereal for breakfast.
Each Wheatblocks box contains 32 biscuits.
Alice eats m Wheatblocks biscuits each morning.
Grace is less hungry and has only n Wheatblocks biscuits each day.
After 6 days there are 2 biscuits left in the box.

Which answer is correct?",,m = 4 and n = 1,m = 1 and n = 4,m = 3 and n = 2,m = 4 and n = 3,m = 5 and n = 2,m = 4 and n = 1,41,Algebra,Multiple Choice,P4Q41_10
"Two sisters eat Crunchies cereal for breakfast.
Each Crunchies box contains 28 biscuits.
Georgina eats m Crunchies biscuits each morning.
Jennifer is less hungry and has only n Crunchies biscuits each day.
After 5 days there are 3 biscuits left in the box.

Which answer is correct?",,m = 7 and n = 3,m = 4 and n = 3,m = 4 and n = 1,m = 1 and n = 4,m = 3 and n = 2,m = 4 and n = 1,41,Algebra,Multiple Choice,P4Q41_11
"Two sisters eat Wheatblocks cereal for breakfast.
Each Wheatblocks box contains 14 biscuits.
Georgina eats m Wheatblocks biscuits each morning.
Sophie is less hungry and has only n Wheatblocks biscuits each day.
After 3 days there are 5 biscuits left in the box.

Which answer is correct?",,m = 3 and n = 3,m = 2 and n = 3,m = 2 and n = 1,m = 1 and n = 2,m = 4 and n = 4,m = 2 and n = 1,41,Algebra,Multiple Choice,P4Q41_12
"Two sisters eat Weetbisks cereal for breakfast.
Each Weetbisks box contains 26 biscuits.
Kate eats m Weetbisks biscuits each morning.
Sophie is less hungry and has only n Weetbisks biscuits each day.
After 3 days there are 5 biscuits left in the box.

Which answer is correct?",,m = 1 and n = 6,m = 6 and n = 1,m = 4 and n = 3,m = 5 and n = 6,m = 6 and n = 3,m = 6 and n = 1,41,Algebra,Multiple Choice,P4Q41_13
"Two sisters eat Crunchies cereal for breakfast.
Each Crunchies box contains 57 biscuits.
Kate eats m Crunchies biscuits each morning.
Mia is less hungry and has only n Crunchies biscuits each day.
After 6 days there are 3 biscuits left in the box.

Which answer is correct?",,m = 2 and n = 7,m = 5 and n = 6,m = 7 and n = 2,m = 7 and n = 1,m = 5 and n = 4,m = 7 and n = 2,41,Algebra,Multiple Choice,P4Q41_14
"Two sisters eat Weetbisks cereal for breakfast.
Each Weetbisks box contains 38 biscuits.
Emily eats m Weetbisks biscuits each morning.
Mia is less hungry and has only n Weetbisks biscuits each day.
After 6 days there are 2 biscuits left in the box.

Which answer is correct?",,m = 3 and n = 7,m = 4 and n = 2,m = 5 and n = 3,m = 5 and n = 1,m = 1 and n = 5,m = 5 and n = 1,41,Algebra,Multiple Choice,P4Q41_15
"Two sisters eat Oatibix cereal for breakfast.
Each Oatibix box contains 26 biscuits.
Georgina eats m Oatibix biscuits each morning.
Mia is less hungry and has only n Oatibix biscuits each day.
After 3 days there are 8 biscuits left in the box.

Which answer is correct?",,m = 5 and n = 1,m = 4 and n = 2,m = 1 and n = 5,m = 7 and n = 5,m = 5 and n = 3,m = 5 and n = 1,41,Algebra,Multiple Choice,P4Q41_16
"Two sisters eat Weetbisks cereal for breakfast.
Each Weetbisks box contains 23 biscuits.
Alice eats m Weetbisks biscuits each morning.
Sophie is less hungry and has only n Weetbisks biscuits each day.
After 3 days there are 2 biscuits left in the box.

Which answer is correct?",,m = 4 and n = 1,m = 1 and n = 6,m = 4 and n = 3,m = 6 and n = 1,m = 6 and n = 3,m = 6 and n = 1,41,Algebra,Multiple Choice,P4Q41_17
"Two sisters eat Weetbisks cereal for breakfast.
Each Weetbisks box contains 33 biscuits.
Alice eats m Weetbisks biscuits each morning.
Jennifer is less hungry and has only n Weetbisks biscuits each day.
After 5 days there are 8 biscuits left in the box.

Which answer is correct?",,m = 4 and n = 1,m = 3 and n = 1,m = 3 and n = 2,m = 2 and n = 1,m = 2 and n = 3,m = 3 and n = 2,41,Algebra,Multiple Choice,P4Q41_18
"Two sisters eat Crunchies cereal for breakfast.
Each Crunchies box contains 28 biscuits.
Emily eats m Crunchies biscuits each morning.
Lucy is less hungry and has only n Crunchies biscuits each day.
After 4 days there are 4 biscuits left in the box.

Which answer is correct?",,m = 4 and n = 1,m = 4 and n = 2,m = 2 and n = 4,m = 2 and n = 5,m = 5 and n = 1,m = 4 and n = 2,41,Algebra,Multiple Choice,P4Q41_19
"Two sisters eat Weetbisks cereal for breakfast.
Each Weetbisks box contains 33 biscuits.
Alice eats m Weetbisks biscuits each morning.
Grace is less hungry and has only n Weetbisks biscuits each day.
After 4 days there are 5 biscuits left in the box.

Which answer is correct?",,m = 4 and n = 3,m = 4 and n = 9,m = 4 and n = 2,m = 5 and n = 2,m = 3 and n = 4,m = 4 and n = 3,41,Algebra,Multiple Choice,P4Q41_20
"Two sisters eat Oatibix cereal for breakfast.
Each Oatibix box contains 49 biscuits.
Kate eats m Oatibix biscuits each morning.
Mia is less hungry and has only n Oatibix biscuits each day.
After 6 days there are 7 biscuits left in the box.

Which answer is correct?",,m = 4 and n = 3,m = 8 and n = 5,m = 1 and n = 6,m = 6 and n = 1,m = 6 and n = 3,m = 6 and n = 1,41,Algebra,Multiple Choice,P4Q41_21
"Two sisters eat Wheatblocks cereal for breakfast.
Each Wheatblocks box contains 30 biscuits.
Emily eats m Wheatblocks biscuits each morning.
Lucy is less hungry and has only n Wheatblocks biscuits each day.
After 3 days there are 3 biscuits left in the box.

Which answer is correct?",,m = 1 and n = 11,m = 7 and n = 1,m = 5 and n = 4,m = 7 and n = 2,m = 2 and n = 7,m = 7 and n = 2,41,Algebra,Multiple Choice,P4Q41_22
"Two sisters eat Wheatblocks cereal for breakfast.
Each Wheatblocks box contains 52 biscuits.
Kate eats m Wheatblocks biscuits each morning.
Lucy is less hungry and has only n Wheatblocks biscuits each day.
After 6 days there are 4 biscuits left in the box.

Which answer is correct?",,m = 2 and n = 6,m = 6 and n = 1,m = 5 and n = 3,m = 7 and n = 9,m = 6 and n = 2,m = 6 and n = 2,41,Algebra,Multiple Choice,P4Q41_23
"Two sisters eat Weetbisks cereal for breakfast.
Each Weetbisks box contains 17 biscuits.
Georgina eats m Weetbisks biscuits each morning.
Lucy is less hungry and has only n Weetbisks biscuits each day.
After 4 days there are 5 biscuits left in the box.

Which answer is correct?",,m = 1 and n = 2,m = 2 and n = 3,m = 2 and n = 1,m = 3 and n = 1,m = 5 and n = 2,m = 2 and n = 1,41,Algebra,Multiple Choice,P4Q41_24
"Two sisters eat Wheatblocks cereal for breakfast.
Each Wheatblocks box contains 23 biscuits.
Georgina eats m Wheatblocks biscuits each morning.
Mia is less hungry and has only n Wheatblocks biscuits each day.
After 3 days there are 2 biscuits left in the box.

Which answer is correct?",,m = 6 and n = 3,m = 6 and n = 1,m = 1 and n = 2,m = 4 and n = 3,m = 1 and n = 6,m = 6 and n = 1,41,Algebra,Multiple Choice,P4Q41_25
"Two sisters eat Oatibix cereal for breakfast.
Each Oatibix box contains 24 biscuits.
Alice eats m Oatibix biscuits each morning.
Sophie is less hungry and has only n Oatibix biscuits each day.
After 3 days there are 3 biscuits left in the box.

Which answer is correct?",,m = 4 and n = 3,m = 1 and n = 6,m = 6 and n = 3,m = 6 and n = 1,m = 6 and n = 9,m = 6 and n = 1,41,Algebra,Multiple Choice,P4Q41_26
"Two sisters eat Oatibix cereal for breakfast.
Each Oatibix box contains 29 biscuits.
Sarah eats m Oatibix biscuits each morning.
Grace is less hungry and has only n Oatibix biscuits each day.
After 3 days there are 8 biscuits left in the box.

Which answer is correct?",,m = 6 and n = 1,m = 5 and n = 3,m = 4 and n = 3,m = 1 and n = 6,m = 6 and n = 3,m = 6 and n = 1,41,Algebra,Multiple Choice,P4Q41_27
"Two sisters eat Wheatblocks cereal for breakfast.
Each Wheatblocks box contains 17 biscuits.
Emily eats m Wheatblocks biscuits each morning.
Sophie is less hungry and has only n Wheatblocks biscuits each day.
After 3 days there are 2 biscuits left in the box.

Which answer is correct?",,m = 4 and n = 1,m = 3 and n = 1,m = 6 and n = 1,m = 2 and n = 3,m = 3 and n = 2,m = 3 and n = 2,41,Algebra,Multiple Choice,P4Q41_28
"Two sisters eat Weetbisks cereal for breakfast.
Each Weetbisks box contains 20 biscuits.
Emily eats m Weetbisks biscuits each morning.
Jennifer is less hungry and has only n Weetbisks biscuits each day.
After 3 days there are 8 biscuits left in the box.

Which answer is correct?",,m = 3 and n = 3,m = 4 and n = 6,m = 3 and n = 1,m = 1 and n = 3,m = 5 and n = 2,m = 3 and n = 1,41,Algebra,Multiple Choice,P4Q41_29
"Two sisters eat Wheatblocks cereal for breakfast.
Each Wheatblocks box contains 24 biscuits.
Alice eats m Wheatblocks biscuits each morning.
Grace is less hungry and has only n Wheatblocks biscuits each day.
After 3 days there are 6 biscuits left in the box.

Which answer is correct?",,m = 5 and n = 1,m = 1 and n = 1,m = 4 and n = 2,m = 5 and n = 3,m = 1 and n = 5,m = 5 and n = 1,41,Algebra,Multiple Choice,P4Q41_30
"Two sisters eat Crunchies cereal for breakfast.
Each Crunchies box contains 34 biscuits.
Kate eats m Crunchies biscuits each morning.
Mia is less hungry and has only n Crunchies biscuits each day.
After 3 days there are 7 biscuits left in the box.

Which answer is correct?",,m = 8 and n = 1,m = 5 and n = 4,m = 8 and n = 3,m = 9 and n = 11,m = 1 and n = 8,m = 8 and n = 1,41,Algebra,Multiple Choice,P4Q41_31
"Two sisters eat Oatibix cereal for breakfast.
Each Oatibix box contains 53 biscuits.
Alice eats m Oatibix biscuits each morning.
Grace is less hungry and has only n Oatibix biscuits each day.
After 5 days there are 8 biscuits left in the box.

Which answer is correct?",,m = 10 and n = 9,m = 6 and n = 3,m = 5 and n = 4,m = 4 and n = 5,m = 5 and n = 3,m = 5 and n = 4,41,Algebra,Multiple Choice,P4Q41_32
"Two sisters eat Crunchies cereal for breakfast.
Each Crunchies box contains 18 biscuits.
Kate eats m Crunchies biscuits each morning.
Sophie is less hungry and has only n Crunchies biscuits each day.
After 5 days there are 3 biscuits left in the box.

Which answer is correct?",,m = 1 and n = 5,m = 2 and n = 3,m = 2 and n = 1,m = 2 and n = 2,m = 1 and n = 2,m = 2 and n = 1,41,Algebra,Multiple Choice,P4Q41_33
"Two sisters eat Weetbisks cereal for breakfast.
Each Weetbisks box contains 60 biscuits.
Alice eats m Weetbisks biscuits each morning.
Grace is less hungry and has only n Weetbisks biscuits each day.
After 6 days there are 6 biscuits left in the box.

Which answer is correct?",,m = 10 and n = 1,m = 5 and n = 4,m = 7 and n = 2,m = 2 and n = 7,m = 7 and n = 1,m = 7 and n = 2,41,Algebra,Multiple Choice,P4Q41_34
"Two sisters eat Weetbisks cereal for breakfast.
Each Weetbisks box contains 28 biscuits.
Sarah eats m Weetbisks biscuits each morning.
Lucy is less hungry and has only n Weetbisks biscuits each day.
After 3 days there are 7 biscuits left in the box.

Which answer is correct?",,m = 5 and n = 2,m = 3 and n = 4,m = 4 and n = 3,m = 4 and n = 2,m = 2 and n = 1,m = 4 and n = 3,41,Algebra,Multiple Choice,P4Q41_35
"Two sisters eat Oatibix cereal for breakfast.
Each Oatibix box contains 38 biscuits.
Georgina eats m Oatibix biscuits each morning.
Lucy is less hungry and has only n Oatibix biscuits each day.
After 4 days there are 6 biscuits left in the box.

Which answer is correct?",,m = 7 and n = 3,m = 1 and n = 7,m = 3 and n = 2,m = 7 and n = 1,m = 5 and n = 3,m = 7 and n = 1,41,Algebra,Multiple Choice,P4Q41_36
"Two sisters eat Wheatblocks cereal for breakfast.
Each Wheatblocks box contains 22 biscuits.
Alice eats m Wheatblocks biscuits each morning.
Sophie is less hungry and has only n Wheatblocks biscuits each day.
After 6 days there are 4 biscuits left in the box.

Which answer is correct?",,m = 3 and n = 1,m = 3 and n = 5,m = 2 and n = 1,m = 1 and n = 2,m = 2 and n = 3,m = 2 and n = 1,41,Algebra,Multiple Choice,P4Q41_37
"Two sisters eat Oatibix cereal for breakfast.
Each Oatibix box contains 26 biscuits.
Alice eats m Oatibix biscuits each morning.
Grace is less hungry and has only n Oatibix biscuits each day.
After 3 days there are 2 biscuits left in the box.

Which answer is correct?",,m = 1 and n = 7,m = 2 and n = 3,m = 7 and n = 1,m = 7 and n = 3,m = 5 and n = 3,m = 7 and n = 1,41,Algebra,Multiple Choice,P4Q41_38
"Two sisters eat Oatibix cereal for breakfast.
Each Oatibix box contains 18 biscuits.
Alice eats m Oatibix biscuits each morning.
Lucy is less hungry and has only n Oatibix biscuits each day.
After 4 days there are 6 biscuits left in the box.

Which answer is correct?",,m = 2 and n = 3,m = 3 and n = 3,m = 5 and n = 3,m = 2 and n = 1,m = 1 and n = 2,m = 2 and n = 1,41,Algebra,Multiple Choice,P4Q41_39
"Two sisters eat Wheatblocks cereal for breakfast.
Each Wheatblocks box contains 41 biscuits.
Georgina eats m Wheatblocks biscuits each morning.
Grace is less hungry and has only n Wheatblocks biscuits each day.
After 5 days there are 6 biscuits left in the box.

Which answer is correct?",,m = 4 and n = 3,m = 9 and n = 5,m = 3 and n = 4,m = 5 and n = 2,m = 4 and n = 2,m = 4 and n = 3,41,Algebra,Multiple Choice,P4Q41_40
"Two sisters eat Weetbisks cereal for breakfast.
Each Weetbisks box contains 47 biscuits.
Emily eats m Weetbisks biscuits each morning.
Mia is less hungry and has only n Weetbisks biscuits each day.
After 5 days there are 2 biscuits left in the box.

Which answer is correct?",,m = 5 and n = 4,m = 5 and n = 3,m = 4 and n = 5,m = 6 and n = 3,m = 9 and n = 11,m = 5 and n = 4,41,Algebra,Multiple Choice,P4Q41_41
"Two sisters eat Crunchies cereal for breakfast.
Each Crunchies box contains 28 biscuits.
Kate eats m Crunchies biscuits each morning.
Mia is less hungry and has only n Crunchies biscuits each day.
After 5 days there are 8 biscuits left in the box.

Which answer is correct?",,m = 3 and n = 1,m = 1 and n = 2,m = 4 and n = 4,m = 1 and n = 3,m = 3 and n = 3,m = 3 and n = 1,41,Algebra,Multiple Choice,P4Q41_42
"Two sisters eat Crunchies cereal for breakfast.
Each Crunchies box contains 21 biscuits.
Alice eats m Crunchies biscuits each morning.
Lucy is less hungry and has only n Crunchies biscuits each day.
After 3 days there are 6 biscuits left in the box.

Which answer is correct?",,m = 3 and n = 2,m = 3 and n = 1,m = 3 and n = 6,m = 2 and n = 3,m = 4 and n = 1,m = 3 and n = 2,41,Algebra,Multiple Choice,P4Q41_43
"Two sisters eat Wheatblocks cereal for breakfast.
Each Wheatblocks box contains 26 biscuits.
Georgina eats m Wheatblocks biscuits each morning.
Sophie is less hungry and has only n Wheatblocks biscuits each day.
After 5 days there are 6 biscuits left in the box.

Which answer is correct?",,m = 3 and n = 4,m = 6 and n = 4,m = 3 and n = 1,m = 3 and n = 3,m = 1 and n = 3,m = 3 and n = 1,41,Algebra,Multiple Choice,P4Q41_44
"Two sisters eat Wheatblocks cereal for breakfast.
Each Wheatblocks box contains 48 biscuits.
Kate eats m Wheatblocks biscuits each morning.
Lucy is less hungry and has only n Wheatblocks biscuits each day.
After 6 days there are 6 biscuits left in the box.

Which answer is correct?",,m = 6 and n = 1,m = 1 and n = 6,m = 6 and n = 3,m = 4 and n = 3,m = 6 and n = 7,m = 6 and n = 1,41,Algebra,Multiple Choice,P4Q41_45
"Two sisters eat Crunchies cereal for breakfast.
Each Crunchies box contains 29 biscuits.
Sarah eats m Crunchies biscuits each morning.
Lucy is less hungry and has only n Crunchies biscuits each day.
After 3 days there are 8 biscuits left in the box.

Which answer is correct?",,m = 1 and n = 6,m = 6 and n = 1,m = 6 and n = 3,m = 1 and n = 2,m = 4 and n = 3,m = 6 and n = 1,41,Algebra,Multiple Choice,P4Q41_46
"Two sisters eat Wheatblocks cereal for breakfast.
Each Wheatblocks box contains 22 biscuits.
Kate eats m Wheatblocks biscuits each morning.
Sophie is less hungry and has only n Wheatblocks biscuits each day.
After 4 days there are 2 biscuits left in the box.

Which answer is correct?",,m = 4 and n = 1,m = 3 and n = 1,m = 3 and n = 2,m = 4 and n = 2,m = 2 and n = 3,m = 3 and n = 2,41,Algebra,Multiple Choice,P4Q41_47
"Two sisters eat Weetbisks cereal for breakfast.
Each Weetbisks box contains 41 biscuits.
Georgina eats m Weetbisks biscuits each morning.
Lucy is less hungry and has only n Weetbisks biscuits each day.
After 5 days there are 6 biscuits left in the box.

Which answer is correct?",,m = 4 and n = 3,m = 4 and n = 2,m = 5 and n = 2,m = 9 and n = 2,m = 3 and n = 4,m = 4 and n = 3,41,Algebra,Multiple Choice,P4Q41_48
"Two sisters eat Oatibix cereal for breakfast.
Each Oatibix box contains 31 biscuits.
Alice eats m Oatibix biscuits each morning.
Sophie is less hungry and has only n Oatibix biscuits each day.
After 6 days there are 7 biscuits left in the box.

Which answer is correct?",,m = 1 and n = 3,m = 6 and n = 6,m = 6 and n = 3,m = 3 and n = 3,m = 3 and n = 1,m = 3 and n = 1,41,Algebra,Multiple Choice,P4Q41_49
"Two sisters eat Weetbisks cereal for breakfast.
Each Weetbisks box contains 36 biscuits.
Emily eats m Weetbisks biscuits each morning.
Sophie is less hungry and has only n Weetbisks biscuits each day.
After 4 days there are 4 biscuits left in the box.

Which answer is correct?",,m = 6 and n = 2,m = 7 and n = 8,m = 2 and n = 6,m = 5 and n = 3,m = 6 and n = 1,m = 6 and n = 2,41,Algebra,Multiple Choice,P4Q41_50
Chocolate bars cost the same as jelly rings. Jelly rings cost twice as much as sherbet dips. Four of the following cost the same. Which does not cost the same as the rest?,,"1 chocolate bars, 3 jelly rings, 2 sherbet dips","2 chocolate bars, 2 jelly rings, 2 sherbet dips","1 chocolate bars, 2 jelly rings, 4 sherbet dips","3 chocolate bars, 2 jelly rings, 2 sherbet dips","3 chocolate bars, 1 jelly rings, 2 sherbet dips","3 chocolate bars, 2 jelly rings, 2 sherbet dips",42,Logic,Text,P2Q42_1
Toffees cost the same as lollipops. Lollipops cost twice as much as sherbet dips. Four of the following cost the same. Which does not cost the same as the rest?,,"1 toffees, 2 lollipops, 4 sherbet dips","2 toffees, 1 lollipops, 4 sherbet dips","2 toffees, 2 lollipops, 4 sherbet dips","3 toffees, 1 lollipops, 2 sherbet dips","1 toffees, 3 lollipops, 2 sherbet dips","2 toffees, 2 lollipops, 4 sherbet dips",42,Logic,Text,P2Q42_2
Toffees cost the same as sherbet dips. Sherbet dips cost twice as much as jelly rings. Four of the following cost the same. Which does not cost the same as the rest?,,"1 toffees, 3 sherbet dips, 2 jelly rings","1 toffees, 2 sherbet dips, 4 jelly rings","2 toffees, 1 sherbet dips, 4 jelly rings","1 toffees, 4 sherbet dips, 1 jelly rings","2 toffees, 2 sherbet dips, 2 jelly rings","1 toffees, 4 sherbet dips, 1 jelly rings",42,Logic,Text,P2Q42_3
Sherbet dips cost half as much as toffees. Toffees cost the same as jelly rings. Four of the following cost the same. Which does not cost the same as the rest?,,"2 sherbet dips, 2 toffees, 2 jelly rings","2 sherbet dips, 1 toffees, 3 jelly rings","3 sherbet dips, 1 toffees, 2 jelly rings","2 sherbet dips, 3 toffees, 1 jelly rings","4 sherbet dips, 2 toffees, 1 jelly rings","3 sherbet dips, 1 toffees, 2 jelly rings",42,Logic,Text,P2Q42_4
Jelly rings cost the same as sherbet dips. Sherbet dips cost twice as much as lollipops. Four of the following cost the same. Which does not cost the same as the rest?,,"2 jelly rings, 1 sherbet dips, 4 lollipops","2 jelly rings, 2 sherbet dips, 2 lollipops","1 jelly rings, 2 sherbet dips, 4 lollipops","1 jelly rings, 3 sherbet dips, 2 lollipops","3 jelly rings, 1 sherbet dips, 4 lollipops","3 jelly rings, 1 sherbet dips, 4 lollipops",42,Logic,Text,P2Q42_5
Sherbet dips cost half as much as chocolate bars. Chocolate bars cost the same as lollipops. Four of the following cost the same. Which does not cost the same as the rest?,,"4 sherbet dips, 1 chocolate bars, 2 lollipops","2 sherbet dips, 1 chocolate bars, 2 lollipops","2 sherbet dips, 3 chocolate bars, 1 lollipops","4 sherbet dips, 2 chocolate bars, 1 lollipops","2 sherbet dips, 1 chocolate bars, 3 lollipops","2 sherbet dips, 1 chocolate bars, 2 lollipops",42,Logic,Text,P2Q42_6
Chocolate bars cost the same as lollipops. Lollipops cost twice as much as jelly rings. Four of the following cost the same. Which does not cost the same as the rest?,,"2 chocolate bars, 1 lollipops, 2 jelly rings","1 chocolate bars, 3 lollipops, 2 jelly rings","3 chocolate bars, 1 lollipops, 2 jelly rings","2 chocolate bars, 1 lollipops, 4 jelly rings","1 chocolate bars, 2 lollipops, 4 jelly rings","2 chocolate bars, 1 lollipops, 2 jelly rings",42,Logic,Text,P2Q42_7
Toffees cost half as much as sherbet dips. Sherbet dips cost the same as jelly rings. Four of the following cost the same. Which does not cost the same as the rest?,,"1 toffees, 2 sherbet dips, 3 jelly rings","2 toffees, 2 sherbet dips, 2 jelly rings","4 toffees, 2 sherbet dips, 1 jelly rings","4 toffees, 1 sherbet dips, 2 jelly rings","2 toffees, 3 sherbet dips, 1 jelly rings","1 toffees, 2 sherbet dips, 3 jelly rings",42,Logic,Text,P2Q42_8
Sherbet dips cost the same as toffees. Toffees cost twice as much as jelly rings. Four of the following cost the same. Which does not cost the same as the rest?,,"2 sherbet dips, 1 toffees, 4 jelly rings","1 sherbet dips, 2 toffees, 2 jelly rings","1 sherbet dips, 3 toffees, 2 jelly rings","1 sherbet dips, 2 toffees, 4 jelly rings","2 sherbet dips, 2 toffees, 2 jelly rings","1 sherbet dips, 2 toffees, 2 jelly rings",42,Logic,Text,P2Q42_9
Jelly rings cost the same as lollipops. Lollipops cost twice as much as sherbet dips. Four of the following cost the same. Which does not cost the same as the rest?,,"2 jelly rings, 2 lollipops, 2 sherbet dips","2 jelly rings, 1 lollipops, 2 sherbet dips","1 jelly rings, 2 lollipops, 4 sherbet dips","2 jelly rings, 1 lollipops, 4 sherbet dips","1 jelly rings, 3 lollipops, 2 sherbet dips","2 jelly rings, 1 lollipops, 2 sherbet dips",42,Logic,Text,P2Q42_10
Lollipops cost half as much as jelly rings. Jelly rings cost the same as sherbet dips. Four of the following cost the same. Which does not cost the same as the rest?,,"2 lollipops, 3 jelly rings, 1 sherbet dips","4 lollipops, 2 jelly rings, 1 sherbet dips","2 lollipops, 2 jelly rings, 2 sherbet dips","2 lollipops, 1 jelly rings, 3 sherbet dips","1 lollipops, 3 jelly rings, 2 sherbet dips","1 lollipops, 3 jelly rings, 2 sherbet dips",42,Logic,Text,P2Q42_11
Toffees cost half as much as jelly rings. Jelly rings cost the same as chocolate bars. Four of the following cost the same. Which does not cost the same as the rest?,,"2 toffees, 3 jelly rings, 1 chocolate bars","2 toffees, 2 jelly rings, 2 chocolate bars","1 toffees, 1 jelly rings, 4 chocolate bars","4 toffees, 1 jelly rings, 2 chocolate bars","4 toffees, 2 jelly rings, 1 chocolate bars","1 toffees, 1 jelly rings, 4 chocolate bars",42,Logic,Text,P2Q42_12
Lollipops cost the same as toffees. Toffees cost twice as much as chocolate bars. Four of the following cost the same. Which does not cost the same as the rest?,,"2 lollipops, 1 toffees, 2 chocolate bars","1 lollipops, 3 toffees, 2 chocolate bars","2 lollipops, 1 toffees, 4 chocolate bars","1 lollipops, 2 toffees, 4 chocolate bars","3 lollipops, 1 toffees, 2 chocolate bars","2 lollipops, 1 toffees, 2 chocolate bars",42,Logic,Text,P2Q42_13
Lollipops cost the same as jelly rings. Jelly rings cost twice as much as toffees. Four of the following cost the same. Which does not cost the same as the rest?,,"3 lollipops, 1 jelly rings, 2 toffees","1 lollipops, 3 jelly rings, 2 toffees","4 lollipops, 1 jelly rings, 1 toffees","2 lollipops, 2 jelly rings, 2 toffees","2 lollipops, 1 jelly rings, 4 toffees","4 lollipops, 1 jelly rings, 1 toffees",42,Logic,Text,P2Q42_14
Chocolate bars cost the same as lollipops. Lollipops cost twice as much as toffees. Four of the following cost the same. Which does not cost the same as the rest?,,"3 chocolate bars, 1 lollipops, 2 toffees","1 chocolate bars, 2 lollipops, 4 toffees","3 chocolate bars, 1 lollipops, 1 toffees","2 chocolate bars, 2 lollipops, 2 toffees","2 chocolate bars, 1 lollipops, 4 toffees","3 chocolate bars, 1 lollipops, 1 toffees",42,Logic,Text,P2Q42_15
Lollipops cost the same as sherbet dips. Sherbet dips cost twice as much as jelly rings. Four of the following cost the same. Which does not cost the same as the rest?,,"2 lollipops, 2 sherbet dips, 4 jelly rings","2 lollipops, 2 sherbet dips, 2 jelly rings","1 lollipops, 2 sherbet dips, 4 jelly rings","1 lollipops, 3 sherbet dips, 2 jelly rings","2 lollipops, 1 sherbet dips, 4 jelly rings","2 lollipops, 2 sherbet dips, 4 jelly rings",42,Logic,Text,P2Q42_16
Lollipops cost the same as sherbet dips. Sherbet dips cost twice as much as chocolate bars. Four of the following cost the same. Which does not cost the same as the rest?,,"2 lollipops, 2 sherbet dips, 2 chocolate bars","2 lollipops, 1 sherbet dips, 3 chocolate bars","1 lollipops, 2 sherbet dips, 4 chocolate bars","3 lollipops, 1 sherbet dips, 2 chocolate bars","1 lollipops, 3 sherbet dips, 2 chocolate bars","2 lollipops, 1 sherbet dips, 3 chocolate bars",42,Logic,Text,P2Q42_17
Chocolate bars cost the same as lollipops. Lollipops cost twice as much as toffees. Four of the following cost the same. Which does not cost the same as the rest?,,"1 chocolate bars, 3 lollipops, 4 toffees","2 chocolate bars, 2 lollipops, 2 toffees","1 chocolate bars, 2 lollipops, 4 toffees","1 chocolate bars, 3 lollipops, 2 toffees","2 chocolate bars, 1 lollipops, 4 toffees","1 chocolate bars, 3 lollipops, 4 toffees",42,Logic,Text,P2Q42_18
Toffees cost the same as chocolate bars. Chocolate bars cost twice as much as lollipops. Four of the following cost the same. Which does not cost the same as the rest?,,"1 toffees, 2 chocolate bars, 3 lollipops","1 toffees, 2 chocolate bars, 4 lollipops","3 toffees, 1 chocolate bars, 2 lollipops","2 toffees, 1 chocolate bars, 4 lollipops","1 toffees, 3 chocolate bars, 2 lollipops","1 toffees, 2 chocolate bars, 3 lollipops",42,Logic,Text,P2Q42_19
Sherbet dips cost half as much as toffees. Toffees cost the same as lollipops. Four of the following cost the same. Which does not cost the same as the rest?,,"4 sherbet dips, 1 toffees, 2 lollipops","4 sherbet dips, 3 toffees, 1 lollipops","2 sherbet dips, 3 toffees, 1 lollipops","2 sherbet dips, 1 toffees, 3 lollipops","4 sherbet dips, 2 toffees, 1 lollipops","4 sherbet dips, 3 toffees, 1 lollipops",42,Logic,Text,P2Q42_20
Sherbet dips cost the same as lollipops. Lollipops cost twice as much as chocolate bars. Four of the following cost the same. Which does not cost the same as the rest?,,"1 sherbet dips, 2 lollipops, 4 chocolate bars","3 sherbet dips, 1 lollipops, 4 chocolate bars","2 sherbet dips, 1 lollipops, 4 chocolate bars","3 sherbet dips, 1 lollipops, 2 chocolate bars","1 sherbet dips, 3 lollipops, 2 chocolate bars","3 sherbet dips, 1 lollipops, 4 chocolate bars",42,Logic,Text,P2Q42_21
Chocolate bars cost half as much as toffees. Toffees cost the same as sherbet dips. Four of the following cost the same. Which does not cost the same as the rest?,,"4 chocolate bars, 1 toffees, 2 sherbet dips","3 chocolate bars, 1 toffees, 3 sherbet dips","2 chocolate bars, 2 toffees, 2 sherbet dips","2 chocolate bars, 3 toffees, 1 sherbet dips","2 chocolate bars, 1 toffees, 3 sherbet dips","3 chocolate bars, 1 toffees, 3 sherbet dips",42,Logic,Text,P2Q42_22
Lollipops cost the same as chocolate bars. Chocolate bars cost twice as much as sherbet dips. Four of the following cost the same. Which does not cost the same as the rest?,,"1 lollipops, 2 chocolate bars, 4 sherbet dips","2 lollipops, 1 chocolate bars, 3 sherbet dips","2 lollipops, 1 chocolate bars, 4 sherbet dips","3 lollipops, 1 chocolate bars, 2 sherbet dips","1 lollipops, 3 chocolate bars, 2 sherbet dips","2 lollipops, 1 chocolate bars, 3 sherbet dips",42,Logic,Text,P2Q42_23
Chocolate bars cost the same as sherbet dips. Sherbet dips cost twice as much as jelly rings. Four of the following cost the same. Which does not cost the same as the rest?,,"1 chocolate bars, 3 sherbet dips, 2 jelly rings","2 chocolate bars, 1 sherbet dips, 4 jelly rings","3 chocolate bars, 1 sherbet dips, 2 jelly rings","2 chocolate bars, 2 sherbet dips, 2 jelly rings","1 chocolate bars, 3 sherbet dips, 1 jelly rings","1 chocolate bars, 3 sherbet dips, 1 jelly rings",42,Logic,Text,P2Q42_24
Chocolate bars cost half as much as toffees. Toffees cost the same as sherbet dips. Four of the following cost the same. Which does not cost the same as the rest?,,"4 chocolate bars, 1 toffees, 2 sherbet dips","2 chocolate bars, 3 toffees, 1 sherbet dips","2 chocolate bars, 1 toffees, 3 sherbet dips","1 chocolate bars, 2 toffees, 3 sherbet dips","4 chocolate bars, 2 toffees, 1 sherbet dips","1 chocolate bars, 2 toffees, 3 sherbet dips",42,Logic,Text,P2Q42_25
Sherbet dips cost half as much as chocolate bars. Chocolate bars cost the same as lollipops. Four of the following cost the same. Which does not cost the same as the rest?,,"4 sherbet dips, 1 chocolate bars, 2 lollipops","2 sherbet dips, 1 chocolate bars, 3 lollipops","1 sherbet dips, 2 chocolate bars, 3 lollipops","4 sherbet dips, 2 chocolate bars, 1 lollipops","2 sherbet dips, 3 chocolate bars, 1 lollipops","1 sherbet dips, 2 chocolate bars, 3 lollipops",42,Logic,Text,P2Q42_26
Chocolate bars cost half as much as jelly rings. Jelly rings cost the same as lollipops. Four of the following cost the same. Which does not cost the same as the rest?,,"2 chocolate bars, 2 jelly rings, 2 lollipops","4 chocolate bars, 1 jelly rings, 2 lollipops","2 chocolate bars, 3 jelly rings, 1 lollipops","4 chocolate bars, 1 jelly rings, 1 lollipops","2 chocolate bars, 1 jelly rings, 3 lollipops","4 chocolate bars, 1 jelly rings, 1 lollipops",42,Logic,Text,P2Q42_27
Lollipops cost the same as chocolate bars. Chocolate bars cost twice as much as sherbet dips. Four of the following cost the same. Which does not cost the same as the rest?,,"3 lollipops, 1 chocolate bars, 2 sherbet dips","1 lollipops, 3 chocolate bars, 2 sherbet dips","1 lollipops, 4 chocolate bars, 1 sherbet dips","2 lollipops, 2 chocolate bars, 2 sherbet dips","1 lollipops, 2 chocolate bars, 4 sherbet dips","1 lollipops, 4 chocolate bars, 1 sherbet dips",42,Logic,Text,P2Q42_28
Toffees cost the same as jelly rings. Jelly rings cost twice as much as sherbet dips. Four of the following cost the same. Which does not cost the same as the rest?,,"3 toffees, 1 jelly rings, 2 sherbet dips","2 toffees, 1 jelly rings, 4 sherbet dips","1 toffees, 2 jelly rings, 4 sherbet dips","2 toffees, 2 jelly rings, 3 sherbet dips","2 toffees, 2 jelly rings, 2 sherbet dips","2 toffees, 2 jelly rings, 3 sherbet dips",42,Logic,Text,P2Q42_29
Chocolate bars cost the same as toffees. Toffees cost twice as much as jelly rings. Four of the following cost the same. Which does not cost the same as the rest?,,"3 chocolate bars, 1 toffees, 2 jelly rings","2 chocolate bars, 2 toffees, 2 jelly rings","1 chocolate bars, 2 toffees, 4 jelly rings","2 chocolate bars, 2 toffees, 3 jelly rings","2 chocolate bars, 1 toffees, 4 jelly rings","2 chocolate bars, 2 toffees, 3 jelly rings",42,Logic,Text,P2Q42_30
Toffees cost half as much as chocolate bars. Chocolate bars cost the same as lollipops. Four of the following cost the same. Which does not cost the same as the rest?,,"2 toffees, 1 chocolate bars, 3 lollipops","4 toffees, 1 chocolate bars, 2 lollipops","2 toffees, 2 chocolate bars, 2 lollipops","3 toffees, 1 chocolate bars, 3 lollipops","4 toffees, 2 chocolate bars, 1 lollipops","3 toffees, 1 chocolate bars, 3 lollipops",42,Logic,Text,P2Q42_31
Lollipops cost half as much as toffees. Toffees cost the same as sherbet dips. Four of the following cost the same. Which does not cost the same as the rest?,,"2 lollipops, 2 toffees, 2 sherbet dips","4 lollipops, 1 toffees, 2 sherbet dips","2 lollipops, 3 toffees, 1 sherbet dips","4 lollipops, 2 toffees, 1 sherbet dips","3 lollipops, 3 toffees, 1 sherbet dips","3 lollipops, 3 toffees, 1 sherbet dips",42,Logic,Text,P2Q42_32
Chocolate bars cost half as much as sherbet dips. Sherbet dips cost the same as jelly rings. Four of the following cost the same. Which does not cost the same as the rest?,,"2 chocolate bars, 3 sherbet dips, 2 jelly rings","2 chocolate bars, 3 sherbet dips, 1 jelly rings","2 chocolate bars, 1 sherbet dips, 3 jelly rings","2 chocolate bars, 2 sherbet dips, 2 jelly rings","4 chocolate bars, 1 sherbet dips, 2 jelly rings","2 chocolate bars, 3 sherbet dips, 2 jelly rings",42,Logic,Text,P2Q42_33
Chocolate bars cost half as much as jelly rings. Jelly rings cost the same as sherbet dips. Four of the following cost the same. Which does not cost the same as the rest?,,"4 chocolate bars, 1 jelly rings, 2 sherbet dips","2 chocolate bars, 3 jelly rings, 1 sherbet dips","4 chocolate bars, 2 jelly rings, 1 sherbet dips","2 chocolate bars, 2 jelly rings, 1 sherbet dips","2 chocolate bars, 1 jelly rings, 3 sherbet dips","2 chocolate bars, 2 jelly rings, 1 sherbet dips",42,Logic,Text,P2Q42_34
Jelly rings cost the same as sherbet dips. Sherbet dips cost twice as much as toffees. Four of the following cost the same. Which does not cost the same as the rest?,,"3 jelly rings, 1 sherbet dips, 2 toffees","2 jelly rings, 2 sherbet dips, 2 toffees","3 jelly rings, 1 sherbet dips, 3 toffees","2 jelly rings, 1 sherbet dips, 4 toffees","1 jelly rings, 3 sherbet dips, 2 toffees","3 jelly rings, 1 sherbet dips, 3 toffees",42,Logic,Text,P2Q42_35
Toffees cost half as much as jelly rings. Jelly rings cost the same as chocolate bars. Four of the following cost the same. Which does not cost the same as the rest?,,"2 toffees, 3 jelly rings, 1 chocolate bars","4 toffees, 1 jelly rings, 3 chocolate bars","4 toffees, 1 jelly rings, 2 chocolate bars","2 toffees, 1 jelly rings, 3 chocolate bars","2 toffees, 2 jelly rings, 2 chocolate bars","4 toffees, 1 jelly rings, 3 chocolate bars",42,Logic,Text,P2Q42_36
Toffees cost half as much as lollipops. Lollipops cost the same as jelly rings. Four of the following cost the same. Which does not cost the same as the rest?,,"4 toffees, 1 lollipops, 2 jelly rings","2 toffees, 1 lollipops, 3 jelly rings","4 toffees, 2 lollipops, 1 jelly rings","1 toffees, 1 lollipops, 3 jelly rings","2 toffees, 2 lollipops, 2 jelly rings","1 toffees, 1 lollipops, 3 jelly rings",42,Logic,Text,P2Q42_37
Jelly rings cost half as much as toffees. Toffees cost the same as chocolate bars. Four of the following cost the same. Which does not cost the same as the rest?,,"4 jelly rings, 2 toffees, 1 chocolate bars","2 jelly rings, 1 toffees, 3 chocolate bars","3 jelly rings, 1 toffees, 2 chocolate bars","2 jelly rings, 2 toffees, 2 chocolate bars","4 jelly rings, 1 toffees, 2 chocolate bars","3 jelly rings, 1 toffees, 2 chocolate bars",42,Logic,Text,P2Q42_38
Jelly rings cost half as much as lollipops. Lollipops cost the same as toffees. Four of the following cost the same. Which does not cost the same as the rest?,,"2 jelly rings, 2 lollipops, 2 toffees","2 jelly rings, 3 lollipops, 1 toffees","2 jelly rings, 1 lollipops, 3 toffees","1 jelly rings, 3 lollipops, 2 toffees","4 jelly rings, 2 lollipops, 1 toffees","1 jelly rings, 3 lollipops, 2 toffees",42,Logic,Text,P2Q42_39
Jelly rings cost the same as chocolate bars. Chocolate bars cost twice as much as sherbet dips. Four of the following cost the same. Which does not cost the same as the rest?,,"3 jelly rings, 1 chocolate bars, 2 sherbet dips","1 jelly rings, 2 chocolate bars, 4 sherbet dips","2 jelly rings, 2 chocolate bars, 2 sherbet dips","1 jelly rings, 3 chocolate bars, 2 sherbet dips","1 jelly rings, 1 chocolate bars, 4 sherbet dips","1 jelly rings, 1 chocolate bars, 4 sherbet dips",42,Logic,Text,P2Q42_40
Sherbet dips cost the same as toffees. Toffees cost twice as much as chocolate bars. Four of the following cost the same. Which does not cost the same as the rest?,,"3 sherbet dips, 1 toffees, 2 chocolate bars","2 sherbet dips, 2 toffees, 2 chocolate bars","3 sherbet dips, 2 toffees, 2 chocolate bars","2 sherbet dips, 1 toffees, 4 chocolate bars","1 sherbet dips, 2 toffees, 4 chocolate bars","3 sherbet dips, 2 toffees, 2 chocolate bars",42,Logic,Text,P2Q42_41
Sherbet dips cost half as much as toffees. Toffees cost the same as chocolate bars. Four of the following cost the same. Which does not cost the same as the rest?,,"3 sherbet dips, 2 toffees, 2 chocolate bars","4 sherbet dips, 2 toffees, 1 chocolate bars","4 sherbet dips, 1 toffees, 2 chocolate bars","2 sherbet dips, 2 toffees, 2 chocolate bars","2 sherbet dips, 3 toffees, 1 chocolate bars","3 sherbet dips, 2 toffees, 2 chocolate bars",42,Logic,Text,P2Q42_42
Toffees cost the same as lollipops. Lollipops cost twice as much as chocolate bars. Four of the following cost the same. Which does not cost the same as the rest?,,"1 toffees, 3 lollipops, 2 chocolate bars","1 toffees, 2 lollipops, 4 chocolate bars","2 toffees, 2 lollipops, 2 chocolate bars","2 toffees, 1 lollipops, 2 chocolate bars","2 toffees, 1 lollipops, 4 chocolate bars","2 toffees, 1 lollipops, 2 chocolate bars",42,Logic,Text,P2Q42_43
Jelly rings cost half as much as chocolate bars. Chocolate bars cost the same as lollipops. Four of the following cost the same. Which does not cost the same as the rest?,,"2 jelly rings, 3 chocolate bars, 1 lollipops","2 jelly rings, 2 chocolate bars, 2 lollipops","2 jelly rings, 1 chocolate bars, 3 lollipops","4 jelly rings, 2 chocolate bars, 1 lollipops","3 jelly rings, 1 chocolate bars, 3 lollipops","3 jelly rings, 1 chocolate bars, 3 lollipops",42,Logic,Text,P2Q42_44
Toffees cost half as much as lollipops. Lollipops cost the same as chocolate bars. Four of the following cost the same. Which does not cost the same as the rest?,,"1 toffees, 2 lollipops, 2 chocolate bars","2 toffees, 2 lollipops, 2 chocolate bars","2 toffees, 1 lollipops, 3 chocolate bars","4 toffees, 1 lollipops, 2 chocolate bars","2 toffees, 3 lollipops, 1 chocolate bars","1 toffees, 2 lollipops, 2 chocolate bars",42,Logic,Text,P2Q42_45
Chocolate bars cost the same as jelly rings. Jelly rings cost twice as much as sherbet dips. Four of the following cost the same. Which does not cost the same as the rest?,,"2 chocolate bars, 3 jelly rings, 2 sherbet dips","1 chocolate bars, 2 jelly rings, 4 sherbet dips","3 chocolate bars, 1 jelly rings, 2 sherbet dips","2 chocolate bars, 2 jelly rings, 2 sherbet dips","1 chocolate bars, 3 jelly rings, 2 sherbet dips","2 chocolate bars, 3 jelly rings, 2 sherbet dips",42,Logic,Text,P2Q42_46
Jelly rings cost half as much as chocolate bars. Chocolate bars cost the same as lollipops. Four of the following cost the same. Which does not cost the same as the rest?,,"2 jelly rings, 3 chocolate bars, 1 lollipops","4 jelly rings, 2 chocolate bars, 1 lollipops","4 jelly rings, 1 chocolate bars, 3 lollipops","4 jelly rings, 1 chocolate bars, 2 lollipops","2 jelly rings, 1 chocolate bars, 3 lollipops","4 jelly rings, 1 chocolate bars, 3 lollipops",42,Logic,Text,P2Q42_47
Toffees cost the same as lollipops. Lollipops cost twice as much as jelly rings. Four of the following cost the same. Which does not cost the same as the rest?,,"2 toffees, 2 lollipops, 2 jelly rings","3 toffees, 1 lollipops, 2 jelly rings","1 toffees, 2 lollipops, 4 jelly rings","2 toffees, 1 lollipops, 4 jelly rings","1 toffees, 3 lollipops, 1 jelly rings","1 toffees, 3 lollipops, 1 jelly rings",42,Logic,Text,P2Q42_48
Lollipops cost half as much as jelly rings. Jelly rings cost the same as sherbet dips. Four of the following cost the same. Which does not cost the same as the rest?,,"2 lollipops, 2 jelly rings, 2 sherbet dips","4 lollipops, 1 jelly rings, 2 sherbet dips","2 lollipops, 1 jelly rings, 3 sherbet dips","3 lollipops, 1 jelly rings, 3 sherbet dips","4 lollipops, 2 jelly rings, 1 sherbet dips","3 lollipops, 1 jelly rings, 3 sherbet dips",42,Logic,Text,P2Q42_49
Jelly rings cost the same as sherbet dips. Sherbet dips cost twice as much as toffees. Four of the following cost the same. Which does not cost the same as the rest?,,"1 jelly rings, 1 sherbet dips, 4 toffees","1 jelly rings, 3 sherbet dips, 2 toffees","1 jelly rings, 2 sherbet dips, 4 toffees","3 jelly rings, 1 sherbet dips, 2 toffees","2 jelly rings, 2 sherbet dips, 2 toffees","1 jelly rings, 1 sherbet dips, 4 toffees",42,Logic,Text,P2Q42_50
An office manager counted how many people arrived late. Which one of these statements is true?,P3Q42_1.png,The number for Mon and Tue was the same.,Exactly 12 employees late were recorded for Tue.,Tue had the lowest number.,Wed had the lowest number.,A total of 46 employees late were recorded.,Wed had the lowest number.,42,Data - Bar Charts,Multiple Choice,P3Q42_1
The chart shows the goals scored by a football team in 5 matches. Which one of these statements is true?,P3Q42_2.png,Match 4 had the lowest number.,Match 5 had the lowest number.,More goals were recorded on Match 4 than Match 5.,The number for Match 1 and Match 2 was the same.,Exactly 6 goals were recorded for Match 2.,Match 4 had the lowest number.,42,Data - Bar Charts,Multiple Choice,P3Q42_2
A showroom tracks how many cars are sold each day. Which one of these statements is true?,P3Q42_3.png,The highest number recorded was 4.,Exactly 3 cars were recorded for Wed.,The number for Mon and Tue was the same.,A total of 24 cars were recorded.,A total of 14 cars were recorded.,A total of 14 cars were recorded.,42,Data - Bar Charts,Multiple Choice,P3Q42_3
Class 6B has 30 pupils. The chart shows absences for a week. Which one of these statements is true?,P3Q42_4.png,Exactly 5 number of pupils were recorded for Mon.,The highest number recorded was 8.,The number for Mon and Tue was the same.,Tue had the lowest number.,More number of pupils were recorded on Tue than Fri.,Tue had the lowest number.,42,Data - Bar Charts,Multiple Choice,P3Q42_4
The chart shows the temperature recorded at different times. Which one of these statements is true?,P3Q42_5.png,9am had the lowest number.,Exactly 12 temperature (°c) were recorded for 11am.,11am had the lowest number.,More temperature (°c) were recorded on 9am than 11am.,A total of 14 temperature (°c) were recorded.,9am had the lowest number.,42,Data - Bar Charts,Multiple Choice,P3Q42_5
Class 6B has 30 pupils. The chart shows absences for a week. Which one of these statements is true?,P3Q42_6.png,The number for Mon and Tue was the same.,A total of 39 number of pupils were recorded.,The highest number recorded was 8.,A total of 44 number of pupils were recorded.,Mon had the lowest number.,A total of 39 number of pupils were recorded.,42,Data - Bar Charts,Multiple Choice,P3Q42_6
The chart shows the goals scored by a football team in 5 matches. Which one of these statements is true?,P3Q42_7.png,Exactly 7 goals were recorded for Match 1.,More goals were recorded on Match 1 than Match 3.,4 more goals were recorded on Match 3 than Match 1.,Match 3 had the lowest number.,A total of 40 goals were recorded.,4 more goals were recorded on Match 3 than Match 1.,42,Data - Bar Charts,Multiple Choice,P3Q42_7
An office manager counted how many people arrived late. Which one of these statements is true?,P3Q42_8.png,Mon had the lowest number.,The number for Mon and Tue was the same.,The highest number recorded was 8.,More employees late were recorded on Thu than Mon.,The number for Mon is higher than Thu.,The number for Mon is higher than Thu.,42,Data - Bar Charts,Multiple Choice,P3Q42_8
A canteen recorded which pizzas were sold at lunch. Which one of these statements is true?,P3Q42_9.png,Exactly 12 number sold were recorded for Veg.,Veg had the lowest number.,A total of 43 number sold were recorded.,The highest number recorded was 8.,7 more number sold were recorded on Tuna than Ham.,7 more number sold were recorded on Tuna than Ham.,42,Data - Bar Charts,Multiple Choice,P3Q42_9
The chart shows the temperature recorded at different times. Which one of these statements is true?,P3Q42_10.png,9am had the lowest number.,The number for 9am and 11am was the same.,Exactly 7 temperature (°c) were recorded for 3pm.,A total of 28 temperature (°c) were recorded.,More temperature (°c) were recorded on 5pm than 9am.,A total of 28 temperature (°c) were recorded.,42,Data - Bar Charts,Multiple Choice,P3Q42_10
Class 6B has 30 pupils. The chart shows absences for a week. Which one of these statements is true?,P3Q42_11.png,The highest number recorded was 8.,More number of pupils were recorded on Wed than Fri.,A total of 46 number of pupils were recorded.,The number for Mon and Tue was the same.,A total of 41 number of pupils were recorded.,A total of 41 number of pupils were recorded.,42,Data - Bar Charts,Multiple Choice,P3Q42_11
Class 6B has 30 pupils. The chart shows absences for a week. Which one of these statements is true?,P3Q42_12.png,Tue had the lowest number.,More number of pupils were recorded on Mon than Tue.,A total of 13 number of pupils were recorded.,Mon had the lowest number.,The highest number recorded was 5.,Mon had the lowest number.,42,Data - Bar Charts,Multiple Choice,P3Q42_12
A canteen recorded which pizzas were sold at lunch. Which one of these statements is true?,P3Q42_13.png,The highest number recorded was 5.,More number sold were recorded on Cheese than Tuna.,The number for Cheese and Pep was the same.,The highest number recorded was 3.,Exactly 4 number sold were recorded for Cheese.,The highest number recorded was 5.,42,Data - Bar Charts,Multiple Choice,P3Q42_13
An office manager counted how many people arrived late. Which one of these statements is true?,P3Q42_14.png,Thu had the lowest number.,The number for Mon and Tue was the same.,More employees late were recorded on Mon than Thu.,Exactly 9 employees late were recorded for Wed.,Mon had the lowest number.,Mon had the lowest number.,42,Data - Bar Charts,Multiple Choice,P3Q42_14
The chart shows the temperature recorded at different times. Which one of these statements is true?,P3Q42_15.png,A total of 27 temperature (°c) were recorded.,5 more temperature (°c) were recorded on 11am than 1pm.,The highest number recorded was 5.,Exactly 6 temperature (°c) were recorded for 3pm.,More temperature (°c) were recorded on 1pm than 11am.,5 more temperature (°c) were recorded on 11am than 1pm.,42,Data - Bar Charts,Multiple Choice,P3Q42_15
A canteen recorded which pizzas were sold at lunch. Which one of these statements is true?,P3Q42_16.png,Cheese had the lowest number.,More number sold were recorded on Pep than Cheese.,8 more number sold were recorded on Cheese than Pep.,The number for Cheese and Pep was the same.,The highest number recorded was 8.,8 more number sold were recorded on Cheese than Pep.,42,Data - Bar Charts,Multiple Choice,P3Q42_16
Class 6B has 30 pupils. The chart shows absences for a week. Which one of these statements is true?,P3Q42_17.png,Exactly 9 number of pupils were recorded for Thu.,The number for Fri is higher than Wed.,Fri had the lowest number.,The highest number recorded was 7.,More number of pupils were recorded on Wed than Fri.,The number for Fri is higher than Wed.,42,Data - Bar Charts,Multiple Choice,P3Q42_17
The chart shows the goals scored by a football team in 5 matches. Which one of these statements is true?,P3Q42_18.png,More goals were recorded on Match 1 than Match 2.,The highest number recorded was 9.,Exactly 4 goals were recorded for Match 1.,A total of 25 goals were recorded.,Match 2 had the lowest number.,The highest number recorded was 9.,42,Data - Bar Charts,Multiple Choice,P3Q42_18
The chart shows the temperature recorded at different times. Which one of these statements is true?,P3Q42_19.png,The number for 9am and 11am was the same.,A total of 31 temperature (°c) were recorded.,Exactly 12 temperature (°c) were recorded for 5pm.,The highest number recorded was 8.,The number for 5pm is higher than 3pm.,The number for 5pm is higher than 3pm.,42,Data - Bar Charts,Multiple Choice,P3Q42_19
The chart shows the goals scored by a football team in 5 matches. Which one of these statements is true?,P3Q42_20.png,Match 2 had the lowest number.,The number for Match 2 is higher than Match 3.,A total of 25 goals were recorded.,Exactly 8 goals were recorded for Match 1.,The highest number recorded was 7.,The number for Match 2 is higher than Match 3.,42,Data - Bar Charts,Multiple Choice,P3Q42_20
"Large cans of cola hold 300 ml.
Small cans hold 150 ml.
On Monday, Ben drank 1 large can.
On Tuesday she drank 1 small can and on Wednesday she drank 1 small can.
Her younger brother, Emma, drank exactly one third the amount that Ben drank in total.
How much did Emma drink?",,400 ml,200 ml,190 ml,600 ml,450 ml,200 ml,42,Measures,Multiple Choice,P4Q42_1
"Large cans of lemonade hold 330 ml.
Small cans hold 150 ml.
On Monday, James drank 2 large cans.
On Tuesday she drank 2 small cans and on Wednesday she drank 2 small cans.
Her younger brother, Sam, drank exactly one third the amount that James drank in total.
How much did Sam drink?",,1260 ml,480 ml,420 ml,840 ml,410 ml,420 ml,42,Measures,Multiple Choice,P4Q42_2
"Large cans of orange juice hold 330 ml.
Small cans hold 200 ml.
On Monday, Kerry drank 2 large cans.
On Tuesday she drank 1 small can and on Wednesday she drank 1 small can.
Her younger brother, Sam, drank exactly half the amount that Kerry drank in total.
How much did Sam drink?",,530 ml,1060 ml,540 ml,540 ml,540 ml,530 ml,42,Measures,Multiple Choice,P4Q42_3
"Large cans of cola hold 330 ml.
Small cans hold 150 ml.
On Monday, Sarah drank 1 large can.
On Tuesday she drank 1 small can and on Wednesday she drank 1 small can.
Her younger brother, Emma, drank exactly one third the amount that Sarah drank in total.
How much did Emma drink?",,220 ml,480 ml,210 ml,630 ml,420 ml,210 ml,42,Measures,Multiple Choice,P4Q42_4
"Large cans of cola hold 300 ml.
Small cans hold 125 ml.
On Monday, Kerry drank 1 large can.
On Tuesday she drank 1 small can and on Wednesday she drank 1 small can.
Her younger brother, Sam, drank exactly half the amount that Kerry drank in total.
How much did Sam drink?",,550 ml,265 ml,285 ml,425 ml,275 ml,275 ml,42,Measures,Multiple Choice,P4Q42_5
"Large cans of orange juice hold 300 ml.
Small cans hold 150 ml.
On Monday, James drank 2 large cans.
On Tuesday she drank 2 small cans and on Wednesday she drank 2 small cans.
Her younger brother, Tom, drank exactly one quarter the amount that James drank in total.
How much did Tom drink?",,450 ml,1200 ml,900 ml,310 ml,300 ml,300 ml,42,Measures,Multiple Choice,P4Q42_6
"Large cans of water hold 300 ml.
Small cans hold 125 ml.
On Monday, Kerry drank 1 large can.
On Tuesday she drank 2 small cans and on Wednesday she drank 1 small can.
Her younger brother, Tom, drank exactly one third the amount that Kerry drank in total.
How much did Tom drink?",,425 ml,225 ml,675 ml,450 ml,215 ml,225 ml,42,Measures,Multiple Choice,P4Q42_7
"Large cans of orange juice hold 300 ml.
Small cans hold 150 ml.
On Monday, James drank 1 large can.
On Tuesday she drank 2 small cans and on Wednesday she drank 2 small cans.
Her younger brother, Emma, drank exactly one third the amount that James drank in total.
How much did Emma drink?",,900 ml,450 ml,300 ml,600 ml,350 ml,300 ml,42,Measures,Multiple Choice,P4Q42_8
"Large cans of water hold 400 ml.
Small cans hold 100 ml.
On Monday, Kerry drank 1 large can.
On Tuesday she drank 1 small can and on Wednesday she drank 1 small can.
Her younger brother, Lucy, drank exactly one third the amount that Kerry drank in total.
How much did Lucy drink?",,600 ml,250 ml,400 ml,500 ml,200 ml,200 ml,42,Measures,Multiple Choice,P4Q42_9
"Large cans of orange juice hold 250 ml.
Small cans hold 150 ml.
On Monday, James drank 2 large cans.
On Tuesday she drank 1 small can and on Wednesday she drank 1 small can.
Her younger brother, Emma, drank exactly one quarter the amount that James drank in total.
How much did Emma drink?",,200 ml,600 ml,800 ml,190 ml,400 ml,200 ml,42,Measures,Multiple Choice,P4Q42_10
"Large cans of lemonade hold 500 ml.
Small cans hold 250 ml.
On Monday, Kerry drank 1 large can.
On Tuesday she drank 2 small cans and on Wednesday she drank 2 small cans.
Her younger brother, Lucy, drank exactly one quarter the amount that Kerry drank in total.
How much did Lucy drink?",,1500 ml,375 ml,1125 ml,385 ml,750 ml,375 ml,42,Measures,Multiple Choice,P4Q42_11
"Large cans of cola hold 330 ml.
Small cans hold 125 ml.
On Monday, Ben drank 2 large cans.
On Tuesday she drank 1 small can and on Wednesday she drank 2 small cans.
Her younger brother, Lucy, drank exactly one third the amount that Ben drank in total.
How much did Lucy drink?",,345 ml,1035 ml,690 ml,395 ml,455 ml,345 ml,42,Measures,Multiple Choice,P4Q42_12
"Large cans of cola hold 250 ml.
Small cans hold 250 ml.
On Monday, Kerry drank 2 large cans.
On Tuesday she drank 2 small cans and on Wednesday she drank 2 small cans.
Her younger brother, Tom, drank exactly one quarter the amount that Kerry drank in total.
How much did Tom drink?",,425 ml,1500 ml,375 ml,500 ml,1125 ml,375 ml,42,Measures,Multiple Choice,P4Q42_13
"Large cans of water hold 600 ml.
Small cans hold 125 ml.
On Monday, Sarah drank 2 large cans.
On Tuesday she drank 1 small can and on Wednesday she drank 1 small can.
Her younger brother, Emma, drank exactly half the amount that Sarah drank in total.
How much did Emma drink?",,735 ml,725 ml,715 ml,715 ml,1450 ml,725 ml,42,Measures,Multiple Choice,P4Q42_14
"Large cans of lemonade hold 250 ml.
Small cans hold 100 ml.
On Monday, Ben drank 1 large can.
On Tuesday she drank 2 small cans and on Wednesday she drank 1 small can.
Her younger brother, Lucy, drank exactly half the amount that Ben drank in total.
How much did Lucy drink?",,285 ml,550 ml,275 ml,285 ml,350 ml,275 ml,42,Measures,Multiple Choice,P4Q42_15
"Large cans of cola hold 300 ml.
Small cans hold 250 ml.
On Monday, Kerry drank 2 large cans.
On Tuesday she drank 2 small cans and on Wednesday she drank 1 small can.
Her younger brother, Emma, drank exactly half the amount that Kerry drank in total.
How much did Emma drink?",,550 ml,665 ml,1350 ml,685 ml,675 ml,675 ml,42,Measures,Multiple Choice,P4Q42_16
"Large cans of orange juice hold 400 ml.
Small cans hold 125 ml.
On Monday, James drank 1 large can.
On Tuesday she drank 2 small cans and on Wednesday she drank 2 small cans.
Her younger brother, Lucy, drank exactly one third the amount that James drank in total.
How much did Lucy drink?",,300 ml,600 ml,900 ml,525 ml,310 ml,300 ml,42,Measures,Multiple Choice,P4Q42_17
"Large cans of cola hold 300 ml.
Small cans hold 125 ml.
On Monday, Sarah drank 2 large cans.
On Tuesday she drank 2 small cans and on Wednesday she drank 1 small can.
Her younger brother, Emma, drank exactly one third the amount that Sarah drank in total.
How much did Emma drink?",,975 ml,325 ml,425 ml,650 ml,335 ml,325 ml,42,Measures,Multiple Choice,P4Q42_18
"Large cans of water hold 600 ml.
Small cans hold 100 ml.
On Monday, Sarah drank 1 large can.
On Tuesday she drank 1 small can and on Wednesday she drank 1 small can.
Her younger brother, Tom, drank exactly half the amount that Sarah drank in total.
How much did Tom drink?",,410 ml,400 ml,450 ml,700 ml,800 ml,400 ml,42,Measures,Multiple Choice,P4Q42_19
"Large cans of lemonade hold 600 ml.
Small cans hold 100 ml.
On Monday, James drank 1 large can.
On Tuesday she drank 2 small cans and on Wednesday she drank 1 small can.
Her younger brother, Lucy, drank exactly one third the amount that James drank in total.
How much did Lucy drink?",,290 ml,900 ml,600 ml,300 ml,700 ml,300 ml,42,Measures,Multiple Choice,P4Q42_20
"Large cans of orange juice hold 400 ml.
Small cans hold 150 ml.
On Monday, James drank 1 large can.
On Tuesday she drank 1 small can and on Wednesday she drank 1 small can.
Her younger brother, Lucy, drank exactly one quarter the amount that James drank in total.
How much did Lucy drink?",,700 ml,225 ml,525 ml,550 ml,175 ml,175 ml,42,Measures,Multiple Choice,P4Q42_21
"Large cans of cola hold 500 ml.
Small cans hold 200 ml.
On Monday, Kerry drank 1 large can.
On Tuesday she drank 1 small can and on Wednesday she drank 2 small cans.
Her younger brother, Tom, drank exactly one quarter the amount that Kerry drank in total.
How much did Tom drink?",,700 ml,825 ml,325 ml,275 ml,1100 ml,275 ml,42,Measures,Multiple Choice,P4Q42_22
"Large cans of lemonade hold 300 ml.
Small cans hold 150 ml.
On Monday, Ben drank 2 large cans.
On Tuesday she drank 2 small cans and on Wednesday she drank 1 small can.
Her younger brother, Emma, drank exactly one third the amount that Ben drank in total.
How much did Emma drink?",,1050 ml,700 ml,350 ml,340 ml,450 ml,350 ml,42,Measures,Multiple Choice,P4Q42_23
"Large cans of water hold 250 ml.
Small cans hold 200 ml.
On Monday, Ben drank 2 large cans.
On Tuesday she drank 2 small cans and on Wednesday she drank 1 small can.
Her younger brother, Sam, drank exactly half the amount that Ben drank in total.
How much did Sam drink?",,600 ml,1100 ml,450 ml,600 ml,550 ml,550 ml,42,Measures,Multiple Choice,P4Q42_24
"Large cans of cola hold 300 ml.
Small cans hold 125 ml.
On Monday, Ben drank 1 large can.
On Tuesday she drank 2 small cans and on Wednesday she drank 1 small can.
Her younger brother, Emma, drank exactly one third the amount that Ben drank in total.
How much did Emma drink?",,675 ml,235 ml,450 ml,425 ml,225 ml,225 ml,42,Measures,Multiple Choice,P4Q42_25
"Large cans of water hold 500 ml.
Small cans hold 125 ml.
On Monday, Kerry drank 1 large can.
On Tuesday she drank 2 small cans and on Wednesday she drank 2 small cans.
Her younger brother, Tom, drank exactly one quarter the amount that Kerry drank in total.
How much did Tom drink?",,1000 ml,625 ml,250 ml,300 ml,750 ml,250 ml,42,Measures,Multiple Choice,P4Q42_26
"Large cans of water hold 600 ml.
Small cans hold 200 ml.
On Monday, Sarah drank 2 large cans.
On Tuesday she drank 1 small can and on Wednesday she drank 2 small cans.
Her younger brother, Sam, drank exactly one quarter the amount that Sarah drank in total.
How much did Sam drink?",,800 ml,500 ml,450 ml,1350 ml,1800 ml,450 ml,42,Measures,Multiple Choice,P4Q42_27
"Large cans of orange juice hold 600 ml.
Small cans hold 250 ml.
On Monday, Sarah drank 1 large can.
On Tuesday she drank 2 small cans and on Wednesday she drank 1 small can.
Her younger brother, Emma, drank exactly half the amount that Sarah drank in total.
How much did Emma drink?",,850 ml,1350 ml,685 ml,685 ml,675 ml,675 ml,42,Measures,Multiple Choice,P4Q42_28
"Large cans of orange juice hold 500 ml.
Small cans hold 250 ml.
On Monday, Kerry drank 1 large can.
On Tuesday she drank 2 small cans and on Wednesday she drank 2 small cans.
Her younger brother, Lucy, drank exactly one third the amount that Kerry drank in total.
How much did Lucy drink?",,500 ml,750 ml,1500 ml,510 ml,1000 ml,500 ml,42,Measures,Multiple Choice,P4Q42_29
"Large cans of water hold 500 ml.
Small cans hold 100 ml.
On Monday, Ben drank 1 large can.
On Tuesday she drank 2 small cans and on Wednesday she drank 2 small cans.
Her younger brother, Emma, drank exactly one third the amount that Ben drank in total.
How much did Emma drink?",,600 ml,900 ml,290 ml,350 ml,300 ml,300 ml,42,Measures,Multiple Choice,P4Q42_30
"Large cans of orange juice hold 250 ml.
Small cans hold 200 ml.
On Monday, Kerry drank 2 large cans.
On Tuesday she drank 1 small can and on Wednesday she drank 1 small can.
Her younger brother, Emma, drank exactly one third the amount that Kerry drank in total.
How much did Emma drink?",,450 ml,900 ml,300 ml,600 ml,310 ml,300 ml,42,Measures,Multiple Choice,P4Q42_31
"Large cans of orange juice hold 400 ml.
Small cans hold 200 ml.
On Monday, Kerry drank 2 large cans.
On Tuesday she drank 1 small can and on Wednesday she drank 1 small can.
Her younger brother, Emma, drank exactly one third the amount that Kerry drank in total.
How much did Emma drink?",,800 ml,450 ml,1200 ml,400 ml,600 ml,400 ml,42,Measures,Multiple Choice,P4Q42_32
"Large cans of orange juice hold 500 ml.
Small cans hold 150 ml.
On Monday, Kerry drank 1 large can.
On Tuesday she drank 2 small cans and on Wednesday she drank 1 small can.
Her younger brother, Emma, drank exactly half the amount that Kerry drank in total.
How much did Emma drink?",,650 ml,525 ml,475 ml,950 ml,465 ml,475 ml,42,Measures,Multiple Choice,P4Q42_33
"Large cans of orange juice hold 330 ml.
Small cans hold 125 ml.
On Monday, Ben drank 1 large can.
On Tuesday she drank 1 small can and on Wednesday she drank 1 small can.
Her younger brother, Sam, drank exactly one quarter the amount that Ben drank in total.
How much did Sam drink?",,135 ml,435 ml,580 ml,455 ml,145 ml,145 ml,42,Measures,Multiple Choice,P4Q42_34
"Large cans of orange juice hold 250 ml.
Small cans hold 100 ml.
On Monday, Kerry drank 2 large cans.
On Tuesday she drank 2 small cans and on Wednesday she drank 1 small can.
Her younger brother, Lucy, drank exactly half the amount that Kerry drank in total.
How much did Lucy drink?",,400 ml,350 ml,390 ml,800 ml,410 ml,400 ml,42,Measures,Multiple Choice,P4Q42_35
"Large cans of water hold 330 ml.
Small cans hold 150 ml.
On Monday, James drank 1 large can.
On Tuesday she drank 1 small can and on Wednesday she drank 2 small cans.
Her younger brother, Emma, drank exactly one third the amount that James drank in total.
How much did Emma drink?",,260 ml,520 ml,780 ml,250 ml,480 ml,260 ml,42,Measures,Multiple Choice,P4Q42_36
"Large cans of orange juice hold 600 ml.
Small cans hold 200 ml.
On Monday, Kerry drank 2 large cans.
On Tuesday she drank 1 small can and on Wednesday she drank 2 small cans.
Her younger brother, Emma, drank exactly half the amount that Kerry drank in total.
How much did Emma drink?",,800 ml,900 ml,950 ml,910 ml,1800 ml,900 ml,42,Measures,Multiple Choice,P4Q42_37
"Large cans of lemonade hold 330 ml.
Small cans hold 200 ml.
On Monday, James drank 2 large cans.
On Tuesday she drank 1 small can and on Wednesday she drank 1 small can.
Her younger brother, Sam, drank exactly one quarter the amount that James drank in total.
How much did Sam drink?",,530 ml,1060 ml,795 ml,315 ml,265 ml,265 ml,42,Measures,Multiple Choice,P4Q42_38
"Large cans of lemonade hold 300 ml.
Small cans hold 100 ml.
On Monday, Sarah drank 2 large cans.
On Tuesday she drank 1 small can and on Wednesday she drank 2 small cans.
Her younger brother, Tom, drank exactly one quarter the amount that Sarah drank in total.
How much did Tom drink?",,675 ml,225 ml,900 ml,215 ml,400 ml,225 ml,42,Measures,Multiple Choice,P4Q42_39
"Large cans of water hold 330 ml.
Small cans hold 150 ml.
On Monday, Ben drank 1 large can.
On Tuesday she drank 2 small cans and on Wednesday she drank 2 small cans.
Her younger brother, Sam, drank exactly one third the amount that Ben drank in total.
How much did Sam drink?",,310 ml,480 ml,930 ml,620 ml,300 ml,310 ml,42,Measures,Multiple Choice,P4Q42_40
"Large cans of lemonade hold 500 ml.
Small cans hold 125 ml.
On Monday, Sarah drank 2 large cans.
On Tuesday she drank 2 small cans and on Wednesday she drank 2 small cans.
Her younger brother, Sam, drank exactly half the amount that Sarah drank in total.
How much did Sam drink?",,625 ml,1500 ml,750 ml,740 ml,760 ml,750 ml,42,Measures,Multiple Choice,P4Q42_41
"Large cans of orange juice hold 250 ml.
Small cans hold 100 ml.
On Monday, Kerry drank 1 large can.
On Tuesday she drank 1 small can and on Wednesday she drank 1 small can.
Her younger brother, Emma, drank exactly half the amount that Kerry drank in total.
How much did Emma drink?",,450 ml,215 ml,350 ml,225 ml,235 ml,225 ml,42,Measures,Multiple Choice,P4Q42_42
"Large cans of orange juice hold 400 ml.
Small cans hold 250 ml.
On Monday, James drank 2 large cans.
On Tuesday she drank 1 small can and on Wednesday she drank 1 small can.
Her younger brother, Tom, drank exactly one quarter the amount that James drank in total.
How much did Tom drink?",,325 ml,1300 ml,650 ml,975 ml,375 ml,325 ml,42,Measures,Multiple Choice,P4Q42_43
"Large cans of orange juice hold 400 ml.
Small cans hold 200 ml.
On Monday, James drank 2 large cans.
On Tuesday she drank 1 small can and on Wednesday she drank 2 small cans.
Her younger brother, Tom, drank exactly one quarter the amount that James drank in total.
How much did Tom drink?",,1400 ml,600 ml,350 ml,1050 ml,400 ml,350 ml,42,Measures,Multiple Choice,P4Q42_44
"Large cans of cola hold 250 ml.
Small cans hold 125 ml.
On Monday, Sarah drank 2 large cans.
On Tuesday she drank 1 small can and on Wednesday she drank 1 small can.
Her younger brother, Emma, drank exactly one third the amount that Sarah drank in total.
How much did Emma drink?",,750 ml,250 ml,240 ml,375 ml,500 ml,250 ml,42,Measures,Multiple Choice,P4Q42_45
"Large cans of lemonade hold 300 ml.
Small cans hold 150 ml.
On Monday, James drank 2 large cans.
On Tuesday she drank 2 small cans and on Wednesday she drank 2 small cans.
Her younger brother, Lucy, drank exactly one quarter the amount that James drank in total.
How much did Lucy drink?",,450 ml,310 ml,1200 ml,300 ml,900 ml,300 ml,42,Measures,Multiple Choice,P4Q42_46
"Large cans of orange juice hold 300 ml.
Small cans hold 100 ml.
On Monday, James drank 2 large cans.
On Tuesday she drank 1 small can and on Wednesday she drank 2 small cans.
Her younger brother, Lucy, drank exactly one third the amount that James drank in total.
How much did Lucy drink?",,600 ml,310 ml,400 ml,900 ml,300 ml,300 ml,42,Measures,Multiple Choice,P4Q42_47
"Large cans of orange juice hold 600 ml.
Small cans hold 150 ml.
On Monday, Kerry drank 1 large can.
On Tuesday she drank 2 small cans and on Wednesday she drank 2 small cans.
Her younger brother, Emma, drank exactly half the amount that Kerry drank in total.
How much did Emma drink?",,610 ml,600 ml,750 ml,1200 ml,610 ml,600 ml,42,Measures,Multiple Choice,P4Q42_48
"Large cans of lemonade hold 400 ml.
Small cans hold 150 ml.
On Monday, Kerry drank 1 large can.
On Tuesday she drank 2 small cans and on Wednesday she drank 2 small cans.
Her younger brother, Emma, drank exactly one quarter the amount that Kerry drank in total.
How much did Emma drink?",,250 ml,300 ml,1000 ml,750 ml,550 ml,250 ml,42,Measures,Multiple Choice,P4Q42_49
"Large cans of cola hold 500 ml.
Small cans hold 100 ml.
On Monday, Kerry drank 2 large cans.
On Tuesday she drank 2 small cans and on Wednesday she drank 1 small can.
Her younger brother, Lucy, drank exactly half the amount that Kerry drank in total.
How much did Lucy drink?",,650 ml,1300 ml,660 ml,600 ml,660 ml,650 ml,42,Measures,Multiple Choice,P4Q42_50
Sarah draws a quadrilateral with only one pair of parallel sides. What is the name of this quadrilateral?,,kite,trapezium,rhombus,rectangle,arrowhead,trapezium,43,Geometry,Text,P2Q43_1
Sarah draws a quadrilateral with two pairs of parallel sides and no lines of symmetry. What is the name of this quadrilateral?,,parallelogram,arrowhead,square,rhombus,kite,parallelogram,43,Geometry,Text,P2Q43_2
Sarah draws a quadrilateral with four equal sides and no right angles. What is the name of this quadrilateral?,,parallelogram,square,trapezium,rhombus,rectangle,rhombus,43,Geometry,Text,P2Q43_3
Sarah draws a quadrilateral with one pair of parallel sides and one line of symmetry. What is the name of this quadrilateral?,,isosceles trapezium,rhombus,rectangle,arrowhead,parallelogram,isosceles trapezium,43,Geometry,Text,P2Q43_4
Rajiv draws a quadrilateral with one pair of parallel sides and one line of symmetry. What is the name of this quadrilateral?,,parallelogram,trapezium,arrowhead,rhombus,isosceles trapezium,isosceles trapezium,43,Geometry,Text,P2Q43_5
Tim draws a quadrilateral with one pair of parallel sides and one line of symmetry. What is the name of this quadrilateral?,,arrowhead,parallelogram,isosceles trapezium,square,rectangle,isosceles trapezium,43,Geometry,Text,P2Q43_6
Tim draws a quadrilateral with two pairs of parallel sides and no lines of symmetry. What is the name of this quadrilateral?,,rectangle,square,parallelogram,arrowhead,rhombus,parallelogram,43,Geometry,Text,P2Q43_7
Sarah draws a quadrilateral with only one pair of parallel sides. What is the name of this quadrilateral?,,rhombus,kite,trapezium,parallelogram,rectangle,trapezium,43,Geometry,Text,P2Q43_8
Rajiv draws a quadrilateral with only one pair of parallel sides. What is the name of this quadrilateral?,,trapezium,rectangle,arrowhead,rhombus,square,trapezium,43,Geometry,Text,P2Q43_9
Sarah draws a quadrilateral with one pair of parallel sides and one line of symmetry. What is the name of this quadrilateral?,,kite,arrowhead,rhombus,parallelogram,isosceles trapezium,isosceles trapezium,43,Geometry,Text,P2Q43_10
Maya draws a quadrilateral with two pairs of parallel sides and no lines of symmetry. What is the name of this quadrilateral?,,trapezium,square,rhombus,arrowhead,parallelogram,parallelogram,43,Geometry,Text,P2Q43_11
Maya draws a quadrilateral with only one pair of equal angles and only one line of reflective symmetry. What is the name of this quadrilateral?,,square,parallelogram,rhombus,kite,rectangle,kite,43,Geometry,Text,P2Q43_12
Tim draws a quadrilateral with two pairs of parallel sides and no lines of symmetry. What is the name of this quadrilateral?,,parallelogram,arrowhead,rhombus,rectangle,kite,parallelogram,43,Geometry,Text,P2Q43_13
Sarah draws a quadrilateral with four equal sides and no right angles. What is the name of this quadrilateral?,,rectangle,trapezium,rhombus,square,parallelogram,rhombus,43,Geometry,Text,P2Q43_14
Maya draws a quadrilateral with only one pair of equal angles and only one line of reflective symmetry. What is the name of this quadrilateral?,,trapezium,kite,parallelogram,rectangle,rhombus,kite,43,Geometry,Text,P2Q43_15
Tim draws a quadrilateral with only one pair of parallel sides. What is the name of this quadrilateral?,,arrowhead,rhombus,square,rectangle,trapezium,trapezium,43,Geometry,Text,P2Q43_16
Rajiv draws a quadrilateral with only one pair of equal angles and only one line of reflective symmetry. What is the name of this quadrilateral?,,square,rectangle,rhombus,parallelogram,kite,kite,43,Geometry,Text,P2Q43_17
Sarah draws a quadrilateral with only one pair of equal angles and only one line of reflective symmetry. What is the name of this quadrilateral?,,trapezium,parallelogram,rectangle,kite,arrowhead,kite,43,Geometry,Text,P2Q43_18
Rajiv draws a quadrilateral with four equal sides and no right angles. What is the name of this quadrilateral?,,trapezium,rhombus,parallelogram,rectangle,kite,rhombus,43,Geometry,Text,P2Q43_19
Rajiv draws a quadrilateral with four equal sides and no right angles. What is the name of this quadrilateral?,,trapezium,kite,rhombus,rectangle,parallelogram,rhombus,43,Geometry,Text,P2Q43_20
Sarah draws a quadrilateral with two pairs of parallel sides and no lines of symmetry. What is the name of this quadrilateral?,,square,arrowhead,kite,parallelogram,rectangle,parallelogram,43,Geometry,Text,P2Q43_21
Maya draws a quadrilateral with one pair of parallel sides and one line of symmetry. What is the name of this quadrilateral?,,kite,trapezium,isosceles trapezium,rectangle,rhombus,isosceles trapezium,43,Geometry,Text,P2Q43_22
Maya draws a quadrilateral with only one pair of equal angles and only one line of reflective symmetry. What is the name of this quadrilateral?,,parallelogram,rectangle,square,arrowhead,kite,kite,43,Geometry,Text,P2Q43_23
Rajiv draws a quadrilateral with two pairs of parallel sides and no lines of symmetry. What is the name of this quadrilateral?,,rectangle,kite,parallelogram,trapezium,square,parallelogram,43,Geometry,Text,P2Q43_24
Rajiv draws a quadrilateral with one pair of parallel sides and one line of symmetry. What is the name of this quadrilateral?,,rhombus,rectangle,isosceles trapezium,trapezium,square,isosceles trapezium,43,Geometry,Text,P2Q43_25
Tim draws a quadrilateral with only one pair of parallel sides. What is the name of this quadrilateral?,,rhombus,trapezium,arrowhead,parallelogram,kite,trapezium,43,Geometry,Text,P2Q43_26
Sarah draws a quadrilateral with one pair of parallel sides and one line of symmetry. What is the name of this quadrilateral?,,kite,parallelogram,arrowhead,trapezium,isosceles trapezium,isosceles trapezium,43,Geometry,Text,P2Q43_27
Maya draws a quadrilateral with two pairs of parallel sides and no lines of symmetry. What is the name of this quadrilateral?,,square,rhombus,rectangle,parallelogram,trapezium,parallelogram,43,Geometry,Text,P2Q43_28
Rajiv draws a quadrilateral with four equal sides and no right angles. What is the name of this quadrilateral?,,rectangle,rhombus,kite,square,arrowhead,rhombus,43,Geometry,Text,P2Q43_29
Maya draws a quadrilateral with four equal sides and no right angles. What is the name of this quadrilateral?,,rhombus,kite,trapezium,rectangle,square,rhombus,43,Geometry,Text,P2Q43_30
Rajiv draws a quadrilateral with four equal sides and no right angles. What is the name of this quadrilateral?,,kite,rectangle,rhombus,trapezium,parallelogram,rhombus,43,Geometry,Text,P2Q43_31
Tim draws a quadrilateral with only one pair of parallel sides. What is the name of this quadrilateral?,,kite,rectangle,rhombus,trapezium,square,trapezium,43,Geometry,Text,P2Q43_32
Tim draws a quadrilateral with only one pair of parallel sides. What is the name of this quadrilateral?,,rhombus,parallelogram,arrowhead,trapezium,square,trapezium,43,Geometry,Text,P2Q43_33
Tim draws a quadrilateral with two pairs of parallel sides and no lines of symmetry. What is the name of this quadrilateral?,,kite,rhombus,square,arrowhead,parallelogram,parallelogram,43,Geometry,Text,P2Q43_34
Maya draws a quadrilateral with four equal sides and no right angles. What is the name of this quadrilateral?,,rhombus,parallelogram,trapezium,rectangle,arrowhead,rhombus,43,Geometry,Text,P2Q43_35
Tim draws a quadrilateral with only one pair of parallel sides. What is the name of this quadrilateral?,,parallelogram,kite,trapezium,rhombus,square,trapezium,43,Geometry,Text,P2Q43_36
Rajiv draws a quadrilateral with two pairs of parallel sides and no lines of symmetry. What is the name of this quadrilateral?,,rhombus,rectangle,parallelogram,arrowhead,trapezium,parallelogram,43,Geometry,Text,P2Q43_37
Maya draws a quadrilateral with only one pair of parallel sides. What is the name of this quadrilateral?,,arrowhead,trapezium,rhombus,square,kite,trapezium,43,Geometry,Text,P2Q43_38
Maya draws a quadrilateral with two pairs of parallel sides and no lines of symmetry. What is the name of this quadrilateral?,,square,kite,trapezium,arrowhead,parallelogram,parallelogram,43,Geometry,Text,P2Q43_39
Rajiv draws a quadrilateral with only one pair of equal angles and only one line of reflective symmetry. What is the name of this quadrilateral?,,rectangle,square,kite,trapezium,arrowhead,kite,43,Geometry,Text,P2Q43_40
Sarah draws a quadrilateral with only one pair of equal angles and only one line of reflective symmetry. What is the name of this quadrilateral?,,trapezium,rectangle,kite,square,parallelogram,kite,43,Geometry,Text,P2Q43_41
Tim draws a quadrilateral with only one pair of equal angles and only one line of reflective symmetry. What is the name of this quadrilateral?,,parallelogram,rhombus,arrowhead,kite,trapezium,kite,43,Geometry,Text,P2Q43_42
Sarah draws a quadrilateral with only one pair of equal angles and only one line of reflective symmetry. What is the name of this quadrilateral?,,rhombus,parallelogram,square,kite,rectangle,kite,43,Geometry,Text,P2Q43_43
Tim draws a quadrilateral with four equal sides and no right angles. What is the name of this quadrilateral?,,square,arrowhead,parallelogram,rhombus,trapezium,rhombus,43,Geometry,Text,P2Q43_44
Sarah draws a quadrilateral with one pair of parallel sides and one line of symmetry. What is the name of this quadrilateral?,,rectangle,parallelogram,kite,isosceles trapezium,square,isosceles trapezium,43,Geometry,Text,P2Q43_45
Maya draws a quadrilateral with only one pair of parallel sides. What is the name of this quadrilateral?,,arrowhead,rectangle,parallelogram,rhombus,trapezium,trapezium,43,Geometry,Text,P2Q43_46
Maya draws a quadrilateral with only one pair of parallel sides. What is the name of this quadrilateral?,,trapezium,arrowhead,kite,rhombus,rectangle,trapezium,43,Geometry,Text,P2Q43_47
Maya draws a quadrilateral with one pair of parallel sides and one line of symmetry. What is the name of this quadrilateral?,,isosceles trapezium,trapezium,rhombus,kite,parallelogram,isosceles trapezium,43,Geometry,Text,P2Q43_48
Tim draws a quadrilateral with only one pair of equal angles and only one line of reflective symmetry. What is the name of this quadrilateral?,,parallelogram,kite,square,trapezium,arrowhead,kite,43,Geometry,Text,P2Q43_49
Tim draws a quadrilateral with one pair of parallel sides and one line of symmetry. What is the name of this quadrilateral?,,square,isosceles trapezium,arrowhead,parallelogram,kite,isosceles trapezium,43,Geometry,Text,P2Q43_50
A theme park costs £250 per entry. There is a £100 reduction for each child. How much would it cost for the Lee family (1 adult and 1 child) to enter?,,£390,£400,£450,£500,£600,£400,43,Number - Money,Multiple Choice,P3Q43_1
A flight costs £375 per ticket. There is a £20 reduction for each child. How much would it cost for the Taylor family (1 adult and 3 children) to fly?,,£1440,£1430,£1500,£1490,£1480,£1440,43,Number - Money,Multiple Choice,P3Q43_2
A concert costs £120 per ticket. There is a £20 reduction for each under-16. How much would it cost for the Khan family (1 adult and 1 child) to attend?,,£210,£240,£260,£270,£220,£220,43,Number - Money,Multiple Choice,P3Q43_3
A concert costs £250 per ticket. There is a £50 reduction for each under-16. How much would it cost for the Brown family (2 adults and 1 child) to attend?,,£736,£750,£700,£800,£690,£700,43,Number - Money,Multiple Choice,P3Q43_4
A flight costs £150 per ticket. There is a £30 reduction for each child. How much would it cost for the Smith family (1 adult and 3 children) to fly?,,£560,£500,£600,£570,£510,£510,43,Number - Money,Multiple Choice,P3Q43_5
A flight costs £150 per ticket. There is a £60 reduction for each child. How much would it cost for the Lee family (2 adults and 1 child) to fly?,,£510,£440,£380,£450,£390,£390,43,Number - Money,Multiple Choice,P3Q43_6
A concert costs £680 per ticket. There is a £60 reduction for each under-16. How much would it cost for the Williams family (1 adult and 1 child) to attend?,,£1420,£1290,£1350,£1300,£1360,£1300,43,Number - Money,Multiple Choice,P3Q43_7
A flight costs £680 per ticket. There is a £100 reduction for each child. How much would it cost for the Williams family (1 adult and 2 children) to fly?,,£1890,£1830,£1840,£2040,£1940,£1840,43,Number - Money,Multiple Choice,P3Q43_8
A theme park costs £375 per entry. There is a £60 reduction for each child. How much would it cost for the Williams family (2 adults and 1 child) to enter?,,£1125,£1065,£1185,£1115,£1055,£1065,43,Number - Money,Multiple Choice,P3Q43_9
A theme park costs £680 per entry. There is a £40 reduction for each child. How much would it cost for the Smith family (1 adult and 2 children) to enter?,,£2000,£1950,£2010,£2040,£1960,£1960,43,Number - Money,Multiple Choice,P3Q43_10
A concert costs £375 per ticket. There is a £30 reduction for each under-16. How much would it cost for the Taylor family (2 adults and 1 child) to attend?,,£1085,£1145,£1125,£1095,£1155,£1095,43,Number - Money,Multiple Choice,P3Q43_11
A concert costs £120 per ticket. There is a £100 reduction for each under-16. How much would it cost for the Brown family (1 adult and 2 children) to attend?,,£260,£150,£210,£360,£160,£160,43,Number - Money,Multiple Choice,P3Q43_12
A concert costs £375 per ticket. There is a £30 reduction for each under-16. How much would it cost for the Khan family (1 adult and 3 children) to attend?,,£1460,£1410,£1500,£1470,£1400,£1410,43,Number - Money,Multiple Choice,P3Q43_13
A concert costs £250 per ticket. There is a £100 reduction for each under-16. How much would it cost for the Smith family (1 adult and 3 children) to attend?,,£900,£750,£690,£1000,£700,£700,43,Number - Money,Multiple Choice,P3Q43_14
A holiday costs £550 per person. There is a £100 reduction for each child. How much would it cost for the Johnson family (1 adult and 3 children) to go on the holiday?,,£2100,£2200,£1890,£1950,£1900,£1900,43,Number - Money,Multiple Choice,P3Q43_15
A theme park costs £250 per entry. There is a £50 reduction for each child. How much would it cost for the Johnson family (1 adult and 2 children) to enter?,,£650,£640,£850,£750,£700,£650,43,Number - Money,Multiple Choice,P3Q43_16
A concert costs £680 per ticket. There is a £50 reduction for each under-16. How much would it cost for the Brown family (1 adult and 1 child) to attend?,,£1310,£1300,£1360,£1410,£1340,£1310,43,Number - Money,Multiple Choice,P3Q43_17
A flight costs £680 per ticket. There is a £100 reduction for each child. How much would it cost for the Williams family (1 adult and 2 children) to fly?,,£2040,£1830,£1840,£1890,£1940,£1840,43,Number - Money,Multiple Choice,P3Q43_18
A theme park costs £420 per entry. There is a £100 reduction for each child. How much would it cost for the Brown family (1 adult and 3 children) to enter?,,£1380,£1580,£1430,£1370,£1680,£1380,43,Number - Money,Multiple Choice,P3Q43_19
A theme park costs £250 per entry. There is a £50 reduction for each child. How much would it cost for the Taylor family (1 adult and 1 child) to enter?,,£500,£450,£550,£474,£440,£450,43,Number - Money,Multiple Choice,P3Q43_20
A flight costs £375 per ticket. There is a £75 reduction for each child. How much would it cost for the Taylor family (2 adults and 3 children) to fly?,,£1650,£1700,£1640,£1875,£1800,£1650,43,Number - Money,Multiple Choice,P3Q43_21
A theme park costs £250 per entry. There is a £100 reduction for each child. How much would it cost for the Brown family (1 adult and 1 child) to enter?,,£400,£600,£500,£390,£450,£400,43,Number - Money,Multiple Choice,P3Q43_22
A flight costs £420 per ticket. There is a £30 reduction for each child. How much would it cost for the Taylor family (2 adults and 2 children) to fly?,,£1650,£1610,£1620,£1680,£1670,£1620,43,Number - Money,Multiple Choice,P3Q43_23
A theme park costs £550 per entry. There is a £50 reduction for each child. How much would it cost for the Johnson family (2 adults and 3 children) to enter?,,£2650,£2590,£2700,£2750,£2600,£2600,43,Number - Money,Multiple Choice,P3Q43_24
A flight costs £420 per ticket. There is a £30 reduction for each child. How much would it cost for the Brown family (1 adult and 1 child) to fly?,,£860,£870,£800,£810,£840,£810,43,Number - Money,Multiple Choice,P3Q43_25
A concert costs £120 per ticket. There is a £100 reduction for each under-16. How much would it cost for the Lee family (2 adults and 3 children) to attend?,,£350,£600,£500,£300,£290,£300,43,Number - Money,Multiple Choice,P3Q43_26
A flight costs £250 per ticket. There is a £20 reduction for each child. How much would it cost for the Taylor family (1 adult and 2 children) to fly?,,£700,£730,£710,£750,£760,£710,43,Number - Money,Multiple Choice,P3Q43_27
A theme park costs £120 per entry. There is a £75 reduction for each child. How much would it cost for the Lee family (2 adults and 2 children) to enter?,,£320,£405,£380,£330,£480,£330,43,Number - Money,Multiple Choice,P3Q43_28
A concert costs £150 per ticket. There is a £40 reduction for each under-16. How much would it cost for the Johnson family (1 adult and 2 children) to attend?,,£450,£410,£370,£360,£420,£370,43,Number - Money,Multiple Choice,P3Q43_29
A concert costs £250 per ticket. There is a £50 reduction for each under-16. How much would it cost for the Johnson family (2 adults and 3 children) to attend?,,£1150,£1250,£1100,£1200,£1090,£1100,43,Number - Money,Multiple Choice,P3Q43_30
A flight costs £150 per ticket. There is a £20 reduction for each child. How much would it cost for the Taylor family (1 adult and 1 child) to fly?,,£280,£320,£270,£330,£300,£280,43,Number - Money,Multiple Choice,P3Q43_31
A flight costs £250 per ticket. There is a £20 reduction for each child. How much would it cost for the Johnson family (1 adult and 1 child) to fly?,,£470,£530,£520,£500,£480,£480,43,Number - Money,Multiple Choice,P3Q43_32
A theme park costs £550 per entry. There is a £75 reduction for each child. How much would it cost for the Smith family (1 adult and 2 children) to enter?,,£1575,£1500,£1550,£1490,£1650,£1500,43,Number - Money,Multiple Choice,P3Q43_33
A holiday costs £375 per person. There is a £60 reduction for each child. How much would it cost for the Brown family (1 adult and 3 children) to go on the holiday?,,£1370,£1440,£1500,£1310,£1320,£1320,43,Number - Money,Multiple Choice,P3Q43_34
A theme park costs £550 per entry. There is a £20 reduction for each child. How much would it cost for the Brown family (1 adult and 3 children) to enter?,,£2190,£2180,£2200,£2140,£2130,£2140,43,Number - Money,Multiple Choice,P3Q43_35
A holiday costs £120 per person. There is a £50 reduction for each child. How much would it cost for the Smith family (2 adults and 2 children) to go on the holiday?,,£480,£430,£580,£380,£370,£380,43,Number - Money,Multiple Choice,P3Q43_36
A theme park costs £420 per entry. There is a £30 reduction for each child. How much would it cost for the Taylor family (1 adult and 3 children) to enter?,,£1580,£1680,£1590,£1650,£1640,£1590,43,Number - Money,Multiple Choice,P3Q43_37
A theme park costs £150 per entry. There is a £60 reduction for each child. How much would it cost for the Brown family (2 adults and 1 child) to enter?,,£380,£390,£440,£450,£510,£390,43,Number - Money,Multiple Choice,P3Q43_38
A concert costs £150 per ticket. There is a £40 reduction for each under-16. How much would it cost for the Brown family (1 adult and 3 children) to attend?,,£530,£560,£470,£600,£480,£480,43,Number - Money,Multiple Choice,P3Q43_39
A theme park costs £680 per entry. There is a £20 reduction for each child. How much would it cost for the Taylor family (2 adults and 3 children) to enter?,,£3340,£3380,£3390,£3400,£3330,£3340,43,Number - Money,Multiple Choice,P3Q43_40
A holiday costs £375 per person. There is a £20 reduction for each child. How much would it cost for the Patel family (1 adult and 3 children) to go on the holiday?,,£1480,£1490,£1500,£1430,£1440,£1440,43,Number - Money,Multiple Choice,P3Q43_41
A concert costs £680 per ticket. There is a £20 reduction for each under-16. How much would it cost for the Patel family (2 adults and 2 children) to attend?,,£2730,£2670,£2720,£2700,£2680,£2680,43,Number - Money,Multiple Choice,P3Q43_42
A theme park costs £150 per entry. There is a £50 reduction for each child. How much would it cost for the Brown family (1 adult and 2 children) to enter?,,£400,£450,£340,£550,£350,£350,43,Number - Money,Multiple Choice,P3Q43_43
A holiday costs £680 per person. There is a £50 reduction for each child. How much would it cost for the Smith family (1 adult and 3 children) to go on the holiday?,,£2560,£2670,£2720,£2570,£2620,£2570,43,Number - Money,Multiple Choice,P3Q43_44
A holiday costs £250 per person. There is a £60 reduction for each child. How much would it cost for the Johnson family (2 adults and 3 children) to go on the holiday?,,£1120,£1190,£1250,£1070,£1060,£1070,43,Number - Money,Multiple Choice,P3Q43_45
A holiday costs £680 per person. There is a £60 reduction for each child. How much would it cost for the Brown family (1 adult and 3 children) to go on the holiday?,,£2540,£2530,£2590,£2660,£2720,£2540,43,Number - Money,Multiple Choice,P3Q43_46
A holiday costs £420 per person. There is a £75 reduction for each child. How much would it cost for the Khan family (2 adults and 3 children) to go on the holiday?,,£2025,£1925,£1875,£2100,£1865,£1875,43,Number - Money,Multiple Choice,P3Q43_47
A theme park costs £550 per entry. There is a £20 reduction for each child. How much would it cost for the Lee family (2 adults and 1 child) to enter?,,£1620,£1670,£1630,£1680,£1650,£1630,43,Number - Money,Multiple Choice,P3Q43_48
A flight costs £375 per ticket. There is a £50 reduction for each child. How much would it cost for the Lee family (1 adult and 1 child) to fly?,,£750,£700,£707,£690,£800,£700,43,Number - Money,Multiple Choice,P3Q43_49
A holiday costs £420 per person. There is a £30 reduction for each child. How much would it cost for the Khan family (1 adult and 3 children) to go on the holiday?,,£1680,£1650,£1640,£1580,£1590,£1590,43,Number - Money,Multiple Choice,P3Q43_50
"The children were asked about their holiday activities.
The results are shown in the Venn diagram.
What fraction of the class did walking AND cycling?",P4Q43_1.png,1/28,1/4,1/7,5/28,5/27,5/28,43,Data Handling - Venn Diagrams,Multiple Choice,P4Q43_1
"The children were asked about their holiday activities.
The results are shown in the Venn diagram.
What fraction of the class did swimming AND cycling?",P4Q43_2.png,12/31,14/31,3/7,6/31,4/31,12/31,43,Data Handling - Venn Diagrams,Multiple Choice,P4Q43_2
"The children were asked about their holiday activities.
The results are shown in the Venn diagram.
What fraction of the class did only walking?",P4Q43_3.png,1/3,7/27,5/27,2/9,26/27,5/27,43,Data Handling - Venn Diagrams,Multiple Choice,P4Q43_3
"The children were asked about their holiday activities.
The results are shown in the Venn diagram.
What fraction of the class did only cycling?",P4Q43_4.png,1/15,2/31,3/31,9/31,4/31,2/31,43,Data Handling - Venn Diagrams,Multiple Choice,P4Q43_4
"The children were asked about their holiday activities.
The results are shown in the Venn diagram.
What fraction of the class did only cycling?",P4Q43_5.png,3/17,6/31,5/34,7/34,4/17,3/17,43,Data Handling - Venn Diagrams,Multiple Choice,P4Q43_5
"The children were asked about their holiday activities.
The results are shown in the Venn diagram.
What fraction of the class did walking AND swimming?",P4Q43_6.png,18/35,9/35,4/35,2/7,11/35,9/35,43,Data Handling - Venn Diagrams,Multiple Choice,P4Q43_6
"The children were asked about their holiday activities.
The results are shown in the Venn diagram.
What fraction of the class did walking AND swimming?",P4Q43_7.png,10/33,16/33,2/3,17/33,5/11,5/11,43,Data Handling - Venn Diagrams,Multiple Choice,P4Q43_7
"The children were asked about their holiday activities.
The results are shown in the Venn diagram.
What fraction of the class did only cycling?",P4Q43_8.png,9/44,7/44,9/44,2/11,7/41,7/44,43,Data Handling - Venn Diagrams,Multiple Choice,P4Q43_8
"The children were asked about their holiday activities.
The results are shown in the Venn diagram.
What fraction of the class did walking AND cycling?",P4Q43_9.png,8/33,2/33,10/33,4/11,10/31,10/33,43,Data Handling - Venn Diagrams,Multiple Choice,P4Q43_9
"The children were asked about their holiday activities.
The results are shown in the Venn diagram.
What fraction of the class did walking AND swimming?",P4Q43_10.png,11/41,12/41,13/41,11/38,7/41,11/41,43,Data Handling - Venn Diagrams,Multiple Choice,P4Q43_10
"The children were asked about their holiday activities.
The results are shown in the Venn diagram.
What fraction of the class did only walking?",P4Q43_11.png,8/13,8/39,3/13,19/39,10/39,8/39,43,Data Handling - Venn Diagrams,Multiple Choice,P4Q43_11
"The children were asked about their holiday activities.
The results are shown in the Venn diagram.
What fraction of the class did swimming AND cycling?",P4Q43_12.png,1/4,1/32,9/29,9/32,11/32,9/32,43,Data Handling - Venn Diagrams,Multiple Choice,P4Q43_12
"The children were asked about their holiday activities.
The results are shown in the Venn diagram.
What fraction of the class did swimming AND cycling?",P4Q43_13.png,7/19,6/19,7/38,1/3,5/38,6/19,43,Data Handling - Venn Diagrams,Multiple Choice,P4Q43_13
"The children were asked about their holiday activities.
The results are shown in the Venn diagram.
What fraction of the class did walking AND swimming?",P4Q43_14.png,1/3,10/33,9/32,8/33,3/11,3/11,43,Data Handling - Venn Diagrams,Multiple Choice,P4Q43_14
"The children were asked about their holiday activities.
The results are shown in the Venn diagram.
What fraction of the class did swimming AND cycling?",P4Q43_15.png,2/35,3/35,1/5,5/7,1/7,1/7,43,Data Handling - Venn Diagrams,Multiple Choice,P4Q43_15
"The children were asked about their holiday activities.
The results are shown in the Venn diagram.
What fraction of the class did only cycling?",P4Q43_16.png,5/32,1/8,3/29,1/32,3/32,3/32,43,Data Handling - Venn Diagrams,Multiple Choice,P4Q43_16
"The children were asked about their holiday activities.
The results are shown in the Venn diagram.
What fraction of the class did swimming AND cycling?",P4Q43_17.png,2/31,10/31,4/15,6/31,8/31,8/31,43,Data Handling - Venn Diagrams,Multiple Choice,P4Q43_17
"The children were asked about their holiday activities.
The results are shown in the Venn diagram.
What fraction of the class did only cycling?",P4Q43_18.png,3/22,3/11,7/22,19/22,4/11,3/11,43,Data Handling - Venn Diagrams,Multiple Choice,P4Q43_18
"The children were asked about their holiday activities.
The results are shown in the Venn diagram.
What fraction of the class did walking AND swimming?",P4Q43_19.png,11/35,12/35,2/7,10/33,4/35,2/7,43,Data Handling - Venn Diagrams,Multiple Choice,P4Q43_19
"The children were asked about their holiday activities.
The results are shown in the Venn diagram.
What fraction of the class did walking AND cycling?",P4Q43_20.png,2/21,1/7,1/21,5/21,3/19,1/7,43,Data Handling - Venn Diagrams,Multiple Choice,P4Q43_20
This bar chart shows how many times a class of children hit a target. How many children hit the target fewer than 7 times?,P2Q44_1.png,31,10,29,7,24,24,44,Data,Image,P2Q44_1
This bar chart shows how many times a class of children hit a target. How many children hit the target fewer than 3 times?,P2Q44_2.png,3,30,2,33,15,3,44,Data,Image,P2Q44_2
This bar chart shows how many times a class of children hit a target. How many children hit the target fewer than 3 times?,P2Q44_3.png,11,33,3,27,6,6,44,Data,Image,P2Q44_3
This bar chart shows how many times a class of children hit a target. How many children hit the target fewer than 5 times?,P2Q44_4.png,12,15,30,14,22,15,44,Data,Image,P2Q44_4
This bar chart shows how many times a class of children hit a target. How many children hit the target fewer than 5 times?,P2Q44_5.png,19,11,30,6,22,11,44,Data,Image,P2Q44_5
This bar chart shows how many times a class of children hit a target. How many children hit the target fewer than 3 times?,P2Q44_6.png,21,24,3,1,10,3,44,Data,Image,P2Q44_6
This bar chart shows how many times a class of children hit a target. How many children hit the target fewer than 5 times?,P2Q44_7.png,31,11,43,23,20,20,44,Data,Image,P2Q44_7
This bar chart shows how many times a class of children hit a target. How many children hit the target fewer than 7 times?,P2Q44_8.png,19,30,11,7,27,19,44,Data,Image,P2Q44_8
This bar chart shows how many times a class of children hit a target. How many children hit the target fewer than 5 times?,P2Q44_9.png,19,7,13,32,11,13,44,Data,Image,P2Q44_9
This bar chart shows how many times a class of children hit a target. How many children hit the target fewer than 3 times?,P2Q44_10.png,4,10,1,23,27,4,44,Data,Image,P2Q44_10
This bar chart shows how many times a class of children hit a target. How many children hit the target fewer than 7 times?,P2Q44_11.png,26,8,30,23,22,22,44,Data,Image,P2Q44_11
This bar chart shows how many times a class of children hit a target. How many children hit the target fewer than 7 times?,P2Q44_12.png,16,8,24,23,6,16,44,Data,Image,P2Q44_12
This bar chart shows how many times a class of children hit a target. How many children hit the target fewer than 7 times?,P2Q44_13.png,32,6,11,36,38,32,44,Data,Image,P2Q44_13
This bar chart shows how many times a class of children hit a target. How many children hit the target fewer than 3 times?,P2Q44_14.png,32,7,16,39,3,7,44,Data,Image,P2Q44_14
This bar chart shows how many times a class of children hit a target. How many children hit the target fewer than 3 times?,P2Q44_15.png,37,14,30,3,7,7,44,Data,Image,P2Q44_15
This bar chart shows how many times a class of children hit a target. How many children hit the target fewer than 7 times?,P2Q44_16.png,33,28,10,23,12,23,44,Data,Image,P2Q44_16
This bar chart shows how many times a class of children hit a target. How many children hit the target fewer than 5 times?,P2Q44_17.png,6,11,27,18,16,11,44,Data,Image,P2Q44_17
This bar chart shows how many times a class of children hit a target. How many children hit the target fewer than 3 times?,P2Q44_18.png,1,18,5,23,14,5,44,Data,Image,P2Q44_18
This bar chart shows how many times a class of children hit a target. How many children hit the target fewer than 5 times?,P2Q44_19.png,26,34,17,19,10,17,44,Data,Image,P2Q44_19
This bar chart shows how many times a class of children hit a target. How many children hit the target fewer than 7 times?,P2Q44_20.png,30,27,33,10,6,27,44,Data,Image,P2Q44_20
Three of these points can be joined to form a right-angled triangle with a horizontal base of 4 units and a vertical height of 3 units. What are the coordinates of the right-angled corner?,P3Q44_1.png,"(3, 7)","(2, 3)","(7, 5)","(3, 5)","(3, 8)","(3, 5)",44,Shape and Space - Coordinates,Multiple Choice,P3Q44_1
Three of these points can be joined to form a right-angled triangle with a horizontal base of 3 units and a vertical height of 4 units. What are the coordinates of the right-angled corner?,P3Q44_2.png,"(3, 5)","(6, 5)","(6, 3)","(3, 9)","(6, 1)","(3, 5)",44,Shape and Space - Coordinates,Multiple Choice,P3Q44_2
Three of these points can be joined to form a right-angled triangle with a horizontal base of 2 units and a vertical height of 2 units. What are the coordinates of the right-angled corner?,P3Q44_3.png,"(3, 5)","(9, 7)","(7, 7)","(7, 9)","(5, 2)","(7, 7)",44,Shape and Space - Coordinates,Multiple Choice,P3Q44_3
Three of these points can be joined to form a right-angled triangle with a horizontal base of 4 units and a vertical height of 2 units. What are the coordinates of the right-angled corner?,P3Q44_4.png,"(4, 7)","(5, 4)","(2, 3)","(5, 6)","(9, 4)","(5, 4)",44,Shape and Space - Coordinates,Multiple Choice,P3Q44_4
Three of these points can be joined to form a right-angled triangle with a horizontal base of 2 units and a vertical height of 4 units. What are the coordinates of the right-angled corner?,P3Q44_5.png,"(8, 1)","(2, 8)","(2, 4)","(9, 7)","(4, 4)","(2, 4)",44,Shape and Space - Coordinates,Multiple Choice,P3Q44_5
Three of these points can be joined to form a right-angled triangle with a horizontal base of 2 units and a vertical height of 2 units. What are the coordinates of the right-angled corner?,P3Q44_6.png,"(7, 3)","(4, 4)","(6, 2)","(7, 1)","(4, 2)","(4, 2)",44,Shape and Space - Coordinates,Multiple Choice,P3Q44_6
Three of these points can be joined to form a right-angled triangle with a horizontal base of 3 units and a vertical height of 3 units. What are the coordinates of the right-angled corner?,P3Q44_7.png,"(6, 4)","(9, 8)","(9, 4)","(3, 7)","(3, 4)","(3, 4)",44,Shape and Space - Coordinates,Multiple Choice,P3Q44_7
Three of these points can be joined to form a right-angled triangle with a horizontal base of 4 units and a vertical height of 2 units. What are the coordinates of the right-angled corner?,P3Q44_8.png,"(9, 2)","(5, 6)","(6, 1)","(9, 6)","(5, 8)","(5, 6)",44,Shape and Space - Coordinates,Multiple Choice,P3Q44_8
Three of these points can be joined to form a right-angled triangle with a horizontal base of 4 units and a vertical height of 2 units. What are the coordinates of the right-angled corner?,P3Q44_9.png,"(3, 7)","(3, 9)","(6, 1)","(7, 7)","(1, 7)","(3, 7)",44,Shape and Space - Coordinates,Multiple Choice,P3Q44_9
Three of these points can be joined to form a right-angled triangle with a horizontal base of 3 units and a vertical height of 4 units. What are the coordinates of the right-angled corner?,P3Q44_10.png,"(1, 1)","(6, 3)","(9, 3)","(6, 7)","(7, 6)","(6, 3)",44,Shape and Space - Coordinates,Multiple Choice,P3Q44_10
Three of these points can be joined to form a right-angled triangle with a horizontal base of 4 units and a vertical height of 3 units. What are the coordinates of the right-angled corner?,P3Q44_11.png,"(5, 6)","(4, 8)","(4, 5)","(6, 8)","(8, 5)","(4, 5)",44,Shape and Space - Coordinates,Multiple Choice,P3Q44_11
Three of these points can be joined to form a right-angled triangle with a horizontal base of 3 units and a vertical height of 2 units. What are the coordinates of the right-angled corner?,P3Q44_12.png,"(1, 9)","(3, 1)","(1, 6)","(1, 8)","(4, 6)","(1, 6)",44,Shape and Space - Coordinates,Multiple Choice,P3Q44_12
Three of these points can be joined to form a right-angled triangle with a horizontal base of 3 units and a vertical height of 2 units. What are the coordinates of the right-angled corner?,P3Q44_13.png,"(5, 9)","(5, 3)","(6, 7)","(9, 7)","(6, 9)","(6, 7)",44,Shape and Space - Coordinates,Multiple Choice,P3Q44_13
Three of these points can be joined to form a right-angled triangle with a horizontal base of 3 units and a vertical height of 4 units. What are the coordinates of the right-angled corner?,P3Q44_14.png,"(3, 7)","(5, 1)","(8, 3)","(6, 3)","(3, 3)","(3, 3)",44,Shape and Space - Coordinates,Multiple Choice,P3Q44_14
Three of these points can be joined to form a right-angled triangle with a horizontal base of 4 units and a vertical height of 4 units. What are the coordinates of the right-angled corner?,P3Q44_15.png,"(7, 4)","(2, 2)","(6, 2)","(2, 6)","(9, 3)","(2, 2)",44,Shape and Space - Coordinates,Multiple Choice,P3Q44_15
Three of these points can be joined to form a right-angled triangle with a horizontal base of 2 units and a vertical height of 2 units. What are the coordinates of the right-angled corner?,P3Q44_16.png,"(7, 6)","(5, 4)","(9, 4)","(7, 4)","(6, 8)","(7, 4)",44,Shape and Space - Coordinates,Multiple Choice,P3Q44_16
Three of these points can be joined to form a right-angled triangle with a horizontal base of 3 units and a vertical height of 3 units. What are the coordinates of the right-angled corner?,P3Q44_17.png,"(4, 3)","(1, 8)","(9, 5)","(1, 6)","(1, 3)","(1, 3)",44,Shape and Space - Coordinates,Multiple Choice,P3Q44_17
Three of these points can be joined to form a right-angled triangle with a horizontal base of 2 units and a vertical height of 3 units. What are the coordinates of the right-angled corner?,P3Q44_18.png,"(2, 5)","(4, 5)","(8, 4)","(2, 8)","(6, 2)","(2, 5)",44,Shape and Space - Coordinates,Multiple Choice,P3Q44_18
Three of these points can be joined to form a right-angled triangle with a horizontal base of 4 units and a vertical height of 4 units. What are the coordinates of the right-angled corner?,P3Q44_19.png,"(3, 1)","(3, 5)","(7, 1)","(7, 5)","(5, 6)","(3, 1)",44,Shape and Space - Coordinates,Multiple Choice,P3Q44_19
Three of these points can be joined to form a right-angled triangle with a horizontal base of 2 units and a vertical height of 2 units. What are the coordinates of the right-angled corner?,P3Q44_20.png,"(4, 1)","(6, 1)","(7, 7)","(2, 9)","(4, 3)","(4, 1)",44,Shape and Space - Coordinates,Multiple Choice,P3Q44_20
"St Gregory's School held a book fair.
Each book cost £2.99.
200 books were bought by the children altogether.
What was the total amount of money spent?",,£5980.00,£600.00,£598.00,£648.50,£59.80,£598.00,44,Calculations,Multiple Choice,P4Q44_1
"Greenfield School held a book fair.
Each book cost £1.99.
100 books were bought by the children altogether.
What was the total amount of money spent?",,£249.50,£199.00,£200.00,£19.90,£1990.00,£199.00,44,Calculations,Multiple Choice,P4Q44_2
"St Mary's School held a book fair.
Each book cost £1.99.
100 books were bought by the children altogether.
What was the total amount of money spent?",,£199.00,£1990.00,£19.90,£200.00,£249.50,£199.00,44,Calculations,Multiple Choice,P4Q44_3
"Oakwood School held a book fair.
Each book cost £1.99.
500 books were bought by the children altogether.
What was the total amount of money spent?",,£995.00,£1045.50,£99.50,£9950.00,£1000.00,£995.00,44,Calculations,Multiple Choice,P4Q44_4
"Greenfield School held a book fair.
Each book cost £1.99.
500 books were bought by the children altogether.
What was the total amount of money spent?",,£99.50,£9950.00,£1045.50,£995.00,£1000.00,£995.00,44,Calculations,Multiple Choice,P4Q44_5
"Oakwood School held a book fair.
Each book cost £5.99.
500 books were bought by the children altogether.
What was the total amount of money spent?",,£3045.50,£29950.00,£299.50,£2995.00,£3000.00,£2995.00,44,Calculations,Multiple Choice,P4Q44_6
"St Gregory's School held a book fair.
Each book cost £3.99.
150 books were bought by the children altogether.
What was the total amount of money spent?",,£598.50,£59.85,£5985.00,£600.00,£649.00,£598.50,44,Calculations,Multiple Choice,P4Q44_7
"Greenfield School held a book fair.
Each book cost £1.99.
150 books were bought by the children altogether.
What was the total amount of money spent?",,£298.50,£349.00,£29.85,£300.00,£2985.00,£298.50,44,Calculations,Multiple Choice,P4Q44_8
"Oakwood School held a book fair.
Each book cost £3.99.
150 books were bought by the children altogether.
What was the total amount of money spent?",,£600.00,£649.00,£598.50,£59.85,£5985.00,£598.50,44,Calculations,Multiple Choice,P4Q44_9
"Oakwood School held a book fair.
Each book cost £2.99.
500 books were bought by the children altogether.
What was the total amount of money spent?",,£1500.00,£149.50,£1545.50,£14950.00,£1495.00,£1495.00,44,Calculations,Multiple Choice,P4Q44_10
"Oakwood School held a book fair.
Each book cost £5.99.
300 books were bought by the children altogether.
What was the total amount of money spent?",,£1800.00,£1847.50,£1797.00,£17970.00,£179.70,£1797.00,44,Calculations,Multiple Choice,P4Q44_11
"Greenfield School held a book fair.
Each book cost £4.99.
200 books were bought by the children altogether.
What was the total amount of money spent?",,£998.00,£1000.00,£99.80,£9980.00,£1048.50,£998.00,44,Calculations,Multiple Choice,P4Q44_12
"Oakwood School held a book fair.
Each book cost £3.99.
300 books were bought by the children altogether.
What was the total amount of money spent?",,£119.70,£1200.00,£11970.00,£1197.00,£1247.50,£1197.00,44,Calculations,Multiple Choice,P4Q44_13
"Oakwood School held a book fair.
Each book cost £4.99.
150 books were bought by the children altogether.
What was the total amount of money spent?",,£74.85,£750.00,£799.00,£748.50,£7485.00,£748.50,44,Calculations,Multiple Choice,P4Q44_14
"St Mary's School held a book fair.
Each book cost £5.99.
500 books were bought by the children altogether.
What was the total amount of money spent?",,£3045.50,£2995.00,£29950.00,£299.50,£3000.00,£2995.00,44,Calculations,Multiple Choice,P4Q44_15
"St Gregory's School held a book fair.
Each book cost £5.99.
200 books were bought by the children altogether.
What was the total amount of money spent?",,£1200.00,£1198.00,£119.80,£1248.50,£11980.00,£1198.00,44,Calculations,Multiple Choice,P4Q44_16
"St Gregory's School held a book fair.
Each book cost £5.99.
150 books were bought by the children altogether.
What was the total amount of money spent?",,£898.50,£949.00,£89.85,£900.00,£8985.00,£898.50,44,Calculations,Multiple Choice,P4Q44_17
"St Gregory's School held a book fair.
Each book cost £3.99.
500 books were bought by the children altogether.
What was the total amount of money spent?",,£19950.00,£199.50,£2045.50,£2000.00,£1995.00,£1995.00,44,Calculations,Multiple Choice,P4Q44_18
"St Mary's School held a book fair.
Each book cost £2.99.
200 books were bought by the children altogether.
What was the total amount of money spent?",,£59.80,£5980.00,£648.50,£600.00,£598.00,£598.00,44,Calculations,Multiple Choice,P4Q44_19
"St Mary's School held a book fair.
Each book cost £1.99.
200 books were bought by the children altogether.
What was the total amount of money spent?",,£400.00,£448.50,£398.00,£3980.00,£39.80,£398.00,44,Calculations,Multiple Choice,P4Q44_20
"Greenfield School held a book fair.
Each book cost £4.99.
500 books were bought by the children altogether.
What was the total amount of money spent?",,£2545.50,£2495.00,£2500.00,£249.50,£24950.00,£2495.00,44,Calculations,Multiple Choice,P4Q44_21
"St Mary's School held a book fair.
Each book cost £1.99.
150 books were bought by the children altogether.
What was the total amount of money spent?",,£298.50,£2985.00,£29.85,£349.00,£300.00,£298.50,44,Calculations,Multiple Choice,P4Q44_22
"Greenfield School held a book fair.
Each book cost £1.99.
150 books were bought by the children altogether.
What was the total amount of money spent?",,£349.00,£300.00,£29.85,£298.50,£2985.00,£298.50,44,Calculations,Multiple Choice,P4Q44_23
"St Mary's School held a book fair.
Each book cost £1.99.
300 books were bought by the children altogether.
What was the total amount of money spent?",,£600.00,£597.00,£647.50,£59.70,£5970.00,£597.00,44,Calculations,Multiple Choice,P4Q44_24
"St Gregory's School held a book fair.
Each book cost £5.99.
250 books were bought by the children altogether.
What was the total amount of money spent?",,£1500.00,£1548.00,£1497.50,£149.75,£14975.00,£1497.50,44,Calculations,Multiple Choice,P4Q44_25
"St Gregory's School held a book fair.
Each book cost £5.99.
150 books were bought by the children altogether.
What was the total amount of money spent?",,£89.85,£900.00,£8985.00,£949.00,£898.50,£898.50,44,Calculations,Multiple Choice,P4Q44_26
"St Mary's School held a book fair.
Each book cost £4.99.
250 books were bought by the children altogether.
What was the total amount of money spent?",,£12475.00,£1250.00,£1298.00,£124.75,£1247.50,£1247.50,44,Calculations,Multiple Choice,P4Q44_27
"St Mary's School held a book fair.
Each book cost £1.99.
150 books were bought by the children altogether.
What was the total amount of money spent?",,£349.00,£298.50,£2985.00,£29.85,£300.00,£298.50,44,Calculations,Multiple Choice,P4Q44_28
"St Gregory's School held a book fair.
Each book cost £4.99.
250 books were bought by the children altogether.
What was the total amount of money spent?",,£12475.00,£1250.00,£1298.00,£124.75,£1247.50,£1247.50,44,Calculations,Multiple Choice,P4Q44_29
"St Gregory's School held a book fair.
Each book cost £5.99.
300 books were bought by the children altogether.
What was the total amount of money spent?",,£1847.50,£17970.00,£179.70,£1800.00,£1797.00,£1797.00,44,Calculations,Multiple Choice,P4Q44_30
"St Gregory's School held a book fair.
Each book cost £3.99.
300 books were bought by the children altogether.
What was the total amount of money spent?",,£1197.00,£1247.50,£11970.00,£119.70,£1200.00,£1197.00,44,Calculations,Multiple Choice,P4Q44_31
"Oakwood School held a book fair.
Each book cost £3.99.
150 books were bought by the children altogether.
What was the total amount of money spent?",,£600.00,£598.50,£5985.00,£649.00,£59.85,£598.50,44,Calculations,Multiple Choice,P4Q44_32
"St Mary's School held a book fair.
Each book cost £1.99.
150 books were bought by the children altogether.
What was the total amount of money spent?",,£298.50,£300.00,£2985.00,£29.85,£349.00,£298.50,44,Calculations,Multiple Choice,P4Q44_33
"St Mary's School held a book fair.
Each book cost £3.99.
200 books were bought by the children altogether.
What was the total amount of money spent?",,£848.50,£800.00,£79.80,£7980.00,£798.00,£798.00,44,Calculations,Multiple Choice,P4Q44_34
"Oakwood School held a book fair.
Each book cost £1.99.
300 books were bought by the children altogether.
What was the total amount of money spent?",,£597.00,£600.00,£59.70,£5970.00,£647.50,£597.00,44,Calculations,Multiple Choice,P4Q44_35
"St Mary's School held a book fair.
Each book cost £2.99.
300 books were bought by the children altogether.
What was the total amount of money spent?",,£89.70,£900.00,£8970.00,£947.50,£897.00,£897.00,44,Calculations,Multiple Choice,P4Q44_36
"St Gregory's School held a book fair.
Each book cost £3.99.
200 books were bought by the children altogether.
What was the total amount of money spent?",,£79.80,£800.00,£798.00,£848.50,£7980.00,£798.00,44,Calculations,Multiple Choice,P4Q44_37
"Greenfield School held a book fair.
Each book cost £4.99.
150 books were bought by the children altogether.
What was the total amount of money spent?",,£750.00,£7485.00,£748.50,£74.85,£799.00,£748.50,44,Calculations,Multiple Choice,P4Q44_38
"St Mary's School held a book fair.
Each book cost £5.99.
500 books were bought by the children altogether.
What was the total amount of money spent?",,£299.50,£2995.00,£29950.00,£3000.00,£3045.50,£2995.00,44,Calculations,Multiple Choice,P4Q44_39
"Greenfield School held a book fair.
Each book cost £2.99.
300 books were bought by the children altogether.
What was the total amount of money spent?",,£900.00,£947.50,£89.70,£897.00,£8970.00,£897.00,44,Calculations,Multiple Choice,P4Q44_40
"Oakwood School held a book fair.
Each book cost £4.99.
150 books were bought by the children altogether.
What was the total amount of money spent?",,£7485.00,£750.00,£799.00,£74.85,£748.50,£748.50,44,Calculations,Multiple Choice,P4Q44_41
"St Mary's School held a book fair.
Each book cost £2.99.
300 books were bought by the children altogether.
What was the total amount of money spent?",,£89.70,£897.00,£900.00,£947.50,£8970.00,£897.00,44,Calculations,Multiple Choice,P4Q44_42
"Greenfield School held a book fair.
Each book cost £1.99.
200 books were bought by the children altogether.
What was the total amount of money spent?",,£39.80,£3980.00,£398.00,£448.50,£400.00,£398.00,44,Calculations,Multiple Choice,P4Q44_43
"Greenfield School held a book fair.
Each book cost £2.99.
100 books were bought by the children altogether.
What was the total amount of money spent?",,£2990.00,£29.90,£300.00,£299.00,£349.50,£299.00,44,Calculations,Multiple Choice,P4Q44_44
"St Gregory's School held a book fair.
Each book cost £1.99.
250 books were bought by the children altogether.
What was the total amount of money spent?",,£49.75,£497.50,£4975.00,£548.00,£500.00,£497.50,44,Calculations,Multiple Choice,P4Q44_45
"St Gregory's School held a book fair.
Each book cost £4.99.
500 books were bought by the children altogether.
What was the total amount of money spent?",,£2545.50,£2500.00,£249.50,£24950.00,£2495.00,£2495.00,44,Calculations,Multiple Choice,P4Q44_46
"Oakwood School held a book fair.
Each book cost £2.99.
100 books were bought by the children altogether.
What was the total amount of money spent?",,£349.50,£300.00,£2990.00,£29.90,£299.00,£299.00,44,Calculations,Multiple Choice,P4Q44_47
"Greenfield School held a book fair.
Each book cost £5.99.
200 books were bought by the children altogether.
What was the total amount of money spent?",,£1200.00,£1248.50,£11980.00,£1198.00,£119.80,£1198.00,44,Calculations,Multiple Choice,P4Q44_48
"St Gregory's School held a book fair.
Each book cost £3.99.
150 books were bought by the children altogether.
What was the total amount of money spent?",,£59.85,£600.00,£5985.00,£598.50,£649.00,£598.50,44,Calculations,Multiple Choice,P4Q44_49
"St Mary's School held a book fair.
Each book cost £1.99.
100 books were bought by the children altogether.
What was the total amount of money spent?",,£19.90,£199.00,£249.50,£200.00,£1990.00,£199.00,44,Calculations,Multiple Choice,P4Q44_50
Which one of these is closest to 444.44 + 44.44 + 4.44 + 0.44?,,514,492,500,494,494,494,45,Estimation,Text,P2Q45_1
Which one of these is closest to 777.77 + 77.77 + 7.77 + 0.77?,,844,864,884,900,864,864,45,Estimation,Text,P2Q45_2
Which one of these is closest to 777.77 + 77.77 + 7.77 + 0.77?,,864,864,884,844,900,864,45,Estimation,Text,P2Q45_3
Which one of these is closest to 777.77 + 77.77 + 7.77 + 0.77?,,844,864,864,884,900,864,45,Estimation,Text,P2Q45_4
Which one of these is closest to 777.77 + 77.77 + 7.77 + 0.77?,,884,844,864,900,864,864,45,Estimation,Text,P2Q45_5
Which one of these is closest to 888.88 + 88.88 + 8.88 + 0.88?,,984,1000,1008,988,968,988,45,Estimation,Text,P2Q45_6
Which one of these is closest to 555.55 + 55.55 + 5.55 + 0.55?,,617,617,597,615,700,617,45,Estimation,Text,P2Q45_7
Which one of these is closest to 666.66 + 66.66 + 6.66 + 0.66?,,741,721,741,738,800,741,45,Estimation,Text,P2Q45_8
Which one of these is closest to 999.99 + 99.99 + 9.99 + 0.99?,,1091,1131,1107,1111,1200,1111,45,Estimation,Text,P2Q45_9
Which one of these is closest to 999.99 + 99.99 + 9.99 + 0.99?,,1091,1200,1107,1111,1131,1111,45,Estimation,Text,P2Q45_10
Which one of these is closest to 444.44 + 44.44 + 4.44 + 0.44?,,514,500,494,494,492,494,45,Estimation,Text,P2Q45_11
Which one of these is closest to 999.99 + 99.99 + 9.99 + 0.99?,,1111,1091,1131,1107,1200,1111,45,Estimation,Text,P2Q45_12
Which one of these is closest to 777.77 + 77.77 + 7.77 + 0.77?,,864,900,884,864,844,864,45,Estimation,Text,P2Q45_13
Which one of these is closest to 666.66 + 66.66 + 6.66 + 0.66?,,741,741,800,721,738,741,45,Estimation,Text,P2Q45_14
Which one of these is closest to 888.88 + 88.88 + 8.88 + 0.88?,,984,1000,988,968,1008,988,45,Estimation,Text,P2Q45_15
Which one of these is closest to 444.44 + 44.44 + 4.44 + 0.44?,,514,500,494,494,492,494,45,Estimation,Text,P2Q45_16
Which one of these is closest to 555.55 + 55.55 + 5.55 + 0.55?,,700,597,617,617,615,617,45,Estimation,Text,P2Q45_17
Which one of these is closest to 777.77 + 77.77 + 7.77 + 0.77?,,844,864,900,864,884,864,45,Estimation,Text,P2Q45_18
Which one of these is closest to 444.44 + 44.44 + 4.44 + 0.44?,,500,494,492,494,514,494,45,Estimation,Text,P2Q45_19
Which one of these is closest to 555.55 + 55.55 + 5.55 + 0.55?,,617,617,700,597,615,617,45,Estimation,Text,P2Q45_20
Which one of these is closest to 555.55 + 55.55 + 5.55 + 0.55?,,615,617,617,597,700,617,45,Estimation,Text,P2Q45_21
Which one of these is closest to 666.66 + 66.66 + 6.66 + 0.66?,,721,800,741,738,741,741,45,Estimation,Text,P2Q45_22
Which one of these is closest to 888.88 + 88.88 + 8.88 + 0.88?,,968,988,984,1008,1000,988,45,Estimation,Text,P2Q45_23
Which one of these is closest to 555.55 + 55.55 + 5.55 + 0.55?,,615,617,617,597,700,617,45,Estimation,Text,P2Q45_24
Which one of these is closest to 555.55 + 55.55 + 5.55 + 0.55?,,617,700,597,615,617,617,45,Estimation,Text,P2Q45_25
Which one of these is closest to 999.99 + 99.99 + 9.99 + 0.99?,,1200,1107,1091,1131,1111,1111,45,Estimation,Text,P2Q45_26
Which one of these is closest to 444.44 + 44.44 + 4.44 + 0.44?,,494,514,494,492,500,494,45,Estimation,Text,P2Q45_27
Which one of these is closest to 555.55 + 55.55 + 5.55 + 0.55?,,700,597,617,615,617,617,45,Estimation,Text,P2Q45_28
Which one of these is closest to 888.88 + 88.88 + 8.88 + 0.88?,,1000,1008,984,988,968,988,45,Estimation,Text,P2Q45_29
Which one of these is closest to 555.55 + 55.55 + 5.55 + 0.55?,,617,597,700,615,617,617,45,Estimation,Text,P2Q45_30
Which one of these is closest to 555.55 + 55.55 + 5.55 + 0.55?,,617,700,617,597,615,617,45,Estimation,Text,P2Q45_31
Which one of these is closest to 555.55 + 55.55 + 5.55 + 0.55?,,617,615,700,617,597,617,45,Estimation,Text,P2Q45_32
Which one of these is closest to 666.66 + 66.66 + 6.66 + 0.66?,,721,741,800,738,741,741,45,Estimation,Text,P2Q45_33
Which one of these is closest to 777.77 + 77.77 + 7.77 + 0.77?,,884,864,864,844,900,864,45,Estimation,Text,P2Q45_34
Which one of these is closest to 999.99 + 99.99 + 9.99 + 0.99?,,1091,1107,1131,1200,1111,1111,45,Estimation,Text,P2Q45_36
Which one of these is closest to 555.55 + 55.55 + 5.55 + 0.55?,,700,617,615,617,597,617,45,Estimation,Text,P2Q45_37
Which one of these is closest to 888.88 + 88.88 + 8.88 + 0.88?,,968,1000,984,988,1008,988,45,Estimation,Text,P2Q45_38
Which one of these is closest to 444.44 + 44.44 + 4.44 + 0.44?,,514,494,494,500,492,494,45,Estimation,Text,P2Q45_39
Which one of these is closest to 777.77 + 77.77 + 7.77 + 0.77?,,844,900,864,884,864,864,45,Estimation,Text,P2Q45_40
Which one of these is closest to 999.99 + 99.99 + 9.99 + 0.99?,,1200,1131,1111,1107,1091,1111,45,Estimation,Text,P2Q45_41
Which one of these is closest to 777.77 + 77.77 + 7.77 + 0.77?,,900,864,884,844,864,864,45,Estimation,Text,P2Q45_42
Which one of these is closest to 555.55 + 55.55 + 5.55 + 0.55?,,617,617,597,615,700,617,45,Estimation,Text,P2Q45_43
Which one of these is closest to 777.77 + 77.77 + 7.77 + 0.77?,,844,900,864,884,864,864,45,Estimation,Text,P2Q45_44
Which one of these is closest to 555.55 + 55.55 + 5.55 + 0.55?,,597,700,617,617,615,617,45,Estimation,Text,P2Q45_45
Which one of these is closest to 444.44 + 44.44 + 4.44 + 0.44?,,492,514,500,494,494,494,45,Estimation,Text,P2Q45_46
Which one of these is closest to 999.99 + 99.99 + 9.99 + 0.99?,,1200,1091,1107,1111,1131,1111,45,Estimation,Text,P2Q45_47
Which one of these is closest to 666.66 + 66.66 + 6.66 + 0.66?,,741,721,800,741,738,741,45,Estimation,Text,P2Q45_48
Which one of these is closest to 666.66 + 66.66 + 6.66 + 0.66?,,800,741,738,721,741,741,45,Estimation,Text,P2Q45_49
Which one of these is closest to 444.44 + 44.44 + 4.44 + 0.44?,,492,514,500,494,494,494,45,Estimation,Text,P2Q45_50
The price of a pair of shoes has been reduced by 10%. The original price was £25.00. How much is it now?,P3Q45_1.png,£27.50,£2.50,£22.50,£17.50,£15.00,£22.50,45,Number - Percentages,Multiple Choice,P3Q45_1
The price of a coat has been reduced by 20%. The original price was £80.00. How much is it now?,P3Q45_2.png,£96.00,£69.00,£60.00,£64.00,£16.00,£64.00,45,Number - Percentages,Multiple Choice,P3Q45_2
The price of a watch has been reduced by 50%. The original price was £25.50. How much is it now?,P3Q45_3.png,£38.25,£13.75,£2.75,£12.75,£-24.50,£12.75,45,Number - Percentages,Multiple Choice,P3Q45_3
The price of a coat has been reduced by 25%. The original price was £20.00. How much is it now?,P3Q45_4.png,£15.00,£-5.00,£20.00,£5.00,£25.00,£15.00,45,Number - Percentages,Multiple Choice,P3Q45_4
The price of a bag has been reduced by 25%. The original price was £50.00. How much is it now?,P3Q45_5.png,£36.50,£12.50,£62.50,£37.50,£25.00,£37.50,45,Number - Percentages,Multiple Choice,P3Q45_5
The price of a tablet has been reduced by 10%. The original price was £50.00. How much is it now?,P3Q45_6.png,£45.00,£5.00,£55.00,£40.00,£44.00,£45.00,45,Number - Percentages,Multiple Choice,P3Q45_6
The price of a game has been reduced by 25%. The original price was £120.50. How much is it now?,P3Q45_7.png,£90.38,£150.62,£95.50,£30.12,£91.38,£90.38,45,Number - Percentages,Multiple Choice,P3Q45_7
The price of a tablet has been reduced by 20%. The original price was £40.50. How much is it now?,P3Q45_8.png,£48.60,£20.50,£33.40,£8.10,£32.40,£32.40,45,Number - Percentages,Multiple Choice,P3Q45_8
The price of a watch has been reduced by 10%. The original price was £50.00. How much is it now?,P3Q45_9.png,£45.00,£46.00,£5.00,£55.00,£40.00,£45.00,45,Number - Percentages,Multiple Choice,P3Q45_9
The price of a coat has been reduced by 10%. The original price was £50.00. How much is it now?,P3Q45_10.png,£5.00,£35.00,£55.00,£40.00,£45.00,£45.00,45,Number - Percentages,Multiple Choice,P3Q45_10
The price of a coat has been reduced by 25%. The original price was £40.00. How much is it now?,P3Q45_11.png,£25.00,£50.00,£15.00,£10.00,£30.00,£30.00,45,Number - Percentages,Multiple Choice,P3Q45_11
The price of a tablet has been reduced by 10%. The original price was £40.00. How much is it now?,P3Q45_12.png,£30.00,£46.00,£36.00,£4.00,£44.00,£36.00,45,Number - Percentages,Multiple Choice,P3Q45_12
The price of a watch has been reduced by 10%. The original price was £20.00. How much is it now?,P3Q45_13.png,£10.00,£18.00,£22.00,£2.00,£8.00,£18.00,45,Number - Percentages,Multiple Choice,P3Q45_13
The price of a tablet has been reduced by 25%. The original price was £120.50. How much is it now?,P3Q45_14.png,£95.50,£85.38,£90.38,£150.62,£30.12,£90.38,45,Number - Percentages,Multiple Choice,P3Q45_14
The price of a coat has been reduced by 20%. The original price was £50.50. How much is it now?,P3Q45_15.png,£40.40,£60.60,£10.10,£41.40,£30.50,£40.40,45,Number - Percentages,Multiple Choice,P3Q45_15
The price of a tablet has been reduced by 25%. The original price was £25.00. How much is it now?,P3Q45_16.png,£8.75,£18.75,£31.25,£0.00,£6.25,£18.75,45,Number - Percentages,Multiple Choice,P3Q45_16
The price of a pair of shoes has been reduced by 25%. The original price was £60.00. How much is it now?,P3Q45_17.png,£15.00,£55.00,£35.00,£75.00,£45.00,£45.00,45,Number - Percentages,Multiple Choice,P3Q45_17
The price of a coat has been reduced by 20%. The original price was £200.00. How much is it now?,P3Q45_18.png,£160.00,£240.00,£150.00,£180.00,£40.00,£160.00,45,Number - Percentages,Multiple Choice,P3Q45_18
The price of a pair of shoes has been reduced by 50%. The original price was £60.50. How much is it now?,P3Q45_19.png,£30.25,£10.50,£90.75,£40.25,£29.25,£30.25,45,Number - Percentages,Multiple Choice,P3Q45_19
The price of a bike has been reduced by 10%. The original price was £200.50. How much is it now?,P3Q45_20.png,£220.55,£190.45,£190.50,£20.05,£180.45,£180.45,45,Number - Percentages,Multiple Choice,P3Q45_20
"The diagram shows two temperatures in degrees Celsius and in degrees Fahrenheit.
What is 50 degrees Celsius in degrees Fahrenheit?",P4Q45_1.png,104° Fahrenheit,132° Fahrenheit,124° Fahrenheit,122° Fahrenheit,100° Fahrenheit,122° Fahrenheit,45,Measures - Temperature,Multiple Choice,P4Q45_1
"The diagram shows two temperatures in degrees Celsius and in degrees Fahrenheit.
What is 10 degrees Celsius in degrees Fahrenheit?",P4Q45_2.png,52° Fahrenheit,20° Fahrenheit,50° Fahrenheit,60° Fahrenheit,42° Fahrenheit,50° Fahrenheit,45,Measures - Temperature,Multiple Choice,P4Q45_2
"The diagram shows two temperatures in degrees Celsius and in degrees Fahrenheit.
What is 50 degrees Celsius in degrees Fahrenheit?",P4Q45_3.png,132° Fahrenheit,154° Fahrenheit,82° Fahrenheit,100° Fahrenheit,122° Fahrenheit,122° Fahrenheit,45,Measures - Temperature,Multiple Choice,P4Q45_3
"The diagram shows two temperatures in degrees Celsius and in degrees Fahrenheit.
What is 80 degrees Celsius in degrees Fahrenheit?",P4Q45_4.png,174° Fahrenheit,176° Fahrenheit,160° Fahrenheit,208° Fahrenheit,144° Fahrenheit,176° Fahrenheit,45,Measures - Temperature,Multiple Choice,P4Q45_4
"The diagram shows two temperatures in degrees Celsius and in degrees Fahrenheit.
What is 60 degrees Celsius in degrees Fahrenheit?",P4Q45_5.png,140° Fahrenheit,108° Fahrenheit,122° Fahrenheit,120° Fahrenheit,142° Fahrenheit,140° Fahrenheit,45,Measures - Temperature,Multiple Choice,P4Q45_5
"The diagram shows two temperatures in degrees Celsius and in degrees Fahrenheit.
What is 80 degrees Celsius in degrees Fahrenheit?",P4Q45_6.png,186° Fahrenheit,176° Fahrenheit,160° Fahrenheit,208° Fahrenheit,158° Fahrenheit,176° Fahrenheit,45,Measures - Temperature,Multiple Choice,P4Q45_6
"The diagram shows two temperatures in degrees Celsius and in degrees Fahrenheit.
What is 75 degrees Celsius in degrees Fahrenheit?",P4Q45_7.png,199° Fahrenheit,149° Fahrenheit,107° Fahrenheit,150° Fahrenheit,167° Fahrenheit,167° Fahrenheit,45,Measures - Temperature,Multiple Choice,P4Q45_7
"The diagram shows two temperatures in degrees Celsius and in degrees Fahrenheit.
What is 75 degrees Celsius in degrees Fahrenheit?",P4Q45_8.png,150° Fahrenheit,107° Fahrenheit,167° Fahrenheit,185° Fahrenheit,135° Fahrenheit,167° Fahrenheit,45,Measures - Temperature,Multiple Choice,P4Q45_8
"The diagram shows two temperatures in degrees Celsius and in degrees Fahrenheit.
What is 70 degrees Celsius in degrees Fahrenheit?",P4Q45_9.png,156° Fahrenheit,126° Fahrenheit,140° Fahrenheit,148° Fahrenheit,158° Fahrenheit,158° Fahrenheit,45,Measures - Temperature,Multiple Choice,P4Q45_9
"The diagram shows two temperatures in degrees Celsius and in degrees Fahrenheit.
What is 75 degrees Celsius in degrees Fahrenheit?",P4Q45_10.png,149° Fahrenheit,157° Fahrenheit,150° Fahrenheit,167° Fahrenheit,135° Fahrenheit,167° Fahrenheit,45,Measures - Temperature,Multiple Choice,P4Q45_10
"The diagram shows two temperatures in degrees Celsius and in degrees Fahrenheit.
What is 10 degrees Celsius in degrees Fahrenheit?",P4Q45_11.png,50° Fahrenheit,40° Fahrenheit,18° Fahrenheit,20° Fahrenheit,82° Fahrenheit,50° Fahrenheit,45,Measures - Temperature,Multiple Choice,P4Q45_11
"The diagram shows two temperatures in degrees Celsius and in degrees Fahrenheit.
What is 30 degrees Celsius in degrees Fahrenheit?",P4Q45_12.png,88° Fahrenheit,60° Fahrenheit,84° Fahrenheit,86° Fahrenheit,54° Fahrenheit,86° Fahrenheit,45,Measures - Temperature,Multiple Choice,P4Q45_12
"The diagram shows two temperatures in degrees Celsius and in degrees Fahrenheit.
What is 75 degrees Celsius in degrees Fahrenheit?",P4Q45_13.png,199° Fahrenheit,165° Fahrenheit,167° Fahrenheit,107° Fahrenheit,150° Fahrenheit,167° Fahrenheit,45,Measures - Temperature,Multiple Choice,P4Q45_13
"The diagram shows two temperatures in degrees Celsius and in degrees Fahrenheit.
What is 30 degrees Celsius in degrees Fahrenheit?",P4Q45_14.png,62° Fahrenheit,88° Fahrenheit,60° Fahrenheit,86° Fahrenheit,54° Fahrenheit,86° Fahrenheit,45,Measures - Temperature,Multiple Choice,P4Q45_14
"The diagram shows two temperatures in degrees Celsius and in degrees Fahrenheit.
What is 40 degrees Celsius in degrees Fahrenheit?",P4Q45_15.png,114° Fahrenheit,122° Fahrenheit,72° Fahrenheit,104° Fahrenheit,80° Fahrenheit,104° Fahrenheit,45,Measures - Temperature,Multiple Choice,P4Q45_15
"The diagram shows two temperatures in degrees Celsius and in degrees Fahrenheit.
What is 25 degrees Celsius in degrees Fahrenheit?",P4Q45_16.png,77° Fahrenheit,57° Fahrenheit,67° Fahrenheit,50° Fahrenheit,109° Fahrenheit,77° Fahrenheit,45,Measures - Temperature,Multiple Choice,P4Q45_16
"The diagram shows two temperatures in degrees Celsius and in degrees Fahrenheit.
What is 25 degrees Celsius in degrees Fahrenheit?",P4Q45_17.png,57° Fahrenheit,50° Fahrenheit,59° Fahrenheit,77° Fahrenheit,67° Fahrenheit,77° Fahrenheit,45,Measures - Temperature,Multiple Choice,P4Q45_17
"The diagram shows two temperatures in degrees Celsius and in degrees Fahrenheit.
What is 25 degrees Celsius in degrees Fahrenheit?",P4Q45_18.png,67° Fahrenheit,50° Fahrenheit,77° Fahrenheit,87° Fahrenheit,79° Fahrenheit,77° Fahrenheit,45,Measures - Temperature,Multiple Choice,P4Q45_18
"The diagram shows two temperatures in degrees Celsius and in degrees Fahrenheit.
What is 25 degrees Celsius in degrees Fahrenheit?",P4Q45_19.png,50° Fahrenheit,87° Fahrenheit,57° Fahrenheit,77° Fahrenheit,67° Fahrenheit,77° Fahrenheit,45,Measures - Temperature,Multiple Choice,P4Q45_19
"The diagram shows two temperatures in degrees Celsius and in degrees Fahrenheit.
What is 75 degrees Celsius in degrees Fahrenheit?",P4Q45_20.png,135° Fahrenheit,149° Fahrenheit,167° Fahrenheit,150° Fahrenheit,107° Fahrenheit,167° Fahrenheit,45,Measures - Temperature,Multiple Choice,P4Q45_20
"On day 1, 5 people are sent an email. On day 2, each of the 5 send it to 5 more people, and so on. Each person sends the email just once. How many people have received the email by day 4?",,800,780,100,625,155,780,46,Sequences,Text,P2Q46_1
"On day 1, 2 people are sent an email. On day 2, each of the 2 send it to 2 more people, and so on. Each person sends the email just once. How many people have received the email by day 4?",,14,80,30,50,16,30,46,Sequences,Text,P2Q46_2
"On day 1, 4 people are sent an email. On day 2, each of the 4 send it to 4 more people, and so on. Each person sends the email just once. How many people have received the email by day 4?",,256,340,84,350,64,340,46,Sequences,Text,P2Q46_3
"On day 1, 5 people are sent an email. On day 2, each of the 5 send it to 5 more people, and so on. Each person sends the email just once. How many people have received the email by day 4?",,100,155,780,790,625,780,46,Sequences,Text,P2Q46_4
"On day 1, 5 people are sent an email. On day 2, each of the 5 send it to 5 more people, and so on. Each person sends the email just once. How many people have received the email by day 4?",,155,625,100,770,780,780,46,Sequences,Text,P2Q46_5
"On day 1, 3 people are sent an email. On day 2, each of the 3 send it to 3 more people, and so on. Each person sends the email just once. How many people have received the email by day 3?",,49,59,27,39,12,39,46,Sequences,Text,P2Q46_6
"On day 1, 4 people are sent an email. On day 2, each of the 4 send it to 4 more people, and so on. Each person sends the email just once. How many people have received the email by day 4?",,390,340,84,64,256,340,46,Sequences,Text,P2Q46_7
"On day 1, 4 people are sent an email. On day 2, each of the 4 send it to 4 more people, and so on. Each person sends the email just once. How many people have received the email by day 3?",,48,94,64,20,84,84,46,Sequences,Text,P2Q46_8
"On day 1, 5 people are sent an email. On day 2, each of the 5 send it to 5 more people, and so on. Each person sends the email just once. How many people have received the email by day 4?",,625,155,780,100,770,780,46,Sequences,Text,P2Q46_9
"On day 1, 4 people are sent an email. On day 2, each of the 4 send it to 4 more people, and so on. Each person sends the email just once. How many people have received the email by day 4?",,256,84,340,330,64,340,46,Sequences,Text,P2Q46_10
"On day 1, 3 people are sent an email. On day 2, each of the 3 send it to 3 more people, and so on. Each person sends the email just once. How many people have received the email by day 4?",,140,120,36,39,81,120,46,Sequences,Text,P2Q46_11
"On day 1, 2 people are sent an email. On day 2, each of the 2 send it to 2 more people, and so on. Each person sends the email just once. How many people have received the email by day 3?",,8,12,6,14,64,14,46,Sequences,Text,P2Q46_12
"On day 1, 3 people are sent an email. On day 2, each of the 3 send it to 3 more people, and so on. Each person sends the email just once. How many people have received the email by day 3?",,39,27,29,59,12,39,46,Sequences,Text,P2Q46_13
"On day 1, 4 people are sent an email. On day 2, each of the 4 send it to 4 more people, and so on. Each person sends the email just once. How many people have received the email by day 4?",,84,360,64,340,256,340,46,Sequences,Text,P2Q46_14
"On day 1, 5 people are sent an email. On day 2, each of the 5 send it to 5 more people, and so on. Each person sends the email just once. How many people have received the email by day 4?",,155,780,625,100,800,780,46,Sequences,Text,P2Q46_15
"On day 1, 5 people are sent an email. On day 2, each of the 5 send it to 5 more people, and so on. Each person sends the email just once. How many people have received the email by day 4?",,625,155,780,100,800,780,46,Sequences,Text,P2Q46_16
"On day 1, 5 people are sent an email. On day 2, each of the 5 send it to 5 more people, and so on. Each person sends the email just once. How many people have received the email by day 3?",,30,125,155,75,145,155,46,Sequences,Text,P2Q46_17
"On day 1, 2 people are sent an email. On day 2, each of the 2 send it to 2 more people, and so on. Each person sends the email just once. How many people have received the email by day 3?",,14,6,12,8,64,14,46,Sequences,Text,P2Q46_18
"On day 1, 5 people are sent an email. On day 2, each of the 5 send it to 5 more people, and so on. Each person sends the email just once. How many people have received the email by day 3?",,125,30,75,145,155,155,46,Sequences,Text,P2Q46_19
"On day 1, 2 people are sent an email. On day 2, each of the 2 send it to 2 more people, and so on. Each person sends the email just once. How many people have received the email by day 3?",,12,14,8,24,6,14,46,Sequences,Text,P2Q46_20
"On day 1, 5 people are sent an email. On day 2, each of the 5 send it to 5 more people, and so on. Each person sends the email just once. How many people have received the email by day 3?",,205,125,30,155,75,155,46,Sequences,Text,P2Q46_21
"On day 1, 4 people are sent an email. On day 2, each of the 4 send it to 4 more people, and so on. Each person sends the email just once. How many people have received the email by day 4?",,84,340,256,330,64,340,46,Sequences,Text,P2Q46_22
"On day 1, 5 people are sent an email. On day 2, each of the 5 send it to 5 more people, and so on. Each person sends the email just once. How many people have received the email by day 4?",,625,100,155,830,780,780,46,Sequences,Text,P2Q46_23
"On day 1, 4 people are sent an email. On day 2, each of the 4 send it to 4 more people, and so on. Each person sends the email just once. How many people have received the email by day 3?",,84,20,104,48,64,84,46,Sequences,Text,P2Q46_24
"On day 1, 3 people are sent an email. On day 2, each of the 3 send it to 3 more people, and so on. Each person sends the email just once. How many people have received the email by day 4?",,39,36,170,120,81,120,46,Sequences,Text,P2Q46_25
"On day 1, 4 people are sent an email. On day 2, each of the 4 send it to 4 more people, and so on. Each person sends the email just once. How many people have received the email by day 4?",,64,350,84,340,256,340,46,Sequences,Text,P2Q46_26
"On day 1, 2 people are sent an email. On day 2, each of the 2 send it to 2 more people, and so on. Each person sends the email just once. How many people have received the email by day 4?",,20,14,50,30,16,30,46,Sequences,Text,P2Q46_27
"On day 1, 2 people are sent an email. On day 2, each of the 2 send it to 2 more people, and so on. Each person sends the email just once. How many people have received the email by day 3?",,24,14,12,6,8,14,46,Sequences,Text,P2Q46_28
"On day 1, 5 people are sent an email. On day 2, each of the 5 send it to 5 more people, and so on. Each person sends the email just once. How many people have received the email by day 3?",,75,125,155,30,175,155,46,Sequences,Text,P2Q46_29
"On day 1, 2 people are sent an email. On day 2, each of the 2 send it to 2 more people, and so on. Each person sends the email just once. How many people have received the email by day 3?",,14,24,6,12,8,14,46,Sequences,Text,P2Q46_30
"On day 1, 2 people are sent an email. On day 2, each of the 2 send it to 2 more people, and so on. Each person sends the email just once. How many people have received the email by day 4?",,30,40,16,40,14,30,46,Sequences,Text,P2Q46_31
"On day 1, 5 people are sent an email. On day 2, each of the 5 send it to 5 more people, and so on. Each person sends the email just once. How many people have received the email by day 4?",,800,155,100,625,780,780,46,Sequences,Text,P2Q46_32
"On day 1, 4 people are sent an email. On day 2, each of the 4 send it to 4 more people, and so on. Each person sends the email just once. How many people have received the email by day 3?",,94,20,84,64,48,84,46,Sequences,Text,P2Q46_33
"On day 1, 5 people are sent an email. On day 2, each of the 5 send it to 5 more people, and so on. Each person sends the email just once. How many people have received the email by day 4?",,780,625,155,100,800,780,46,Sequences,Text,P2Q46_34
"On day 1, 3 people are sent an email. On day 2, each of the 3 send it to 3 more people, and so on. Each person sends the email just once. How many people have received the email by day 4?",,120,170,36,81,39,120,46,Sequences,Text,P2Q46_35
"On day 1, 5 people are sent an email. On day 2, each of the 5 send it to 5 more people, and so on. Each person sends the email just once. How many people have received the email by day 4?",,780,100,155,625,770,780,46,Sequences,Text,P2Q46_36
"On day 1, 5 people are sent an email. On day 2, each of the 5 send it to 5 more people, and so on. Each person sends the email just once. How many people have received the email by day 4?",,780,625,100,155,800,780,46,Sequences,Text,P2Q46_37
"On day 1, 2 people are sent an email. On day 2, each of the 2 send it to 2 more people, and so on. Each person sends the email just once. How many people have received the email by day 3?",,34,12,8,14,6,14,46,Sequences,Text,P2Q46_38
"On day 1, 5 people are sent an email. On day 2, each of the 5 send it to 5 more people, and so on. Each person sends the email just once. How many people have received the email by day 3?",,125,155,75,30,205,155,46,Sequences,Text,P2Q46_39
"On day 1, 4 people are sent an email. On day 2, each of the 4 send it to 4 more people, and so on. Each person sends the email just once. How many people have received the email by day 3?",,104,20,64,48,84,84,46,Sequences,Text,P2Q46_40
"On day 1, 2 people are sent an email. On day 2, each of the 2 send it to 2 more people, and so on. Each person sends the email just once. How many people have received the email by day 4?",,20,14,30,16,20,30,46,Sequences,Text,P2Q46_41
"On day 1, 3 people are sent an email. On day 2, each of the 3 send it to 3 more people, and so on. Each person sends the email just once. How many people have received the email by day 3?",,39,12,49,59,27,39,46,Sequences,Text,P2Q46_42
"On day 1, 3 people are sent an email. On day 2, each of the 3 send it to 3 more people, and so on. Each person sends the email just once. How many people have received the email by day 3?",,27,89,39,29,12,39,46,Sequences,Text,P2Q46_43
"On day 1, 5 people are sent an email. On day 2, each of the 5 send it to 5 more people, and so on. Each person sends the email just once. How many people have received the email by day 3?",,145,75,155,30,125,155,46,Sequences,Text,P2Q46_44
"On day 1, 3 people are sent an email. On day 2, each of the 3 send it to 3 more people, and so on. Each person sends the email just once. How many people have received the email by day 3?",,29,39,12,27,59,39,46,Sequences,Text,P2Q46_45
"On day 1, 4 people are sent an email. On day 2, each of the 4 send it to 4 more people, and so on. Each person sends the email just once. How many people have received the email by day 4?",,256,84,330,64,340,340,46,Sequences,Text,P2Q46_46
"On day 1, 3 people are sent an email. On day 2, each of the 3 send it to 3 more people, and so on. Each person sends the email just once. How many people have received the email by day 4?",,120,36,130,39,81,120,46,Sequences,Text,P2Q46_47
"On day 1, 3 people are sent an email. On day 2, each of the 3 send it to 3 more people, and so on. Each person sends the email just once. How many people have received the email by day 4?",,120,81,39,36,170,120,46,Sequences,Text,P2Q46_48
"On day 1, 4 people are sent an email. On day 2, each of the 4 send it to 4 more people, and so on. Each person sends the email just once. How many people have received the email by day 4?",,64,340,256,84,350,340,46,Sequences,Text,P2Q46_49
"On day 1, 5 people are sent an email. On day 2, each of the 5 send it to 5 more people, and so on. Each person sends the email just once. How many people have received the email by day 4?",,155,625,780,100,800,780,46,Sequences,Text,P2Q46_50
"1 foot is about 0.305 metres and 1 inch is about 0.025 metres.
Patrick is 4 feet 1 inches tall.
Which is closest to their height in metres?",,1.2 m,1.5 m,1.4 m,1.3 m,1.1 m,1.2 m,46,Measures - Conversion,Multiple Choice,P4Q46_1
"1 foot is about 0.305 metres and 1 inch is about 0.025 metres.
Sarah is 4 feet 9 inches tall.
Which is closest to their height in metres?",,1.7 m,1.4 m,1.2 m,1.5 m,1.3 m,1.4 m,46,Measures - Conversion,Multiple Choice,P4Q46_2
"1 foot is about 0.305 metres and 1 inch is about 0.025 metres.
Sarah is 6 feet 10 inches tall.
Which is closest to their height in metres?",,2.4 m,1.8 m,2.0 m,2.2 m,2.1 m,2.1 m,46,Measures - Conversion,Multiple Choice,P4Q46_3
"1 foot is about 0.305 metres and 1 inch is about 0.025 metres.
Patrick is 6 feet 7 inches tall.
Which is closest to their height in metres?",,2.1 m,1.8 m,1.9 m,2.0 m,2.3 m,2.0 m,46,Measures - Conversion,Multiple Choice,P4Q46_4
"1 foot is about 0.305 metres and 1 inch is about 0.025 metres.
John is 4 feet 9 inches tall.
Which is closest to their height in metres?",,1.5 m,1.7 m,1.2 m,1.3 m,1.4 m,1.4 m,46,Measures - Conversion,Multiple Choice,P4Q46_5
"1 foot is about 0.305 metres and 1 inch is about 0.025 metres.
Tom is 4 feet 6 inches tall.
Which is closest to their height in metres?",,1.4 m,1.3 m,1.2 m,1.5 m,1.7 m,1.4 m,46,Measures - Conversion,Multiple Choice,P4Q46_6
"1 foot is about 0.305 metres and 1 inch is about 0.025 metres.
John is 4 feet 7 inches tall.
Which is closest to their height in metres?",,1.2 m,1.5 m,1.3 m,1.4 m,1.7 m,1.4 m,46,Measures - Conversion,Multiple Choice,P4Q46_7
"1 foot is about 0.305 metres and 1 inch is about 0.025 metres.
Patrick is 5 feet 2 inches tall.
Which is closest to their height in metres?",,1.5 m,1.7 m,1.5 m,1.6 m,1.9 m,1.6 m,46,Measures - Conversion,Multiple Choice,P4Q46_8
"1 foot is about 0.305 metres and 1 inch is about 0.025 metres.
Tom is 4 feet 9 inches tall.
Which is closest to their height in metres?",,1.2 m,1.7 m,1.5 m,1.4 m,1.3 m,1.4 m,46,Measures - Conversion,Multiple Choice,P4Q46_9
"1 foot is about 0.305 metres and 1 inch is about 0.025 metres.
Emily is 5 feet 5 inches tall.
Which is closest to their height in metres?",,1.5 m,1.9 m,1.8 m,1.6 m,1.5 m,1.6 m,46,Measures - Conversion,Multiple Choice,P4Q46_10
"1 foot is about 0.305 metres and 1 inch is about 0.025 metres.
John is 4 feet 0 inches tall.
Which is closest to their height in metres?",,1.5 m,1.3 m,1.8 m,1.2 m,1.1 m,1.2 m,46,Measures - Conversion,Multiple Choice,P4Q46_11
"1 foot is about 0.305 metres and 1 inch is about 0.025 metres.
Patrick is 6 feet 4 inches tall.
Which is closest to their height in metres?",,1.8 m,2.2 m,2.0 m,1.9 m,1.4 m,1.9 m,46,Measures - Conversion,Multiple Choice,P4Q46_12
"1 foot is about 0.305 metres and 1 inch is about 0.025 metres.
Patrick is 4 feet 11 inches tall.
Which is closest to their height in metres?",,1.8 m,1.4 m,1.2 m,1.5 m,1.6 m,1.5 m,46,Measures - Conversion,Multiple Choice,P4Q46_13
"1 foot is about 0.305 metres and 1 inch is about 0.025 metres.
Sarah is 4 feet 11 inches tall.
Which is closest to their height in metres?",,1.5 m,1.2 m,1.8 m,1.4 m,1.6 m,1.5 m,46,Measures - Conversion,Multiple Choice,P4Q46_14
"1 foot is about 0.305 metres and 1 inch is about 0.025 metres.
Emily is 4 feet 7 inches tall.
Which is closest to their height in metres?",,1.2 m,1.7 m,1.4 m,1.5 m,1.3 m,1.4 m,46,Measures - Conversion,Multiple Choice,P4Q46_15
"1 foot is about 0.305 metres and 1 inch is about 0.025 metres.
Tom is 5 feet 0 inches tall.
Which is closest to their height in metres?",,1.5 m,1.8 m,1.6 m,1.3 m,1.4 m,1.5 m,46,Measures - Conversion,Multiple Choice,P4Q46_16
"1 foot is about 0.305 metres and 1 inch is about 0.025 metres.
Patrick is 6 feet 1 inches tall.
Which is closest to their height in metres?",,1.3 m,2.0 m,2.2 m,1.8 m,1.9 m,1.9 m,46,Measures - Conversion,Multiple Choice,P4Q46_17
"1 foot is about 0.305 metres and 1 inch is about 0.025 metres.
Tom is 6 feet 6 inches tall.
Which is closest to their height in metres?",,1.8 m,2.1 m,1.9 m,2.0 m,2.3 m,2.0 m,46,Measures - Conversion,Multiple Choice,P4Q46_18
"1 foot is about 0.305 metres and 1 inch is about 0.025 metres.
Sarah is 6 feet 7 inches tall.
Which is closest to their height in metres?",,2.3 m,2.1 m,1.8 m,2.0 m,1.9 m,2.0 m,46,Measures - Conversion,Multiple Choice,P4Q46_19
"1 foot is about 0.305 metres and 1 inch is about 0.025 metres.
Tom is 4 feet 2 inches tall.
Which is closest to their height in metres?",,1.3 m,1.3 m,1.2 m,1.6 m,1.4 m,1.3 m,46,Measures - Conversion,Multiple Choice,P4Q46_20
"1 foot is about 0.305 metres and 1 inch is about 0.025 metres.
Emily is 4 feet 2 inches tall.
Which is closest to their height in metres?",,1.6 m,1.9 m,1.3 m,1.2 m,1.4 m,1.3 m,46,Measures - Conversion,Multiple Choice,P4Q46_21
"1 foot is about 0.305 metres and 1 inch is about 0.025 metres.
Sarah is 5 feet 3 inches tall.
Which is closest to their height in metres?",,1.7 m,1.6 m,1.6 m,1.9 m,1.5 m,1.6 m,46,Measures - Conversion,Multiple Choice,P4Q46_22
"1 foot is about 0.305 metres and 1 inch is about 0.025 metres.
Tom is 6 feet 6 inches tall.
Which is closest to their height in metres?",,1.9 m,2.0 m,2.3 m,1.8 m,2.1 m,2.0 m,46,Measures - Conversion,Multiple Choice,P4Q46_23
"1 foot is about 0.305 metres and 1 inch is about 0.025 metres.
Tom is 6 feet 6 inches tall.
Which is closest to their height in metres?",,2.0 m,2.1 m,1.9 m,1.8 m,2.3 m,2.0 m,46,Measures - Conversion,Multiple Choice,P4Q46_24
"1 foot is about 0.305 metres and 1 inch is about 0.025 metres.
Patrick is 5 feet 0 inches tall.
Which is closest to their height in metres?",,1.6 m,1.5 m,1.4 m,1.8 m,1.7 m,1.5 m,46,Measures - Conversion,Multiple Choice,P4Q46_25
"1 foot is about 0.305 metres and 1 inch is about 0.025 metres.
Emily is 6 feet 4 inches tall.
Which is closest to their height in metres?",,2.2 m,2.0 m,1.3 m,1.8 m,1.9 m,1.9 m,46,Measures - Conversion,Multiple Choice,P4Q46_26
"1 foot is about 0.305 metres and 1 inch is about 0.025 metres.
John is 4 feet 8 inches tall.
Which is closest to their height in metres?",,1.7 m,1.3 m,1.2 m,1.4 m,1.5 m,1.4 m,46,Measures - Conversion,Multiple Choice,P4Q46_27
"1 foot is about 0.305 metres and 1 inch is about 0.025 metres.
John is 4 feet 5 inches tall.
Which is closest to their height in metres?",,1.4 m,1.3 m,1.2 m,1.6 m,1.6 m,1.3 m,46,Measures - Conversion,Multiple Choice,P4Q46_28
"1 foot is about 0.305 metres and 1 inch is about 0.025 metres.
John is 6 feet 2 inches tall.
Which is closest to their height in metres?",,2.2 m,1.9 m,2.0 m,1.8 m,1.6 m,1.9 m,46,Measures - Conversion,Multiple Choice,P4Q46_29
"1 foot is about 0.305 metres and 1 inch is about 0.025 metres.
Sarah is 4 feet 6 inches tall.
Which is closest to their height in metres?",,1.7 m,1.2 m,1.5 m,1.4 m,1.3 m,1.4 m,46,Measures - Conversion,Multiple Choice,P4Q46_30
"1 foot is about 0.305 metres and 1 inch is about 0.025 metres.
John is 6 feet 11 inches tall.
Which is closest to their height in metres?",,2.1 m,2.2 m,1.8 m,2.4 m,2.0 m,2.1 m,46,Measures - Conversion,Multiple Choice,P4Q46_31
"1 foot is about 0.305 metres and 1 inch is about 0.025 metres.
Sarah is 4 feet 0 inches tall.
Which is closest to their height in metres?",,1.7 m,1.5 m,1.1 m,1.3 m,1.2 m,1.2 m,46,Measures - Conversion,Multiple Choice,P4Q46_32
"1 foot is about 0.305 metres and 1 inch is about 0.025 metres.
John is 6 feet 9 inches tall.
Which is closest to their height in metres?",,2.1 m,2.0 m,2.2 m,1.8 m,2.4 m,2.1 m,46,Measures - Conversion,Multiple Choice,P4Q46_33
"1 foot is about 0.305 metres and 1 inch is about 0.025 metres.
John is 4 feet 10 inches tall.
Which is closest to their height in metres?",,1.6 m,1.8 m,1.2 m,1.5 m,1.4 m,1.5 m,46,Measures - Conversion,Multiple Choice,P4Q46_34
"1 foot is about 0.305 metres and 1 inch is about 0.025 metres.
Sarah is 5 feet 10 inches tall.
Which is closest to their height in metres?",,1.7 m,1.8 m,1.5 m,2.1 m,1.9 m,1.8 m,46,Measures - Conversion,Multiple Choice,P4Q46_35
"1 foot is about 0.305 metres and 1 inch is about 0.025 metres.
Patrick is 4 feet 7 inches tall.
Which is closest to their height in metres?",,1.2 m,1.3 m,1.7 m,1.4 m,1.5 m,1.4 m,46,Measures - Conversion,Multiple Choice,P4Q46_36
"1 foot is about 0.305 metres and 1 inch is about 0.025 metres.
Emily is 6 feet 0 inches tall.
Which is closest to their height in metres?",,1.9 m,2.1 m,1.5 m,1.7 m,1.8 m,1.8 m,46,Measures - Conversion,Multiple Choice,P4Q46_37
"1 foot is about 0.305 metres and 1 inch is about 0.025 metres.
John is 5 feet 8 inches tall.
Which is closest to their height in metres?",,1.6 m,1.7 m,2.0 m,1.5 m,1.8 m,1.7 m,46,Measures - Conversion,Multiple Choice,P4Q46_38
"1 foot is about 0.305 metres and 1 inch is about 0.025 metres.
John is 5 feet 8 inches tall.
Which is closest to their height in metres?",,1.5 m,2.0 m,1.6 m,1.8 m,1.7 m,1.7 m,46,Measures - Conversion,Multiple Choice,P4Q46_39
"1 foot is about 0.305 metres and 1 inch is about 0.025 metres.
Sarah is 6 feet 0 inches tall.
Which is closest to their height in metres?",,1.7 m,1.5 m,2.1 m,1.8 m,1.9 m,1.8 m,46,Measures - Conversion,Multiple Choice,P4Q46_40
"1 foot is about 0.305 metres and 1 inch is about 0.025 metres.
Emily is 4 feet 5 inches tall.
Which is closest to their height in metres?",,1.2 m,1.4 m,1.3 m,1.6 m,1.4 m,1.3 m,46,Measures - Conversion,Multiple Choice,P4Q46_41
"1 foot is about 0.305 metres and 1 inch is about 0.025 metres.
John is 4 feet 1 inches tall.
Which is closest to their height in metres?",,1.2 m,1.3 m,1.2 m,1.5 m,1.1 m,1.2 m,46,Measures - Conversion,Multiple Choice,P4Q46_42
"1 foot is about 0.305 metres and 1 inch is about 0.025 metres.
John is 4 feet 8 inches tall.
Which is closest to their height in metres?",,1.5 m,1.4 m,1.3 m,1.2 m,1.7 m,1.4 m,46,Measures - Conversion,Multiple Choice,P4Q46_43
"1 foot is about 0.305 metres and 1 inch is about 0.025 metres.
Sarah is 6 feet 11 inches tall.
Which is closest to their height in metres?",,2.2 m,2.4 m,2.0 m,1.8 m,2.1 m,2.1 m,46,Measures - Conversion,Multiple Choice,P4Q46_44
"1 foot is about 0.305 metres and 1 inch is about 0.025 metres.
Patrick is 5 feet 6 inches tall.
Which is closest to their height in metres?",,1.5 m,1.6 m,2.0 m,1.7 m,1.8 m,1.7 m,46,Measures - Conversion,Multiple Choice,P4Q46_45
"1 foot is about 0.305 metres and 1 inch is about 0.025 metres.
Sarah is 4 feet 8 inches tall.
Which is closest to their height in metres?",,1.4 m,1.3 m,1.2 m,1.7 m,1.5 m,1.4 m,46,Measures - Conversion,Multiple Choice,P4Q46_46
"1 foot is about 0.305 metres and 1 inch is about 0.025 metres.
Patrick is 4 feet 11 inches tall.
Which is closest to their height in metres?",,1.5 m,1.4 m,1.8 m,1.2 m,1.6 m,1.5 m,46,Measures - Conversion,Multiple Choice,P4Q46_47
"1 foot is about 0.305 metres and 1 inch is about 0.025 metres.
Tom is 6 feet 6 inches tall.
Which is closest to their height in metres?",,2.0 m,1.8 m,2.1 m,1.9 m,2.3 m,2.0 m,46,Measures - Conversion,Multiple Choice,P4Q46_48
"1 foot is about 0.305 metres and 1 inch is about 0.025 metres.
Tom is 6 feet 8 inches tall.
Which is closest to their height in metres?",,1.8 m,1.9 m,2.3 m,2.1 m,2.0 m,2.0 m,46,Measures - Conversion,Multiple Choice,P4Q46_49
"1 foot is about 0.305 metres and 1 inch is about 0.025 metres.
Sarah is 6 feet 2 inches tall.
Which is closest to their height in metres?",,1.9 m,2.0 m,1.8 m,2.2 m,1.8 m,1.9 m,46,Measures - Conversion,Multiple Choice,P4Q46_50
Dr Taylor compares the price of the same tyres at five shops. Which shop gives the cheapest cost per tyre?,P3Q47_img_1.png,A,B,C,D,E,D,47,Best Value,Multiple Choice,P3Q47_1
Mr Cooper compares the price of the same dining chairs at five shops. Which shop gives the cheapest cost per dining chair?,P3Q47_img_2.png,A,B,C,D,E,D,47,Best Value,Multiple Choice,P3Q47_2
Ms Green compares the price of the same tyres at five shops. Which shop gives the cheapest cost per tyre?,P3Q47_img_3.png,A,B,C,D,E,C,47,Best Value,Multiple Choice,P3Q47_3
Miss Patel compares the price of the same towels at five shops. Which shop gives the cheapest cost per towel?,P3Q47_img_4.png,A,B,C,D,E,B,47,Best Value,Multiple Choice,P3Q47_4
Dr Taylor compares the price of the same dining chairs at five shops. Which shop gives the cheapest cost per dining chair?,P3Q47_img_5.png,A,B,C,D,E,B,47,Best Value,Multiple Choice,P3Q47_5
Mr Wilson compares the price of the same cushions at five shops. Which shop gives the cheapest cost per cushion?,P3Q47_img_6.png,A,B,C,D,E,B,47,Best Value,Multiple Choice,P3Q47_6
Mrs Brown compares the price of the same tyres at five shops. Which shop gives the cheapest cost per tyre?,P3Q47_img_7.png,A,B,C,D,E,A,47,Best Value,Multiple Choice,P3Q47_7
Mrs Smith compares the price of the same lamp shades at five shops. Which shop gives the cheapest cost per lamp shade?,P3Q47_img_8.png,A,B,C,D,E,C,47,Best Value,Multiple Choice,P3Q47_8
Miss Patel compares the price of the same towels at five shops. Which shop gives the cheapest cost per towel?,P3Q47_img_9.png,A,B,C,D,E,D,47,Best Value,Multiple Choice,P3Q47_9
Mr Jones compares the price of the same lamp shades at five shops. Which shop gives the cheapest cost per lamp shade?,P3Q47_img_10.png,A,B,C,D,E,A,47,Best Value,Multiple Choice,P3Q47_10
Mr Jones compares the price of the same tyres at five shops. Which shop gives the cheapest cost per tyre?,P3Q47_img_11.png,A,B,C,D,E,D,47,Best Value,Multiple Choice,P3Q47_11
Mr Cooper compares the price of the same lamp shades at five shops. Which shop gives the cheapest cost per lamp shade?,P3Q47_img_12.png,A,B,C,D,E,E,47,Best Value,Multiple Choice,P3Q47_12
Mr Cooper compares the price of the same cushions at five shops. Which shop gives the cheapest cost per cushion?,P3Q47_img_13.png,A,B,C,D,E,E,47,Best Value,Multiple Choice,P3Q47_13
Mr Wilson compares the price of the same cushions at five shops. Which shop gives the cheapest cost per cushion?,P3Q47_img_14.png,A,B,C,D,E,B,47,Best Value,Multiple Choice,P3Q47_14
Ms Green compares the price of the same lamp shades at five shops. Which shop gives the cheapest cost per lamp shade?,P3Q47_img_15.png,A,B,C,D,E,B,47,Best Value,Multiple Choice,P3Q47_15
Mr Jones compares the price of the same towels at five shops. Which shop gives the cheapest cost per towel?,P3Q47_img_16.png,A,B,C,D,E,C,47,Best Value,Multiple Choice,P3Q47_16
Mrs Brown compares the price of the same curtains at five shops. Which shop gives the cheapest cost per curtain?,P3Q47_img_17.png,A,B,C,D,E,C,47,Best Value,Multiple Choice,P3Q47_17
Mrs Brown compares the price of the same window blinds at five shops. Which shop gives the cheapest cost per window blind?,P3Q47_img_18.png,A,B,C,D,E,C,47,Best Value,Multiple Choice,P3Q47_18
Mr Cooper compares the price of the same curtains at five shops. Which shop gives the cheapest cost per curtain?,P3Q47_img_19.png,A,B,C,D,E,C,47,Best Value,Multiple Choice,P3Q47_19
Mrs Brown compares the price of the same towels at five shops. Which shop gives the cheapest cost per towel?,P3Q47_img_20.png,A,B,C,D,E,A,47,Best Value,Multiple Choice,P3Q47_20
"Sam gets £30.00 pocket money each month from parents.
Sam also gets £10.00 each week from a paper round.
How much money does Sam get in one year?",,£520.00,£360.00,£880.00,£840.00,£480.00,£880.00,47,Money,Multiple Choice,P4Q47_1
"Jessica gets £20.00 pocket money each month from parents.
Jessica also gets £9.50 each week from a paper round.
How much money does Jessica get in one year?",,£696.00,£354.00,£734.00,£494.00,£240.00,£734.00,47,Money,Multiple Choice,P4Q47_2
"Sam gets £30.00 pocket money each month from parents.
Sam also gets £12.50 each week from a paper round.
How much money does Sam get in one year?",,£960.00,£650.00,£510.00,£1010.00,£360.00,£1010.00,47,Money,Multiple Choice,P4Q47_3
"Alice gets £10.00 pocket money each month from parents.
Alice also gets £8.00 each week from a paper round.
How much money does Alice get in one year?",,£416.00,£504.00,£216.00,£536.00,£120.00,£536.00,47,Money,Multiple Choice,P4Q47_4
"Ben gets £20.00 pocket money each month from parents.
Ben also gets £5.50 each week from a paper round.
How much money does Ben get in one year?",,£504.00,£306.00,£286.00,£240.00,£526.00,£526.00,47,Money,Multiple Choice,P4Q47_5
"Alice gets £25.00 pocket money each month from parents.
Alice also gets £10.00 each week from a paper round.
How much money does Alice get in one year?",,£520.00,£420.00,£780.00,£820.00,£300.00,£820.00,47,Money,Multiple Choice,P4Q47_6
"Jessica gets £10.00 pocket money each month from parents.
Jessica also gets £9.50 each week from a paper round.
How much money does Jessica get in one year?",,£120.00,£494.00,£614.00,£234.00,£576.00,£614.00,47,Money,Multiple Choice,P4Q47_7
"Sam gets £20.00 pocket money each month from parents.
Sam also gets £8.00 each week from a paper round.
How much money does Sam get in one year?",,£416.00,£336.00,£240.00,£624.00,£656.00,£656.00,47,Money,Multiple Choice,P4Q47_8
"Ben gets £15.00 pocket money each month from parents.
Ben also gets £5.50 each week from a paper round.
How much money does Ben get in one year?",,£444.00,£466.00,£246.00,£180.00,£286.00,£466.00,47,Money,Multiple Choice,P4Q47_9
"Alice gets £20.00 pocket money each month from parents.
Alice also gets £12.50 each week from a paper round.
How much money does Alice get in one year?",,£240.00,£650.00,£840.00,£390.00,£890.00,£890.00,47,Money,Multiple Choice,P4Q47_10
"Ben gets £10.00 pocket money each month from parents.
Ben also gets £12.50 each week from a paper round.
How much money does Ben get in one year?",,£720.00,£120.00,£770.00,£650.00,£270.00,£770.00,47,Money,Multiple Choice,P4Q47_11
"Alice gets £10.00 pocket money each month from parents.
Alice also gets £15.00 each week from a paper round.
How much money does Alice get in one year?",,£840.00,£300.00,£120.00,£780.00,£900.00,£900.00,47,Money,Multiple Choice,P4Q47_12
"Alice gets £10.00 pocket money each month from parents.
Alice also gets £10.00 each week from a paper round.
How much money does Alice get in one year?",,£240.00,£520.00,£640.00,£600.00,£120.00,£640.00,47,Money,Multiple Choice,P4Q47_13
"Ben gets £30.00 pocket money each month from parents.
Ben also gets £9.50 each week from a paper round.
How much money does Ben get in one year?",,£816.00,£474.00,£494.00,£854.00,£360.00,£854.00,47,Money,Multiple Choice,P4Q47_14
"Sam gets £20.00 pocket money each month from parents.
Sam also gets £12.50 each week from a paper round.
How much money does Sam get in one year?",,£240.00,£840.00,£650.00,£890.00,£390.00,£890.00,47,Money,Multiple Choice,P4Q47_15
"Sam gets £15.00 pocket money each month from parents.
Sam also gets £12.50 each week from a paper round.
How much money does Sam get in one year?",,£830.00,£780.00,£330.00,£180.00,£650.00,£830.00,47,Money,Multiple Choice,P4Q47_16
"Ben gets £25.00 pocket money each month from parents.
Ben also gets £9.50 each week from a paper round.
How much money does Ben get in one year?",,£794.00,£300.00,£414.00,£494.00,£756.00,£794.00,47,Money,Multiple Choice,P4Q47_17
"Sam gets £30.00 pocket money each month from parents.
Sam also gets £10.00 each week from a paper round.
How much money does Sam get in one year?",,£520.00,£480.00,£840.00,£880.00,£360.00,£880.00,47,Money,Multiple Choice,P4Q47_18
"Sam gets £10.00 pocket money each month from parents.
Sam also gets £12.50 each week from a paper round.
How much money does Sam get in one year?",,£720.00,£770.00,£650.00,£120.00,£270.00,£770.00,47,Money,Multiple Choice,P4Q47_19
"Jessica gets £15.00 pocket money each month from parents.
Jessica also gets £9.50 each week from a paper round.
How much money does Jessica get in one year?",,£180.00,£494.00,£636.00,£294.00,£674.00,£674.00,47,Money,Multiple Choice,P4Q47_20
"Ben gets £10.00 pocket money each month from parents.
Ben also gets £10.00 each week from a paper round.
How much money does Ben get in one year?",,£120.00,£240.00,£640.00,£520.00,£600.00,£640.00,47,Money,Multiple Choice,P4Q47_21
"Jessica gets £10.00 pocket money each month from parents.
Jessica also gets £9.50 each week from a paper round.
How much money does Jessica get in one year?",,£494.00,£234.00,£614.00,£576.00,£120.00,£614.00,47,Money,Multiple Choice,P4Q47_22
"Alice gets £30.00 pocket money each month from parents.
Alice also gets £5.50 each week from a paper round.
How much money does Alice get in one year?",,£426.00,£360.00,£286.00,£624.00,£646.00,£646.00,47,Money,Multiple Choice,P4Q47_23
"Sam gets £30.00 pocket money each month from parents.
Sam also gets £15.00 each week from a paper round.
How much money does Sam get in one year?",,£540.00,£1080.00,£1140.00,£360.00,£780.00,£1140.00,47,Money,Multiple Choice,P4Q47_24
"Jessica gets £10.00 pocket money each month from parents.
Jessica also gets £12.50 each week from a paper round.
How much money does Jessica get in one year?",,£770.00,£270.00,£120.00,£650.00,£720.00,£770.00,47,Money,Multiple Choice,P4Q47_25
"Alice gets £25.00 pocket money each month from parents.
Alice also gets £12.50 each week from a paper round.
How much money does Alice get in one year?",,£300.00,£900.00,£950.00,£450.00,£650.00,£950.00,47,Money,Multiple Choice,P4Q47_26
"Ben gets £10.00 pocket money each month from parents.
Ben also gets £12.50 each week from a paper round.
How much money does Ben get in one year?",,£120.00,£720.00,£770.00,£650.00,£270.00,£770.00,47,Money,Multiple Choice,P4Q47_27
"Alice gets £10.00 pocket money each month from parents.
Alice also gets £5.50 each week from a paper round.
How much money does Alice get in one year?",,£406.00,£186.00,£286.00,£120.00,£384.00,£406.00,47,Money,Multiple Choice,P4Q47_28
"Ben gets £30.00 pocket money each month from parents.
Ben also gets £12.50 each week from a paper round.
How much money does Ben get in one year?",,£510.00,£1010.00,£360.00,£650.00,£960.00,£1010.00,47,Money,Multiple Choice,P4Q47_29
"Ben gets £20.00 pocket money each month from parents.
Ben also gets £8.00 each week from a paper round.
How much money does Ben get in one year?",,£336.00,£624.00,£240.00,£416.00,£656.00,£656.00,47,Money,Multiple Choice,P4Q47_30
"Jessica gets £15.00 pocket money each month from parents.
Jessica also gets £8.00 each week from a paper round.
How much money does Jessica get in one year?",,£416.00,£596.00,£276.00,£564.00,£180.00,£596.00,47,Money,Multiple Choice,P4Q47_31
"Alice gets £20.00 pocket money each month from parents.
Alice also gets £10.00 each week from a paper round.
How much money does Alice get in one year?",,£520.00,£760.00,£360.00,£240.00,£720.00,£760.00,47,Money,Multiple Choice,P4Q47_32
"Alice gets £15.00 pocket money each month from parents.
Alice also gets £15.00 each week from a paper round.
How much money does Alice get in one year?",,£780.00,£960.00,£360.00,£180.00,£900.00,£960.00,47,Money,Multiple Choice,P4Q47_33
"Sam gets £10.00 pocket money each month from parents.
Sam also gets £5.50 each week from a paper round.
How much money does Sam get in one year?",,£286.00,£186.00,£120.00,£384.00,£406.00,£406.00,47,Money,Multiple Choice,P4Q47_34
"Sam gets £25.00 pocket money each month from parents.
Sam also gets £10.00 each week from a paper round.
How much money does Sam get in one year?",,£420.00,£820.00,£300.00,£520.00,£780.00,£820.00,47,Money,Multiple Choice,P4Q47_35
"Ben gets £25.00 pocket money each month from parents.
Ben also gets £10.00 each week from a paper round.
How much money does Ben get in one year?",,£820.00,£420.00,£520.00,£300.00,£780.00,£820.00,47,Money,Multiple Choice,P4Q47_36
"Ben gets £25.00 pocket money each month from parents.
Ben also gets £9.50 each week from a paper round.
How much money does Ben get in one year?",,£756.00,£300.00,£414.00,£494.00,£794.00,£794.00,47,Money,Multiple Choice,P4Q47_37
"Jessica gets £10.00 pocket money each month from parents.
Jessica also gets £12.50 each week from a paper round.
How much money does Jessica get in one year?",,£770.00,£270.00,£720.00,£650.00,£120.00,£770.00,47,Money,Multiple Choice,P4Q47_38
"Sam gets £30.00 pocket money each month from parents.
Sam also gets £5.50 each week from a paper round.
How much money does Sam get in one year?",,£646.00,£360.00,£426.00,£624.00,£286.00,£646.00,47,Money,Multiple Choice,P4Q47_39
"Sam gets £15.00 pocket money each month from parents.
Sam also gets £12.50 each week from a paper round.
How much money does Sam get in one year?",,£650.00,£780.00,£180.00,£830.00,£330.00,£830.00,47,Money,Multiple Choice,P4Q47_40
"Sam gets £15.00 pocket money each month from parents.
Sam also gets £12.50 each week from a paper round.
How much money does Sam get in one year?",,£330.00,£830.00,£780.00,£180.00,£650.00,£830.00,47,Money,Multiple Choice,P4Q47_41
"Jessica gets £20.00 pocket money each month from parents.
Jessica also gets £5.50 each week from a paper round.
How much money does Jessica get in one year?",,£286.00,£504.00,£306.00,£526.00,£240.00,£526.00,47,Money,Multiple Choice,P4Q47_42
"Jessica gets £25.00 pocket money each month from parents.
Jessica also gets £5.50 each week from a paper round.
How much money does Jessica get in one year?",,£286.00,£300.00,£366.00,£586.00,£564.00,£586.00,47,Money,Multiple Choice,P4Q47_43
"Ben gets £25.00 pocket money each month from parents.
Ben also gets £12.50 each week from a paper round.
How much money does Ben get in one year?",,£450.00,£900.00,£950.00,£650.00,£300.00,£950.00,47,Money,Multiple Choice,P4Q47_44
"Ben gets £15.00 pocket money each month from parents.
Ben also gets £12.50 each week from a paper round.
How much money does Ben get in one year?",,£180.00,£830.00,£330.00,£650.00,£780.00,£830.00,47,Money,Multiple Choice,P4Q47_45
"Sam gets £25.00 pocket money each month from parents.
Sam also gets £8.00 each week from a paper round.
How much money does Sam get in one year?",,£716.00,£300.00,£684.00,£416.00,£396.00,£716.00,47,Money,Multiple Choice,P4Q47_46
"Jessica gets £30.00 pocket money each month from parents.
Jessica also gets £15.00 each week from a paper round.
How much money does Jessica get in one year?",,£540.00,£360.00,£1080.00,£780.00,£1140.00,£1140.00,47,Money,Multiple Choice,P4Q47_47
"Ben gets £30.00 pocket money each month from parents.
Ben also gets £15.00 each week from a paper round.
How much money does Ben get in one year?",,£1140.00,£360.00,£1080.00,£540.00,£780.00,£1140.00,47,Money,Multiple Choice,P4Q47_48
"Alice gets £15.00 pocket money each month from parents.
Alice also gets £9.50 each week from a paper round.
How much money does Alice get in one year?",,£636.00,£180.00,£294.00,£494.00,£674.00,£674.00,47,Money,Multiple Choice,P4Q47_49
"Sam gets £10.00 pocket money each month from parents.
Sam also gets £12.50 each week from a paper round.
How much money does Sam get in one year?",,£120.00,£650.00,£770.00,£720.00,£270.00,£770.00,47,Money,Multiple Choice,P4Q47_50
"Each of these grey and white carpet tiles measures 40 cm x 40 cm. What is the total area covered by the grey carpet tiles, in square metres?",P2Q48_1.png,4.48 m²,5.12 m²,28 m²,44800 m²,9.6 m²,4.48 m²,48,Area,Image,P2Q48_1
"Each of these grey and white carpet tiles measures 40 cm x 40 cm. What is the total area covered by the grey carpet tiles, in square metres?",P2Q48_2.png,38400 m²,5.84 m²,24 m²,7.68 m²,3.84 m²,3.84 m²,48,Area,Image,P2Q48_2
"Each of these grey and white carpet tiles measures 50 cm x 50 cm. What is the total area covered by the grey carpet tiles, in square metres?",P2Q48_3.png,6.5 m²,65000 m²,13.5 m²,26 m²,7 m²,6.5 m²,48,Area,Image,P2Q48_3
"Each of these grey and white carpet tiles measures 40 cm x 40 cm. What is the total area covered by the grey carpet tiles, in square metres?",P2Q48_4.png,22 m²,6.4 m²,3.52 m²,35200 m²,2.88 m²,3.52 m²,48,Area,Image,P2Q48_4
"Each of these grey and white carpet tiles measures 40 cm x 40 cm. What is the total area covered by the grey carpet tiles, in square metres?",P2Q48_5.png,3.52 m²,22 m²,2.24 m²,35200 m²,5.76 m²,3.52 m²,48,Area,Image,P2Q48_5
"Each of these grey and white carpet tiles measures 40 cm x 40 cm. What is the total area covered by the grey carpet tiles, in square metres?",P2Q48_6.png,6.72 m²,22 m²,3.2 m²,3.52 m²,35200 m²,3.52 m²,48,Area,Image,P2Q48_6
"Each of these grey and white carpet tiles measures 20 cm x 20 cm. What is the total area covered by the grey carpet tiles, in square metres?",P2Q48_7.png,8800 m²,0.88 m²,1.6 m²,0.72 m²,22 m²,0.88 m²,48,Area,Image,P2Q48_7
"Each of these grey and white carpet tiles measures 20 cm x 20 cm. What is the total area covered by the grey carpet tiles, in square metres?",P2Q48_8.png,10400 m²,26 m²,2.16 m²,1.12 m²,1.04 m²,1.04 m²,48,Area,Image,P2Q48_8
"Each of these grey and white carpet tiles measures 25 cm x 25 cm. What is the total area covered by the grey carpet tiles, in square metres?",P2Q48_9.png,1.5 m²,10000 m²,1 m²,16 m²,0.5 m²,1 m²,48,Area,Image,P2Q48_9
"Each of these grey and white carpet tiles measures 25 cm x 25 cm. What is the total area covered by the grey carpet tiles, in square metres?",P2Q48_10.png,13750 m²,1.375 m²,1.25 m²,22 m²,2.625 m²,1.375 m²,48,Area,Image,P2Q48_10
"Each of these grey and white carpet tiles measures 50 cm x 50 cm. What is the total area covered by the grey carpet tiles, in square metres?",P2Q48_11.png,50000 m²,20 m²,5 m²,9 m²,4 m²,5 m²,48,Area,Image,P2Q48_11
"Each of these grey and white carpet tiles measures 40 cm x 40 cm. What is the total area covered by the grey carpet tiles, in square metres?",P2Q48_12.png,20 m²,3.2 m²,32000 m²,5.76 m²,2.56 m²,3.2 m²,48,Area,Image,P2Q48_12
"Each of these grey and white carpet tiles measures 25 cm x 25 cm. What is the total area covered by the grey carpet tiles, in square metres?",P2Q48_13.png,2 m²,1.25 m²,0.75 m²,20 m²,12500 m²,1.25 m²,48,Area,Image,P2Q48_13
"Each of these grey and white carpet tiles measures 20 cm x 20 cm. What is the total area covered by the grey carpet tiles, in square metres?",P2Q48_14.png,0.48 m²,0.72 m²,1.2 m²,18 m²,7200 m²,0.72 m²,48,Area,Image,P2Q48_14
"Each of these grey and white carpet tiles measures 20 cm x 20 cm. What is the total area covered by the grey carpet tiles, in square metres?",P2Q48_15.png,18 m²,0.4 m²,0.72 m²,1.12 m²,7200 m²,0.72 m²,48,Area,Image,P2Q48_15
"Each of these grey and white carpet tiles measures 20 cm x 20 cm. What is the total area covered by the grey carpet tiles, in square metres?",P2Q48_16.png,22 m²,0.88 m²,1.68 m²,0.8 m²,8800 m²,0.88 m²,48,Area,Image,P2Q48_16
"Each of these grey and white carpet tiles measures 50 cm x 50 cm. What is the total area covered by the grey carpet tiles, in square metres?",P2Q48_17.png,11.25 m²,24 m²,6 m²,60000 m²,5.25 m²,6 m²,48,Area,Image,P2Q48_17
"Each of these grey and white carpet tiles measures 40 cm x 40 cm. What is the total area covered by the grey carpet tiles, in square metres?",P2Q48_18.png,3.84 m²,26 m²,4.16 m²,8 m²,41600 m²,4.16 m²,48,Area,Image,P2Q48_18
"Each of these grey and white carpet tiles measures 20 cm x 20 cm. What is the total area covered by the grey carpet tiles, in square metres?",P2Q48_19.png,0.4 m²,7200 m²,0.72 m²,1.12 m²,18 m²,0.72 m²,48,Area,Image,P2Q48_19
"Each of these grey and white carpet tiles measures 50 cm x 50 cm. What is the total area covered by the grey carpet tiles, in square metres?",P2Q48_20.png,7 m²,65000 m²,26 m²,6.5 m²,13.5 m²,6.5 m²,48,Area,Image,P2Q48_20
Which of these areas is the same as 1.5 $m^{2}$?,,15 $cm^{2}$,7500 $cm^{2}$,150 $cm^{2}$,150000 $cm^{2}$,15000 $cm^{2}$,15000 $cm^{2}$,48,Unit Conversion,Multiple Choice,P3Q48_1
Which of these areas is the same as 0.1 $m^{2}$?,,1000 $cm^{2}$,1 $cm^{2}$,10 $cm^{2}$,100 $cm^{2}$,10000 $cm^{2}$,1000 $cm^{2}$,48,Unit Conversion,Multiple Choice,P3Q48_2
Which of these areas is the same as 0.5 $m^{2}$?,,5 $cm^{2}$,50 $cm^{2}$,2500 $cm^{2}$,50000 $cm^{2}$,5000 $cm^{2}$,5000 $cm^{2}$,48,Unit Conversion,Multiple Choice,P3Q48_3
Which of these areas is the same as 1.2 $m^{2}$?,,12000 $cm^{2}$,120000 $cm^{2}$,1200 $cm^{2}$,6000 $cm^{2}$,12 $cm^{2}$,12000 $cm^{2}$,48,Unit Conversion,Multiple Choice,P3Q48_4
Which of these areas is the same as 2.5 $m^{2}$?,,25 $cm^{2}$,25000 $cm^{2}$,2500 $cm^{2}$,250000 $cm^{2}$,12500 $cm^{2}$,25000 $cm^{2}$,48,Unit Conversion,Multiple Choice,P3Q48_5
Which of these areas is the same as 0.25 $m^{2}$?,,25 $cm^{2}$,2 $cm^{2}$,1250 $cm^{2}$,25000 $cm^{2}$,2500 $cm^{2}$,2500 $cm^{2}$,48,Unit Conversion,Multiple Choice,P3Q48_6
Which of these areas is the same as 10 $m^{2}$?,,1000 $cm^{2}$,1000000 $cm^{2}$,10000 $cm^{2}$,100000 $cm^{2}$,100 $cm^{2}$,100000 $cm^{2}$,48,Unit Conversion,Multiple Choice,P3Q48_7
Which of these areas is the same as 1.2 $m^{2}$?,,12000 $cm^{2}$,12 $cm^{2}$,1200 $cm^{2}$,120000 $cm^{2}$,6000 $cm^{2}$,12000 $cm^{2}$,48,Unit Conversion,Multiple Choice,P3Q48_8
Which of these areas is the same as 0.8 $m^{2}$?,,80000 $cm^{2}$,8 $cm^{2}$,4000 $cm^{2}$,8000 $cm^{2}$,800 $cm^{2}$,8000 $cm^{2}$,48,Unit Conversion,Multiple Choice,P3Q48_9
Which of these areas is the same as 0.2 $m^{2}$?,,2000 $cm^{2}$,1000 $cm^{2}$,200 $cm^{2}$,2 $cm^{2}$,20000 $cm^{2}$,2000 $cm^{2}$,48,Unit Conversion,Multiple Choice,P3Q48_10
Which of these areas is the same as 0.4 $m^{2}$?,,40 $cm^{2}$,4 $cm^{2}$,4000 $cm^{2}$,400 $cm^{2}$,40000 $cm^{2}$,4000 $cm^{2}$,48,Unit Conversion,Multiple Choice,P3Q48_11
Which of these areas is the same as 0.5 $m^{2}$?,,50000 $cm^{2}$,50 $cm^{2}$,5 $cm^{2}$,2500 $cm^{2}$,5000 $cm^{2}$,5000 $cm^{2}$,48,Unit Conversion,Multiple Choice,P3Q48_12
Which of these areas is the same as 1.2 $m^{2}$?,,1200 $cm^{2}$,6000 $cm^{2}$,12000 $cm^{2}$,12 $cm^{2}$,120000 $cm^{2}$,12000 $cm^{2}$,48,Unit Conversion,Multiple Choice,P3Q48_13
Which of these areas is the same as 0.25 $m^{2}$?,,1250 $cm^{2}$,2 $cm^{2}$,25000 $cm^{2}$,2500 $cm^{2}$,25 $cm^{2}$,2500 $cm^{2}$,48,Unit Conversion,Multiple Choice,P3Q48_14
Which of these areas is the same as 0.1 $m^{2}$?,,1 $cm^{2}$,10 $cm^{2}$,10000 $cm^{2}$,1000 $cm^{2}$,100 $cm^{2}$,1000 $cm^{2}$,48,Unit Conversion,Multiple Choice,P3Q48_15
Which of these areas is the same as 10 $m^{2}$?,,1000 $cm^{2}$,10000 $cm^{2}$,1000000 $cm^{2}$,100000 $cm^{2}$,100 $cm^{2}$,100000 $cm^{2}$,48,Unit Conversion,Multiple Choice,P3Q48_16
Which of these areas is the same as 0.4 $m^{2}$?,,40 $cm^{2}$,40000 $cm^{2}$,4000 $cm^{2}$,400 $cm^{2}$,4 $cm^{2}$,4000 $cm^{2}$,48,Unit Conversion,Multiple Choice,P3Q48_17
Which of these areas is the same as 0.5 $m^{2}$?,,5000 $cm^{2}$,50 $cm^{2}$,50000 $cm^{2}$,2500 $cm^{2}$,5 $cm^{2}$,5000 $cm^{2}$,48,Unit Conversion,Multiple Choice,P3Q48_18
Which of these areas is the same as 0.5 $m^{2}$?,,2500 $cm^{2}$,50000 $cm^{2}$,5000 $cm^{2}$,5 $cm^{2}$,50 $cm^{2}$,5000 $cm^{2}$,48,Unit Conversion,Multiple Choice,P3Q48_19
Which of these areas is the same as 1.5 $m^{2}$?,,150000 $cm^{2}$,7500 $cm^{2}$,15 $cm^{2}$,150 $cm^{2}$,15000 $cm^{2}$,15000 $cm^{2}$,48,Unit Conversion,Multiple Choice,P3Q48_20
Which of these areas is the same as 1.5 $m^{2}$?,,15 $cm^{2}$,150 $cm^{2}$,7500 $cm^{2}$,15000 $cm^{2}$,150000 $cm^{2}$,15000 $cm^{2}$,48,Unit Conversion,Multiple Choice,P3Q48_21
Which of these areas is the same as 0.1 $m^{2}$?,,1000 $cm^{2}$,10 $cm^{2}$,1 $cm^{2}$,10000 $cm^{2}$,100 $cm^{2}$,1000 $cm^{2}$,48,Unit Conversion,Multiple Choice,P3Q48_22
Which of these areas is the same as 5 $m^{2}$?,,500000 $cm^{2}$,50000 $cm^{2}$,25000 $cm^{2}$,5000 $cm^{2}$,50 $cm^{2}$,50000 $cm^{2}$,48,Unit Conversion,Multiple Choice,P3Q48_23
Which of these areas is the same as 0.1 $m^{2}$?,,1000 $cm^{2}$,10000 $cm^{2}$,100 $cm^{2}$,10 $cm^{2}$,1 $cm^{2}$,1000 $cm^{2}$,48,Unit Conversion,Multiple Choice,P3Q48_24
Which of these areas is the same as 0.25 $m^{2}$?,,2 $cm^{2}$,1250 $cm^{2}$,25000 $cm^{2}$,25 $cm^{2}$,2500 $cm^{2}$,2500 $cm^{2}$,48,Unit Conversion,Multiple Choice,P3Q48_25
Which of these areas is the same as 0.2 $m^{2}$?,,20000 $cm^{2}$,1000 $cm^{2}$,2000 $cm^{2}$,2 $cm^{2}$,200 $cm^{2}$,2000 $cm^{2}$,48,Unit Conversion,Multiple Choice,P3Q48_26
Which of these areas is the same as 0.8 $m^{2}$?,,8000 $cm^{2}$,80000 $cm^{2}$,4000 $cm^{2}$,800 $cm^{2}$,8 $cm^{2}$,8000 $cm^{2}$,48,Unit Conversion,Multiple Choice,P3Q48_27
Which of these areas is the same as 1.2 $m^{2}$?,,120000 $cm^{2}$,12 $cm^{2}$,1200 $cm^{2}$,6000 $cm^{2}$,12000 $cm^{2}$,12000 $cm^{2}$,48,Unit Conversion,Multiple Choice,P3Q48_28
Which of these areas is the same as 0.1 $m^{2}$?,,10000 $cm^{2}$,10 $cm^{2}$,1 $cm^{2}$,1000 $cm^{2}$,100 $cm^{2}$,1000 $cm^{2}$,48,Unit Conversion,Multiple Choice,P3Q48_29
Which of these areas is the same as 0.05 $m^{2}$?,,5000 $cm^{2}$,50 $cm^{2}$,0 $cm^{2}$,500 $cm^{2}$,5 $cm^{2}$,500 $cm^{2}$,48,Unit Conversion,Multiple Choice,P3Q48_30
Which of these areas is the same as 1.2 $m^{2}$?,,12000 $cm^{2}$,12 $cm^{2}$,1200 $cm^{2}$,6000 $cm^{2}$,120000 $cm^{2}$,12000 $cm^{2}$,48,Unit Conversion,Multiple Choice,P3Q48_31
Which of these areas is the same as 2.5 $m^{2}$?,,25 $cm^{2}$,12500 $cm^{2}$,2500 $cm^{2}$,25000 $cm^{2}$,250000 $cm^{2}$,25000 $cm^{2}$,48,Unit Conversion,Multiple Choice,P3Q48_32
Which of these areas is the same as 0.25 $m^{2}$?,,2 $cm^{2}$,1250 $cm^{2}$,25000 $cm^{2}$,25 $cm^{2}$,2500 $cm^{2}$,2500 $cm^{2}$,48,Unit Conversion,Multiple Choice,P3Q48_33
Which of these areas is the same as 0.5 $m^{2}$?,,5 $cm^{2}$,50000 $cm^{2}$,5000 $cm^{2}$,2500 $cm^{2}$,50 $cm^{2}$,5000 $cm^{2}$,48,Unit Conversion,Multiple Choice,P3Q48_34
Which of these areas is the same as 0.25 $m^{2}$?,,25000 $cm^{2}$,2500 $cm^{2}$,1250 $cm^{2}$,2 $cm^{2}$,25 $cm^{2}$,2500 $cm^{2}$,48,Unit Conversion,Multiple Choice,P3Q48_35
Which of these areas is the same as 0.2 $m^{2}$?,,20000 $cm^{2}$,200 $cm^{2}$,1000 $cm^{2}$,2 $cm^{2}$,2000 $cm^{2}$,2000 $cm^{2}$,48,Unit Conversion,Multiple Choice,P3Q48_36
Which of these areas is the same as 0.8 $m^{2}$?,,4000 $cm^{2}$,8000 $cm^{2}$,800 $cm^{2}$,8 $cm^{2}$,80000 $cm^{2}$,8000 $cm^{2}$,48,Unit Conversion,Multiple Choice,P3Q48_37
Which of these areas is the same as 0.8 $m^{2}$?,,800 $cm^{2}$,80000 $cm^{2}$,4000 $cm^{2}$,8000 $cm^{2}$,8 $cm^{2}$,8000 $cm^{2}$,48,Unit Conversion,Multiple Choice,P3Q48_38
Which of these areas is the same as 0.2 $m^{2}$?,,20000 $cm^{2}$,1000 $cm^{2}$,2000 $cm^{2}$,200 $cm^{2}$,2 $cm^{2}$,2000 $cm^{2}$,48,Unit Conversion,Multiple Choice,P3Q48_39
Which of these areas is the same as 1.2 $m^{2}$?,,12000 $cm^{2}$,12 $cm^{2}$,1200 $cm^{2}$,6000 $cm^{2}$,120000 $cm^{2}$,12000 $cm^{2}$,48,Unit Conversion,Multiple Choice,P3Q48_40
Which of these areas is the same as 0.4 $m^{2}$?,,40000 $cm^{2}$,400 $cm^{2}$,4 $cm^{2}$,40 $cm^{2}$,4000 $cm^{2}$,4000 $cm^{2}$,48,Unit Conversion,Multiple Choice,P3Q48_41
Which of these areas is the same as 0.1 $m^{2}$?,,100 $cm^{2}$,10000 $cm^{2}$,1 $cm^{2}$,10 $cm^{2}$,1000 $cm^{2}$,1000 $cm^{2}$,48,Unit Conversion,Multiple Choice,P3Q48_42
Which of these areas is the same as 10 $m^{2}$?,,100000 $cm^{2}$,1000 $cm^{2}$,100 $cm^{2}$,10000 $cm^{2}$,1000000 $cm^{2}$,100000 $cm^{2}$,48,Unit Conversion,Multiple Choice,P3Q48_43
Which of these areas is the same as 0.2 $m^{2}$?,,20000 $cm^{2}$,2 $cm^{2}$,2000 $cm^{2}$,1000 $cm^{2}$,200 $cm^{2}$,2000 $cm^{2}$,48,Unit Conversion,Multiple Choice,P3Q48_44
Which of these areas is the same as 0.1 $m^{2}$?,,1 $cm^{2}$,10000 $cm^{2}$,100 $cm^{2}$,10 $cm^{2}$,1000 $cm^{2}$,1000 $cm^{2}$,48,Unit Conversion,Multiple Choice,P3Q48_45
Which of these areas is the same as 10 $m^{2}$?,,1000 $cm^{2}$,100000 $cm^{2}$,10000 $cm^{2}$,1000000 $cm^{2}$,100 $cm^{2}$,100000 $cm^{2}$,48,Unit Conversion,Multiple Choice,P3Q48_46
Which of these areas is the same as 5 $m^{2}$?,,50000 $cm^{2}$,500000 $cm^{2}$,50 $cm^{2}$,5000 $cm^{2}$,25000 $cm^{2}$,50000 $cm^{2}$,48,Unit Conversion,Multiple Choice,P3Q48_47
Which of these areas is the same as 10 $m^{2}$?,,1000 $cm^{2}$,100 $cm^{2}$,1000000 $cm^{2}$,10000 $cm^{2}$,100000 $cm^{2}$,100000 $cm^{2}$,48,Unit Conversion,Multiple Choice,P3Q48_48
Which of these areas is the same as 0.1 $m^{2}$?,,1 $cm^{2}$,10 $cm^{2}$,1000 $cm^{2}$,100 $cm^{2}$,10000 $cm^{2}$,1000 $cm^{2}$,48,Unit Conversion,Multiple Choice,P3Q48_49
Which of these areas is the same as 0.25 $m^{2}$?,,25 $cm^{2}$,25000 $cm^{2}$,2 $cm^{2}$,2500 $cm^{2}$,1250 $cm^{2}$,2500 $cm^{2}$,48,Unit Conversion,Multiple Choice,P3Q48_50
"Joanne's mum and dad run a café.
Every day they use:

2 kg apples, which cost £2.50 per kg
5 kg oranges, which cost £2.50 per kg
5 kg bananas, which cost £2.00 per kg
4 kg grapes, which cost £3.50 per kg
3 kg strawberries, which cost £3.00 per kg

How much is their daily fruit bill?",,£50.50,£40.50,£19.00,£60.50,£13.50,£50.50,48,Money,Multiple Choice,P4Q48_1
"Joanne's mum and dad run a café.
Every day they use:

2 kg apples, which cost £1.50 per kg
5 kg oranges, which cost £2.50 per kg
3 kg bananas, which cost £1.20 per kg
2 kg grapes, which cost £3.50 per kg
3 kg strawberries, which cost £4.50 per kg

How much is their daily fruit bill?",,£13.20,£49.60,£39.60,£29.60,£15.00,£39.60,48,Money,Multiple Choice,P4Q48_2
"Joanne's mum and dad run a café.
Every day they use:

4 kg apples, which cost £2.50 per kg
3 kg oranges, which cost £3.00 per kg
5 kg bananas, which cost £1.50 per kg
4 kg grapes, which cost £4.00 per kg
3 kg strawberries, which cost £3.50 per kg

How much is their daily fruit bill?",,£43.00,£53.00,£14.50,£19.00,£63.00,£53.00,48,Money,Multiple Choice,P4Q48_3
"Joanne's mum and dad run a café.
Every day they use:

5 kg apples, which cost £1.50 per kg
5 kg oranges, which cost £3.00 per kg
5 kg bananas, which cost £1.50 per kg
4 kg grapes, which cost £4.00 per kg
1 kg strawberries, which cost £3.00 per kg

How much is their daily fruit bill?",,£49.00,£39.00,£20.00,£13.00,£59.00,£49.00,48,Money,Multiple Choice,P4Q48_4
"Joanne's mum and dad run a café.
Every day they use:

3 kg apples, which cost £2.50 per kg
4 kg oranges, which cost £2.00 per kg
5 kg bananas, which cost £1.20 per kg
2 kg grapes, which cost £4.00 per kg
1 kg strawberries, which cost £3.50 per kg

How much is their daily fruit bill?",,£23.00,£13.20,£33.00,£43.00,£15.00,£33.00,48,Money,Multiple Choice,P4Q48_5
"Joanne's mum and dad run a café.
Every day they use:

2 kg apples, which cost £2.50 per kg
4 kg oranges, which cost £3.00 per kg
4 kg bananas, which cost £1.50 per kg
2 kg grapes, which cost £5.00 per kg
3 kg strawberries, which cost £3.50 per kg

How much is their daily fruit bill?",,£43.50,£53.50,£15.50,£15.00,£33.50,£43.50,48,Money,Multiple Choice,P4Q48_6
"Joanne's mum and dad run a café.
Every day they use:

3 kg apples, which cost £2.30 per kg
3 kg oranges, which cost £2.00 per kg
5 kg bananas, which cost £2.00 per kg
2 kg grapes, which cost £5.00 per kg
3 kg strawberries, which cost £3.50 per kg

How much is their daily fruit bill?",,£53.40,£14.80,£33.40,£43.40,£16.00,£43.40,48,Money,Multiple Choice,P4Q48_7
"Joanne's mum and dad run a café.
Every day they use:

5 kg apples, which cost £2.50 per kg
4 kg oranges, which cost £3.00 per kg
3 kg bananas, which cost £2.00 per kg
4 kg grapes, which cost £3.50 per kg
2 kg strawberries, which cost £3.00 per kg

How much is their daily fruit bill?",,£50.50,£14.00,£40.50,£60.50,£18.00,£50.50,48,Money,Multiple Choice,P4Q48_8
"Joanne's mum and dad run a café.
Every day they use:

5 kg apples, which cost £1.50 per kg
5 kg oranges, which cost £3.00 per kg
6 kg bananas, which cost £1.50 per kg
4 kg grapes, which cost £4.00 per kg
3 kg strawberries, which cost £3.00 per kg

How much is their daily fruit bill?",,£56.50,£46.50,£66.50,£13.00,£23.00,£56.50,48,Money,Multiple Choice,P4Q48_9
"Joanne's mum and dad run a café.
Every day they use:

2 kg apples, which cost £2.30 per kg
5 kg oranges, which cost £3.00 per kg
3 kg bananas, which cost £1.50 per kg
2 kg grapes, which cost £3.50 per kg
2 kg strawberries, which cost £3.00 per kg

How much is their daily fruit bill?",,£47.10,£13.30,£14.00,£37.10,£27.10,£37.10,48,Money,Multiple Choice,P4Q48_10
"Joanne's mum and dad run a café.
Every day they use:

3 kg apples, which cost £1.50 per kg
4 kg oranges, which cost £2.50 per kg
4 kg bananas, which cost £1.50 per kg
3 kg grapes, which cost £3.50 per kg
1 kg strawberries, which cost £3.50 per kg

How much is their daily fruit bill?",,£34.50,£44.50,£15.00,£24.50,£12.50,£34.50,48,Money,Multiple Choice,P4Q48_11
"Joanne's mum and dad run a café.
Every day they use:

2 kg apples, which cost £2.50 per kg
6 kg oranges, which cost £2.50 per kg
3 kg bananas, which cost £1.20 per kg
4 kg grapes, which cost £4.00 per kg
1 kg strawberries, which cost £3.50 per kg

How much is their daily fruit bill?",,£43.10,£33.10,£53.10,£13.70,£16.00,£43.10,48,Money,Multiple Choice,P4Q48_12
"Joanne's mum and dad run a café.
Every day they use:

2 kg apples, which cost £2.50 per kg
3 kg oranges, which cost £2.50 per kg
6 kg bananas, which cost £1.20 per kg
2 kg grapes, which cost £3.50 per kg
1 kg strawberries, which cost £4.50 per kg

How much is their daily fruit bill?",,£14.20,£31.20,£41.20,£14.00,£21.20,£31.20,48,Money,Multiple Choice,P4Q48_13
"Joanne's mum and dad run a café.
Every day they use:

2 kg apples, which cost £2.50 per kg
6 kg oranges, which cost £2.50 per kg
4 kg bananas, which cost £1.20 per kg
2 kg grapes, which cost £3.50 per kg
2 kg strawberries, which cost £4.50 per kg

How much is their daily fruit bill?",,£50.80,£16.00,£14.20,£30.80,£40.80,£40.80,48,Money,Multiple Choice,P4Q48_14
"Joanne's mum and dad run a café.
Every day they use:

3 kg apples, which cost £1.50 per kg
6 kg oranges, which cost £2.50 per kg
5 kg bananas, which cost £2.00 per kg
3 kg grapes, which cost £3.50 per kg
2 kg strawberries, which cost £4.50 per kg

How much is their daily fruit bill?",,£59.00,£49.00,£39.00,£14.00,£19.00,£49.00,48,Money,Multiple Choice,P4Q48_15
"Joanne's mum and dad run a café.
Every day they use:

4 kg apples, which cost £2.50 per kg
3 kg oranges, which cost £2.00 per kg
4 kg bananas, which cost £1.50 per kg
3 kg grapes, which cost £4.00 per kg
3 kg strawberries, which cost £3.50 per kg

How much is their daily fruit bill?",,£44.50,£13.50,£17.00,£54.50,£34.50,£44.50,48,Money,Multiple Choice,P4Q48_16
"Joanne's mum and dad run a café.
Every day they use:

4 kg apples, which cost £1.50 per kg
4 kg oranges, which cost £3.00 per kg
4 kg bananas, which cost £1.20 per kg
2 kg grapes, which cost £4.00 per kg
1 kg strawberries, which cost £4.50 per kg

How much is their daily fruit bill?",,£25.30,£45.30,£15.00,£14.20,£35.30,£35.30,48,Money,Multiple Choice,P4Q48_17
"Joanne's mum and dad run a café.
Every day they use:

5 kg apples, which cost £2.50 per kg
4 kg oranges, which cost £2.00 per kg
4 kg bananas, which cost £2.00 per kg
4 kg grapes, which cost £3.50 per kg
2 kg strawberries, which cost £4.50 per kg

How much is their daily fruit bill?",,£14.50,£41.50,£19.00,£51.50,£61.50,£51.50,48,Money,Multiple Choice,P4Q48_18
"Joanne's mum and dad run a café.
Every day they use:

2 kg apples, which cost £2.30 per kg
6 kg oranges, which cost £2.50 per kg
4 kg bananas, which cost £1.50 per kg
2 kg grapes, which cost £5.00 per kg
1 kg strawberries, which cost £3.00 per kg

How much is their daily fruit bill?",,£15.00,£14.30,£28.60,£38.60,£48.60,£38.60,48,Money,Multiple Choice,P4Q48_19
"Joanne's mum and dad run a café.
Every day they use:

3 kg apples, which cost £1.50 per kg
6 kg oranges, which cost £2.00 per kg
5 kg bananas, which cost £2.00 per kg
4 kg grapes, which cost £4.00 per kg
1 kg strawberries, which cost £3.00 per kg

How much is their daily fruit bill?",,£12.50,£35.50,£45.50,£19.00,£55.50,£45.50,48,Money,Multiple Choice,P4Q48_20
"Joanne's mum and dad run a café.
Every day they use:

3 kg apples, which cost £1.50 per kg
4 kg oranges, which cost £2.00 per kg
6 kg bananas, which cost £1.50 per kg
2 kg grapes, which cost £4.00 per kg
3 kg strawberries, which cost £3.00 per kg

How much is their daily fruit bill?",,£38.50,£28.50,£48.50,£12.00,£18.00,£38.50,48,Money,Multiple Choice,P4Q48_21
"Joanne's mum and dad run a café.
Every day they use:

4 kg apples, which cost £2.50 per kg
5 kg oranges, which cost £3.00 per kg
6 kg bananas, which cost £2.00 per kg
4 kg grapes, which cost £4.00 per kg
2 kg strawberries, which cost £3.00 per kg

How much is their daily fruit bill?",,£21.00,£49.00,£14.50,£69.00,£59.00,£59.00,48,Money,Multiple Choice,P4Q48_22
"Joanne's mum and dad run a café.
Every day they use:

3 kg apples, which cost £2.50 per kg
6 kg oranges, which cost £2.50 per kg
5 kg bananas, which cost £1.20 per kg
2 kg grapes, which cost £5.00 per kg
2 kg strawberries, which cost £3.00 per kg

How much is their daily fruit bill?",,£18.00,£54.50,£44.50,£14.20,£34.50,£44.50,48,Money,Multiple Choice,P4Q48_23
"Joanne's mum and dad run a café.
Every day they use:

2 kg apples, which cost £1.50 per kg
4 kg oranges, which cost £2.50 per kg
3 kg bananas, which cost £1.50 per kg
2 kg grapes, which cost £3.50 per kg
1 kg strawberries, which cost £3.50 per kg

How much is their daily fruit bill?",,£18.00,£12.00,£28.00,£12.50,£38.00,£28.00,48,Money,Multiple Choice,P4Q48_24
"Joanne's mum and dad run a café.
Every day they use:

4 kg apples, which cost £2.30 per kg
3 kg oranges, which cost £3.00 per kg
3 kg bananas, which cost £1.20 per kg
4 kg grapes, which cost £4.00 per kg
3 kg strawberries, which cost £3.00 per kg

How much is their daily fruit bill?",,£17.00,£56.80,£36.80,£46.80,£13.50,£46.80,48,Money,Multiple Choice,P4Q48_25
"Joanne's mum and dad run a café.
Every day they use:

3 kg apples, which cost £2.30 per kg
4 kg oranges, which cost £2.50 per kg
3 kg bananas, which cost £1.20 per kg
2 kg grapes, which cost £3.50 per kg
2 kg strawberries, which cost £3.50 per kg

How much is their daily fruit bill?",,£34.50,£13.00,£14.00,£44.50,£24.50,£34.50,48,Money,Multiple Choice,P4Q48_26
"Joanne's mum and dad run a café.
Every day they use:

2 kg apples, which cost £2.50 per kg
4 kg oranges, which cost £2.50 per kg
4 kg bananas, which cost £1.50 per kg
4 kg grapes, which cost £5.00 per kg
1 kg strawberries, which cost £3.50 per kg

How much is their daily fruit bill?",,£54.50,£34.50,£44.50,£15.00,£48.50,£44.50,48,Money,Multiple Choice,P4Q48_27
"Joanne's mum and dad run a café.
Every day they use:

4 kg apples, which cost £2.30 per kg
3 kg oranges, which cost £2.50 per kg
4 kg bananas, which cost £2.00 per kg
4 kg grapes, which cost £3.50 per kg
2 kg strawberries, which cost £3.50 per kg

How much is their daily fruit bill?",,£35.70,£45.70,£17.00,£55.70,£13.80,£45.70,48,Money,Multiple Choice,P4Q48_28
"Joanne's mum and dad run a café.
Every day they use:

4 kg apples, which cost £2.30 per kg
5 kg oranges, which cost £2.50 per kg
6 kg bananas, which cost £1.50 per kg
3 kg grapes, which cost £5.00 per kg
1 kg strawberries, which cost £3.00 per kg

How much is their daily fruit bill?",,£19.00,£58.70,£14.30,£38.70,£48.70,£48.70,48,Money,Multiple Choice,P4Q48_29
"Joanne's mum and dad run a café.
Every day they use:

4 kg apples, which cost £1.50 per kg
5 kg oranges, which cost £2.50 per kg
3 kg bananas, which cost £2.00 per kg
3 kg grapes, which cost £4.00 per kg
3 kg strawberries, which cost £4.50 per kg

How much is their daily fruit bill?",,£60.00,£18.00,£40.00,£14.50,£50.00,£50.00,48,Money,Multiple Choice,P4Q48_30
"Joanne's mum and dad run a café.
Every day they use:

4 kg apples, which cost £2.50 per kg
5 kg oranges, which cost £3.00 per kg
4 kg bananas, which cost £1.20 per kg
2 kg grapes, which cost £3.50 per kg
1 kg strawberries, which cost £3.00 per kg

How much is their daily fruit bill?",,£29.80,£39.80,£49.80,£13.20,£16.00,£39.80,48,Money,Multiple Choice,P4Q48_31
"Joanne's mum and dad run a café.
Every day they use:

3 kg apples, which cost £1.50 per kg
4 kg oranges, which cost £3.00 per kg
3 kg bananas, which cost £2.00 per kg
2 kg grapes, which cost £5.00 per kg
1 kg strawberries, which cost £3.00 per kg

How much is their daily fruit bill?",,£35.50,£25.50,£14.50,£45.50,£13.00,£35.50,48,Money,Multiple Choice,P4Q48_32
"Joanne's mum and dad run a café.
Every day they use:

5 kg apples, which cost £2.50 per kg
3 kg oranges, which cost £3.00 per kg
6 kg bananas, which cost £1.20 per kg
4 kg grapes, which cost £5.00 per kg
1 kg strawberries, which cost £3.00 per kg

How much is their daily fruit bill?",,£51.70,£41.70,£14.70,£61.70,£19.00,£51.70,48,Money,Multiple Choice,P4Q48_33
"Joanne's mum and dad run a café.
Every day they use:

4 kg apples, which cost £2.30 per kg
5 kg oranges, which cost £2.50 per kg
5 kg bananas, which cost £2.00 per kg
4 kg grapes, which cost £5.00 per kg
1 kg strawberries, which cost £3.00 per kg

How much is their daily fruit bill?",,£14.80,£54.70,£64.70,£44.70,£19.00,£54.70,48,Money,Multiple Choice,P4Q48_34
"Joanne's mum and dad run a café.
Every day they use:

4 kg apples, which cost £1.50 per kg
6 kg oranges, which cost £2.50 per kg
6 kg bananas, which cost £1.50 per kg
4 kg grapes, which cost £5.00 per kg
1 kg strawberries, which cost £3.50 per kg

How much is their daily fruit bill?",,£14.00,£53.50,£63.50,£43.50,£21.00,£53.50,48,Money,Multiple Choice,P4Q48_35
"Joanne's mum and dad run a café.
Every day they use:

3 kg apples, which cost £2.50 per kg
3 kg oranges, which cost £3.00 per kg
5 kg bananas, which cost £1.50 per kg
3 kg grapes, which cost £5.00 per kg
1 kg strawberries, which cost £3.00 per kg

How much is their daily fruit bill?",,£32.00,£45.00,£42.00,£52.00,£15.00,£42.00,48,Money,Multiple Choice,P4Q48_36
"Joanne's mum and dad run a café.
Every day they use:

5 kg apples, which cost £2.50 per kg
4 kg oranges, which cost £2.00 per kg
4 kg bananas, which cost £1.20 per kg
4 kg grapes, which cost £5.00 per kg
2 kg strawberries, which cost £3.50 per kg

How much is their daily fruit bill?",,£19.00,£14.20,£52.30,£62.30,£42.30,£52.30,48,Money,Multiple Choice,P4Q48_37
"Joanne's mum and dad run a café.
Every day they use:

3 kg apples, which cost £2.30 per kg
4 kg oranges, which cost £2.00 per kg
3 kg bananas, which cost £1.50 per kg
4 kg grapes, which cost £5.00 per kg
1 kg strawberries, which cost £3.00 per kg

How much is their daily fruit bill?",,£15.00,£42.40,£52.40,£13.80,£32.40,£42.40,48,Money,Multiple Choice,P4Q48_38
"Joanne's mum and dad run a café.
Every day they use:

2 kg apples, which cost £2.50 per kg
5 kg oranges, which cost £2.00 per kg
4 kg bananas, which cost £1.50 per kg
2 kg grapes, which cost £3.50 per kg
2 kg strawberries, which cost £3.50 per kg

How much is their daily fruit bill?",,£13.00,£45.00,£25.00,£35.00,£15.00,£35.00,48,Money,Multiple Choice,P4Q48_39
"Joanne's mum and dad run a café.
Every day they use:

5 kg apples, which cost £1.50 per kg
4 kg oranges, which cost £2.00 per kg
5 kg bananas, which cost £1.50 per kg
4 kg grapes, which cost £4.00 per kg
3 kg strawberries, which cost £4.50 per kg

How much is their daily fruit bill?",,£52.50,£42.50,£21.00,£13.50,£62.50,£52.50,48,Money,Multiple Choice,P4Q48_40
"Joanne's mum and dad run a café.
Every day they use:

4 kg apples, which cost £2.30 per kg
6 kg oranges, which cost £2.00 per kg
4 kg bananas, which cost £1.50 per kg
2 kg grapes, which cost £4.00 per kg
2 kg strawberries, which cost £3.00 per kg

How much is their daily fruit bill?",,£41.20,£51.20,£31.20,£12.80,£18.00,£41.20,48,Money,Multiple Choice,P4Q48_41
"Joanne's mum and dad run a café.
Every day they use:

5 kg apples, which cost £2.30 per kg
6 kg oranges, which cost £2.00 per kg
4 kg bananas, which cost £1.20 per kg
2 kg grapes, which cost £5.00 per kg
2 kg strawberries, which cost £4.50 per kg

How much is their daily fruit bill?",,£57.30,£15.00,£37.30,£19.00,£47.30,£47.30,48,Money,Multiple Choice,P4Q48_42
"Joanne's mum and dad run a café.
Every day they use:

4 kg apples, which cost £1.50 per kg
5 kg oranges, which cost £2.50 per kg
6 kg bananas, which cost £2.00 per kg
4 kg grapes, which cost £4.00 per kg
3 kg strawberries, which cost £4.50 per kg

How much is their daily fruit bill?",,£14.50,£50.00,£22.00,£70.00,£60.00,£60.00,48,Money,Multiple Choice,P4Q48_43
"Joanne's mum and dad run a café.
Every day they use:

5 kg apples, which cost £2.50 per kg
4 kg oranges, which cost £2.00 per kg
5 kg bananas, which cost £1.20 per kg
3 kg grapes, which cost £4.00 per kg
3 kg strawberries, which cost £3.00 per kg

How much is their daily fruit bill?",,£57.50,£20.00,£47.50,£37.50,£12.70,£47.50,48,Money,Multiple Choice,P4Q48_44
"Joanne's mum and dad run a café.
Every day they use:

2 kg apples, which cost £2.30 per kg
6 kg oranges, which cost £2.00 per kg
4 kg bananas, which cost £2.00 per kg
3 kg grapes, which cost £3.50 per kg
3 kg strawberries, which cost £3.50 per kg

How much is their daily fruit bill?",,£18.00,£45.60,£13.30,£35.60,£55.60,£45.60,48,Money,Multiple Choice,P4Q48_45
"Joanne's mum and dad run a café.
Every day they use:

4 kg apples, which cost £2.30 per kg
3 kg oranges, which cost £3.00 per kg
3 kg bananas, which cost £2.00 per kg
4 kg grapes, which cost £5.00 per kg
2 kg strawberries, which cost £3.00 per kg

How much is their daily fruit bill?",,£50.20,£16.00,£60.20,£15.30,£40.20,£50.20,48,Money,Multiple Choice,P4Q48_46
"Joanne's mum and dad run a café.
Every day they use:

4 kg apples, which cost £2.30 per kg
4 kg oranges, which cost £2.00 per kg
3 kg bananas, which cost £1.50 per kg
2 kg grapes, which cost £3.50 per kg
3 kg strawberries, which cost £4.50 per kg

How much is their daily fruit bill?",,£52.20,£13.80,£42.20,£16.00,£32.20,£42.20,48,Money,Multiple Choice,P4Q48_47
"Joanne's mum and dad run a café.
Every day they use:

5 kg apples, which cost £1.50 per kg
3 kg oranges, which cost £3.00 per kg
5 kg bananas, which cost £1.50 per kg
2 kg grapes, which cost £5.00 per kg
2 kg strawberries, which cost £4.50 per kg

How much is their daily fruit bill?",,£43.00,£33.00,£53.00,£17.00,£15.50,£43.00,48,Money,Multiple Choice,P4Q48_48
"Joanne's mum and dad run a café.
Every day they use:

5 kg apples, which cost £2.30 per kg
3 kg oranges, which cost £2.50 per kg
3 kg bananas, which cost £1.50 per kg
2 kg grapes, which cost £5.00 per kg
2 kg strawberries, which cost £3.50 per kg

How much is their daily fruit bill?",,£40.50,£14.80,£30.50,£15.00,£50.50,£40.50,48,Money,Multiple Choice,P4Q48_49
"Joanne's mum and dad run a café.
Every day they use:

4 kg apples, which cost £2.30 per kg
3 kg oranges, which cost £3.00 per kg
4 kg bananas, which cost £1.20 per kg
4 kg grapes, which cost £5.00 per kg
2 kg strawberries, which cost £4.50 per kg

How much is their daily fruit bill?",,£16.00,£62.00,£52.00,£17.00,£42.00,£52.00,48,Money,Multiple Choice,P4Q48_50
Which of the above solids has more faces than vertices?,P2Q49_1.png,A,B,C,D,E,C,49,3D Shapes,Image,P2Q49_1
Which of the above solids has more faces than vertices?,P2Q49_2.png,A,B,C,D,E,A,49,3D Shapes,Image,P2Q49_2
Which of the above solids has more faces than vertices?,P2Q49_3.png,A,B,C,D,E,E,49,3D Shapes,Image,P2Q49_3
Which of the above solids has more faces than vertices?,P2Q49_4.png,A,B,C,D,E,D,49,3D Shapes,Image,P2Q49_4
Which of the above solids has more faces than vertices?,P2Q49_5.png,A,B,C,D,E,E,49,3D Shapes,Image,P2Q49_5
Which of the above solids has more faces than vertices?,P2Q49_6.png,A,B,C,D,E,E,49,3D Shapes,Image,P2Q49_6
Which of the above solids has more faces than vertices?,P2Q49_7.png,A,B,C,D,E,E,49,3D Shapes,Image,P2Q49_7
Which of the above solids has more faces than vertices?,P2Q49_8.png,A,B,C,D,E,E,49,3D Shapes,Image,P2Q49_8
Which of the above solids has more faces than vertices?,P2Q49_9.png,A,B,C,D,E,A,49,3D Shapes,Image,P2Q49_9
Which of the above solids has more faces than vertices?,P2Q49_10.png,A,B,C,D,E,B,49,3D Shapes,Image,P2Q49_10
Which of the above solids has more faces than vertices?,P2Q49_11.png,A,B,C,D,E,E,49,3D Shapes,Image,P2Q49_11
Which of the above solids has more faces than vertices?,P2Q49_12.png,A,B,C,D,E,A,49,3D Shapes,Image,P2Q49_12
Which of the above solids has more faces than vertices?,P2Q49_13.png,A,B,C,D,E,E,49,3D Shapes,Image,P2Q49_13
Which of the above solids has more faces than vertices?,P2Q49_14.png,A,B,C,D,E,C,49,3D Shapes,Image,P2Q49_14
Which of the above solids has more faces than vertices?,P2Q49_15.png,A,B,C,D,E,B,49,3D Shapes,Image,P2Q49_15
Which of the above solids has more faces than vertices?,P2Q49_16.png,A,B,C,D,E,E,49,3D Shapes,Image,P2Q49_16
Which of the above solids has more faces than vertices?,P2Q49_17.png,A,B,C,D,E,B,49,3D Shapes,Image,P2Q49_17
Which of the above solids has more faces than vertices?,P2Q49_18.png,A,B,C,D,E,D,49,3D Shapes,Image,P2Q49_18
Which of the above solids has more faces than vertices?,P2Q49_19.png,A,B,C,D,E,D,49,3D Shapes,Image,P2Q49_19
Which of the above solids has more faces than vertices?,P2Q49_20.png,A,B,C,D,E,E,49,3D Shapes,Image,P2Q49_20
Four of the above shapes have the same perimeter. Which shape has a different perimeter from the others?,P3Q49_1.png,A,B,C,D,E,A,49,Perimeter,Multiple Choice,P3Q49_1
Four of the above shapes have the same perimeter. Which shape has a different perimeter from the others?,P3Q49_2.png,A,B,C,D,E,D,49,Perimeter,Multiple Choice,P3Q49_2
Four of the above shapes have the same perimeter. Which shape has a different perimeter from the others?,P3Q49_3.png,A,B,C,D,E,E,49,Perimeter,Multiple Choice,P3Q49_3
Four of the above shapes have the same perimeter. Which shape has a different perimeter from the others?,P3Q49_4.png,A,B,C,D,E,C,49,Perimeter,Multiple Choice,P3Q49_4
Four of the above shapes have the same perimeter. Which shape has a different perimeter from the others?,P3Q49_5.png,A,B,C,D,E,A,49,Perimeter,Multiple Choice,P3Q49_5
Four of the above shapes have the same perimeter. Which shape has a different perimeter from the others?,P3Q49_6.png,A,B,C,D,E,C,49,Perimeter,Multiple Choice,P3Q49_6
Four of the above shapes have the same perimeter. Which shape has a different perimeter from the others?,P3Q49_7.png,A,B,C,D,E,E,49,Perimeter,Multiple Choice,P3Q49_7
Four of the above shapes have the same perimeter. Which shape has a different perimeter from the others?,P3Q49_8.png,A,B,C,D,E,E,49,Perimeter,Multiple Choice,P3Q49_8
Four of the above shapes have the same perimeter. Which shape has a different perimeter from the others?,P3Q49_9.png,A,B,C,D,E,C,49,Perimeter,Multiple Choice,P3Q49_9
Four of the above shapes have the same perimeter. Which shape has a different perimeter from the others?,P3Q49_10.png,A,B,C,D,E,C,49,Perimeter,Multiple Choice,P3Q49_10
Four of the above shapes have the same perimeter. Which shape has a different perimeter from the others?,P3Q49_11.png,A,B,C,D,E,C,49,Perimeter,Multiple Choice,P3Q49_11
Four of the above shapes have the same perimeter. Which shape has a different perimeter from the others?,P3Q49_12.png,A,B,C,D,E,E,49,Perimeter,Multiple Choice,P3Q49_12
Four of the above shapes have the same perimeter. Which shape has a different perimeter from the others?,P3Q49_13.png,A,B,C,D,E,C,49,Perimeter,Multiple Choice,P3Q49_13
Four of the above shapes have the same perimeter. Which shape has a different perimeter from the others?,P3Q49_14.png,A,B,C,D,E,B,49,Perimeter,Multiple Choice,P3Q49_14
Four of the above shapes have the same perimeter. Which shape has a different perimeter from the others?,P3Q49_15.png,A,B,C,D,E,B,49,Perimeter,Multiple Choice,P3Q49_15
Four of the above shapes have the same perimeter. Which shape has a different perimeter from the others?,P3Q49_16.png,A,B,C,D,E,A,49,Perimeter,Multiple Choice,P3Q49_16
Four of the above shapes have the same perimeter. Which shape has a different perimeter from the others?,P3Q49_17.png,A,B,C,D,E,B,49,Perimeter,Multiple Choice,P3Q49_17
Four of the above shapes have the same perimeter. Which shape has a different perimeter from the others?,P3Q49_18.png,A,B,C,D,E,D,49,Perimeter,Multiple Choice,P3Q49_18
Four of the above shapes have the same perimeter. Which shape has a different perimeter from the others?,P3Q49_19.png,A,B,C,D,E,C,49,Perimeter,Multiple Choice,P3Q49_19
Four of the above shapes have the same perimeter. Which shape has a different perimeter from the others?,P3Q49_20.png,A,B,C,D,E,D,49,Perimeter,Multiple Choice,P3Q49_20
Which of these has the greatest value?,,20% of 200,0.2 of 200,89,$\frac{1}{2}$ of 200,$\frac{2}{10}$ of 200,$\frac{1}{2}$ of 200,49,"Fractions, Decimals, Percentages",Multiple Choice,P4Q49_1
Which of these has the greatest value?,,$\frac{1}{2}$ of 300,137,30% of 300,0.2 of 300,$\frac{2}{10}$ of 300,$\frac{1}{2}$ of 300,49,"Fractions, Decimals, Percentages",Multiple Choice,P4Q49_2
Which of these has the greatest value?,,25% of 200,$\frac{2}{10}$ of 200,0.2 of 200,$\frac{1}{2}$ of 200,92,$\frac{1}{2}$ of 200,49,"Fractions, Decimals, Percentages",Multiple Choice,P4Q49_3
Which of these has the greatest value?,,$\frac{1}{2}$ of 120,$\frac{2}{10}$ of 120,30% of 120,0.2 of 120,45,$\frac{1}{2}$ of 120,49,"Fractions, Decimals, Percentages",Multiple Choice,P4Q49_4
Which of these has the greatest value?,,0.2 of 240,101,25% of 240,$\frac{2}{10}$ of 240,$\frac{1}{2}$ of 240,$\frac{1}{2}$ of 240,49,"Fractions, Decimals, Percentages",Multiple Choice,P4Q49_5
Which of these has the greatest value?,,30% of 300,$\frac{1}{2}$ of 300,137,$\frac{2}{10}$ of 300,0.2 of 300,$\frac{1}{2}$ of 300,49,"Fractions, Decimals, Percentages",Multiple Choice,P4Q49_6
Which of these has the greatest value?,,25% of 100,$\frac{2}{10}$ of 100,0.2 of 100,43,$\frac{1}{2}$ of 100,$\frac{1}{2}$ of 100,49,"Fractions, Decimals, Percentages",Multiple Choice,P4Q49_7
Which of these has the greatest value?,,$\frac{2}{10}$ of 240,101,0.2 of 240,25% of 240,$\frac{1}{2}$ of 240,$\frac{1}{2}$ of 240,49,"Fractions, Decimals, Percentages",Multiple Choice,P4Q49_8
Which of these has the greatest value?,,131,$\frac{2}{10}$ of 300,0.2 of 300,$\frac{1}{2}$ of 300,20% of 300,$\frac{1}{2}$ of 300,49,"Fractions, Decimals, Percentages",Multiple Choice,P4Q49_9
Which of these has the greatest value?,,$\frac{2}{10}$ of 200,$\frac{1}{2}$ of 200,0.2 of 200,30% of 200,90,$\frac{1}{2}$ of 200,49,"Fractions, Decimals, Percentages",Multiple Choice,P4Q49_10
Which of these has the greatest value?,,0.2 of 100,41,30% of 100,$\frac{1}{2}$ of 100,$\frac{2}{10}$ of 100,$\frac{1}{2}$ of 100,49,"Fractions, Decimals, Percentages",Multiple Choice,P4Q49_11
Which of these has the greatest value?,,30% of 220,99,0.2 of 220,$\frac{2}{10}$ of 220,$\frac{1}{2}$ of 220,$\frac{1}{2}$ of 220,49,"Fractions, Decimals, Percentages",Multiple Choice,P4Q49_12
Which of these has the greatest value?,,0.2 of 200,25% of 200,$\frac{2}{10}$ of 200,$\frac{1}{2}$ of 200,83,$\frac{1}{2}$ of 200,49,"Fractions, Decimals, Percentages",Multiple Choice,P4Q49_13
Which of these has the greatest value?,,33,25% of 100,$\frac{1}{2}$ of 100,$\frac{2}{10}$ of 100,0.2 of 100,$\frac{1}{2}$ of 100,49,"Fractions, Decimals, Percentages",Multiple Choice,P4Q49_14
Which of these has the greatest value?,,$\frac{2}{10}$ of 240,0.2 of 240,106,30% of 240,$\frac{1}{2}$ of 240,$\frac{1}{2}$ of 240,49,"Fractions, Decimals, Percentages",Multiple Choice,P4Q49_15
Which of these has the greatest value?,,$\frac{1}{2}$ of 240,108,0.2 of 240,$\frac{2}{10}$ of 240,30% of 240,$\frac{1}{2}$ of 240,49,"Fractions, Decimals, Percentages",Multiple Choice,P4Q49_16
Which of these has the greatest value?,,$\frac{2}{10}$ of 240,30% of 240,0.2 of 240,104,$\frac{1}{2}$ of 240,$\frac{1}{2}$ of 240,49,"Fractions, Decimals, Percentages",Multiple Choice,P4Q49_17
Which of these has the greatest value?,,30% of 200,0.2 of 200,$\frac{2}{10}$ of 200,$\frac{1}{2}$ of 200,88,$\frac{1}{2}$ of 200,49,"Fractions, Decimals, Percentages",Multiple Choice,P4Q49_18
Which of these has the greatest value?,,41,25% of 120,$\frac{2}{10}$ of 120,$\frac{1}{2}$ of 120,0.2 of 120,$\frac{1}{2}$ of 120,49,"Fractions, Decimals, Percentages",Multiple Choice,P4Q49_19
Which of these has the greatest value?,,$\frac{2}{10}$ of 100,$\frac{1}{2}$ of 100,32,25% of 100,0.2 of 100,$\frac{1}{2}$ of 100,49,"Fractions, Decimals, Percentages",Multiple Choice,P4Q49_20
Which of these has the greatest value?,,$\frac{1}{2}$ of 300,0.2 of 300,25% of 300,$\frac{2}{10}$ of 300,139,$\frac{1}{2}$ of 300,49,"Fractions, Decimals, Percentages",Multiple Choice,P4Q49_21
Which of these has the greatest value?,,102,0.2 of 240,$\frac{2}{10}$ of 240,$\frac{1}{2}$ of 240,20% of 240,$\frac{1}{2}$ of 240,49,"Fractions, Decimals, Percentages",Multiple Choice,P4Q49_22
Which of these has the greatest value?,,33,$\frac{2}{10}$ of 100,$\frac{1}{2}$ of 100,0.2 of 100,30% of 100,$\frac{1}{2}$ of 100,49,"Fractions, Decimals, Percentages",Multiple Choice,P4Q49_23
Which of these has the greatest value?,,112,$\frac{1}{2}$ of 240,20% of 240,$\frac{2}{10}$ of 240,0.2 of 240,$\frac{1}{2}$ of 240,49,"Fractions, Decimals, Percentages",Multiple Choice,P4Q49_24
Which of these has the greatest value?,,40,$\frac{1}{2}$ of 100,$\frac{2}{10}$ of 100,30% of 100,0.2 of 100,$\frac{1}{2}$ of 100,49,"Fractions, Decimals, Percentages",Multiple Choice,P4Q49_25
Which of these has the greatest value?,,30% of 100,42,$\frac{2}{10}$ of 100,0.2 of 100,$\frac{1}{2}$ of 100,$\frac{1}{2}$ of 100,49,"Fractions, Decimals, Percentages",Multiple Choice,P4Q49_26
Which of these has the greatest value?,,101,$\frac{1}{2}$ of 240,30% of 240,$\frac{2}{10}$ of 240,0.2 of 240,$\frac{1}{2}$ of 240,49,"Fractions, Decimals, Percentages",Multiple Choice,P4Q49_27
Which of these has the greatest value?,,94,$\frac{1}{2}$ of 200,30% of 200,$\frac{2}{10}$ of 200,0.2 of 200,$\frac{1}{2}$ of 200,49,"Fractions, Decimals, Percentages",Multiple Choice,P4Q49_28
Which of these has the greatest value?,,$\frac{2}{10}$ of 120,$\frac{1}{2}$ of 120,20% of 120,0.2 of 120,42,$\frac{1}{2}$ of 120,49,"Fractions, Decimals, Percentages",Multiple Choice,P4Q49_29
Which of these has the greatest value?,,$\frac{2}{10}$ of 100,$\frac{1}{2}$ of 100,25% of 100,0.2 of 100,32,$\frac{1}{2}$ of 100,49,"Fractions, Decimals, Percentages",Multiple Choice,P4Q49_30
Which of these has the greatest value?,,25% of 200,$\frac{2}{10}$ of 200,86,$\frac{1}{2}$ of 200,0.2 of 200,$\frac{1}{2}$ of 200,49,"Fractions, Decimals, Percentages",Multiple Choice,P4Q49_31
Which of these has the greatest value?,,99,0.2 of 220,30% of 220,$\frac{1}{2}$ of 220,$\frac{2}{10}$ of 220,$\frac{1}{2}$ of 220,49,"Fractions, Decimals, Percentages",Multiple Choice,P4Q49_32
Which of these has the greatest value?,,141,20% of 300,0.2 of 300,$\frac{2}{10}$ of 300,$\frac{1}{2}$ of 300,$\frac{1}{2}$ of 300,49,"Fractions, Decimals, Percentages",Multiple Choice,P4Q49_33
Which of these has the greatest value?,,$\frac{1}{2}$ of 100,0.2 of 100,38,30% of 100,$\frac{2}{10}$ of 100,$\frac{1}{2}$ of 100,49,"Fractions, Decimals, Percentages",Multiple Choice,P4Q49_34
Which of these has the greatest value?,,0.2 of 220,92,30% of 220,$\frac{1}{2}$ of 220,$\frac{2}{10}$ of 220,$\frac{1}{2}$ of 220,49,"Fractions, Decimals, Percentages",Multiple Choice,P4Q49_35
Which of these has the greatest value?,,0.2 of 120,$\frac{1}{2}$ of 120,$\frac{2}{10}$ of 120,43,20% of 120,$\frac{1}{2}$ of 120,49,"Fractions, Decimals, Percentages",Multiple Choice,P4Q49_36
Which of these has the greatest value?,,0.2 of 120,$\frac{1}{2}$ of 120,30% of 120,52,$\frac{2}{10}$ of 120,$\frac{1}{2}$ of 120,49,"Fractions, Decimals, Percentages",Multiple Choice,P4Q49_37
Which of these has the greatest value?,,20% of 220,$\frac{1}{2}$ of 220,$\frac{2}{10}$ of 220,0.2 of 220,94,$\frac{1}{2}$ of 220,49,"Fractions, Decimals, Percentages",Multiple Choice,P4Q49_38
Which of these has the greatest value?,,41,20% of 100,$\frac{1}{2}$ of 100,0.2 of 100,$\frac{2}{10}$ of 100,$\frac{1}{2}$ of 100,49,"Fractions, Decimals, Percentages",Multiple Choice,P4Q49_39
Which of these has the greatest value?,,$\frac{1}{2}$ of 220,97,0.2 of 220,20% of 220,$\frac{2}{10}$ of 220,$\frac{1}{2}$ of 220,49,"Fractions, Decimals, Percentages",Multiple Choice,P4Q49_40
Which of these has the greatest value?,,42,0.2 of 120,$\frac{2}{10}$ of 120,25% of 120,$\frac{1}{2}$ of 120,$\frac{1}{2}$ of 120,49,"Fractions, Decimals, Percentages",Multiple Choice,P4Q49_41
Which of these has the greatest value?,,50,$\frac{1}{2}$ of 120,30% of 120,$\frac{2}{10}$ of 120,0.2 of 120,$\frac{1}{2}$ of 120,49,"Fractions, Decimals, Percentages",Multiple Choice,P4Q49_42
Which of these has the greatest value?,,94,$\frac{1}{2}$ of 200,$\frac{2}{10}$ of 200,0.2 of 200,20% of 200,$\frac{1}{2}$ of 200,49,"Fractions, Decimals, Percentages",Multiple Choice,P4Q49_43
Which of these has the greatest value?,,0.2 of 220,20% of 220,$\frac{1}{2}$ of 220,$\frac{2}{10}$ of 220,97,$\frac{1}{2}$ of 220,49,"Fractions, Decimals, Percentages",Multiple Choice,P4Q49_44
Which of these has the greatest value?,,$\frac{1}{2}$ of 300,25% of 300,143,0.2 of 300,$\frac{2}{10}$ of 300,$\frac{1}{2}$ of 300,49,"Fractions, Decimals, Percentages",Multiple Choice,P4Q49_45
Which of these has the greatest value?,,$\frac{2}{10}$ of 100,0.2 of 100,42,$\frac{1}{2}$ of 100,20% of 100,$\frac{1}{2}$ of 100,49,"Fractions, Decimals, Percentages",Multiple Choice,P4Q49_46
Which of these has the greatest value?,,30% of 220,0.2 of 220,$\frac{2}{10}$ of 220,$\frac{1}{2}$ of 220,103,$\frac{1}{2}$ of 220,49,"Fractions, Decimals, Percentages",Multiple Choice,P4Q49_47
Which of these has the greatest value?,,0.2 of 240,$\frac{1}{2}$ of 240,108,20% of 240,$\frac{2}{10}$ of 240,$\frac{1}{2}$ of 240,49,"Fractions, Decimals, Percentages",Multiple Choice,P4Q49_48
Which of these has the greatest value?,,$\frac{2}{10}$ of 300,20% of 300,0.2 of 300,142,$\frac{1}{2}$ of 300,$\frac{1}{2}$ of 300,49,"Fractions, Decimals, Percentages",Multiple Choice,P4Q49_49
Which of these has the greatest value?,,$\frac{2}{10}$ of 120,52,25% of 120,$\frac{1}{2}$ of 120,0.2 of 120,$\frac{1}{2}$ of 120,49,"Fractions, Decimals, Percentages",Multiple Choice,P4Q49_50
Ben divided a whole number less than 250 by a whole number greater than 15. The result was a whole number. What is the largest possible result of Ben's division?,,14,15,19,18,16,15,50,Number Theory,Text,P2Q50_1
Amul divided a whole number less than 300 by a whole number greater than 12. The result was a whole number. What is the largest possible result of Amul's division?,,23,24,22,27,21,23,50,Number Theory,Text,P2Q50_2
Cindy divided a whole number less than 300 by a whole number greater than 20. The result was a whole number. What is the largest possible result of Cindy's division?,,19,15,14,18,13,14,50,Number Theory,Text,P2Q50_3
Ben divided a whole number less than 250 by a whole number greater than 12. The result was a whole number. What is the largest possible result of Ben's division?,,18,19,20,22,17,19,50,Number Theory,Text,P2Q50_4
Cindy divided a whole number less than 300 by a whole number greater than 10. The result was a whole number. What is the largest possible result of Cindy's division?,,26,27,24,29,28,27,50,Number Theory,Text,P2Q50_5
Dan divided a whole number less than 150 by a whole number greater than 12. The result was a whole number. What is the largest possible result of Dan's division?,,10,11,16,15,12,11,50,Number Theory,Text,P2Q50_6
Dan divided a whole number less than 200 by a whole number greater than 12. The result was a whole number. What is the largest possible result of Dan's division?,,16,19,14,18,15,15,50,Number Theory,Text,P2Q50_7
Amul divided a whole number less than 150 by a whole number greater than 15. The result was a whole number. What is the largest possible result of Amul's division?,,14,10,8,9,14,9,50,Number Theory,Text,P2Q50_8
Amul divided a whole number less than 200 by a whole number greater than 15. The result was a whole number. What is the largest possible result of Amul's division?,,11,15,17,12,13,12,50,Number Theory,Text,P2Q50_9
Ben divided a whole number less than 200 by a whole number greater than 15. The result was a whole number. What is the largest possible result of Ben's division?,,13,17,11,12,17,12,50,Number Theory,Text,P2Q50_10
Cindy divided a whole number less than 300 by a whole number greater than 12. The result was a whole number. What is the largest possible result of Cindy's division?,,24,22,27,21,23,23,50,Number Theory,Text,P2Q50_11
Amul divided a whole number less than 200 by a whole number greater than 15. The result was a whole number. What is the largest possible result of Amul's division?,,13,14,12,14,11,12,50,Number Theory,Text,P2Q50_12
Amul divided a whole number less than 200 by a whole number greater than 12. The result was a whole number. What is the largest possible result of Amul's division?,,16,17,14,15,19,15,50,Number Theory,Text,P2Q50_13
Cindy divided a whole number less than 200 by a whole number greater than 15. The result was a whole number. What is the largest possible result of Cindy's division?,,13,17,14,12,11,12,50,Number Theory,Text,P2Q50_14
Cindy divided a whole number less than 250 by a whole number greater than 20. The result was a whole number. What is the largest possible result of Cindy's division?,,14,10,12,11,13,11,50,Number Theory,Text,P2Q50_15
Amul divided a whole number less than 200 by a whole number greater than 12. The result was a whole number. What is the largest possible result of Amul's division?,,15,16,18,20,14,15,50,Number Theory,Text,P2Q50_16
Ben divided a whole number less than 300 by a whole number greater than 15. The result was a whole number. What is the largest possible result of Ben's division?,,18,22,22,17,19,18,50,Number Theory,Text,P2Q50_17
Cindy divided a whole number less than 250 by a whole number greater than 10. The result was a whole number. What is the largest possible result of Cindy's division?,,20,21,22,23,24,22,50,Number Theory,Text,P2Q50_18
Cindy divided a whole number less than 250 by a whole number greater than 20. The result was a whole number. What is the largest possible result of Cindy's division?,,12,14,14,10,11,11,50,Number Theory,Text,P2Q50_19
Dan divided a whole number less than 200 by a whole number greater than 20. The result was a whole number. What is the largest possible result of Dan's division?,,9,13,14,8,10,9,50,Number Theory,Text,P2Q50_20
Cindy divided a whole number less than 300 by a whole number greater than 12. The result was a whole number. What is the largest possible result of Cindy's division?,,22,24,23,28,21,23,50,Number Theory,Text,P2Q50_21
Dan divided a whole number less than 250 by a whole number greater than 10. The result was a whole number. What is the largest possible result of Dan's division?,,24,20,22,23,21,22,50,Number Theory,Text,P2Q50_22
Ben divided a whole number less than 300 by a whole number greater than 15. The result was a whole number. What is the largest possible result of Ben's division?,,17,18,21,19,23,18,50,Number Theory,Text,P2Q50_23
Ben divided a whole number less than 200 by a whole number greater than 20. The result was a whole number. What is the largest possible result of Ben's division?,,10,9,11,13,8,9,50,Number Theory,Text,P2Q50_24
Dan divided a whole number less than 250 by a whole number greater than 15. The result was a whole number. What is the largest possible result of Dan's division?,,15,14,18,17,16,15,50,Number Theory,Text,P2Q50_25
Ben divided a whole number less than 200 by a whole number greater than 20. The result was a whole number. What is the largest possible result of Ben's division?,,8,10,13,14,9,9,50,Number Theory,Text,P2Q50_26
Dan divided a whole number less than 150 by a whole number greater than 15. The result was a whole number. What is the largest possible result of Dan's division?,,10,14,12,9,8,9,50,Number Theory,Text,P2Q50_27
Dan divided a whole number less than 250 by a whole number greater than 20. The result was a whole number. What is the largest possible result of Dan's division?,,15,10,16,12,11,11,50,Number Theory,Text,P2Q50_28
Cindy divided a whole number less than 150 by a whole number greater than 10. The result was a whole number. What is the largest possible result of Cindy's division?,,15,12,14,15,13,13,50,Number Theory,Text,P2Q50_29
Ben divided a whole number less than 300 by a whole number greater than 15. The result was a whole number. What is the largest possible result of Ben's division?,,18,19,21,20,17,18,50,Number Theory,Text,P2Q50_30
Amul divided a whole number less than 150 by a whole number greater than 12. The result was a whole number. What is the largest possible result of Amul's division?,,13,15,11,10,12,11,50,Number Theory,Text,P2Q50_31
Amul divided a whole number less than 150 by a whole number greater than 12. The result was a whole number. What is the largest possible result of Amul's division?,,10,11,13,12,16,11,50,Number Theory,Text,P2Q50_32
Dan divided a whole number less than 200 by a whole number greater than 15. The result was a whole number. What is the largest possible result of Dan's division?,,12,11,15,17,13,12,50,Number Theory,Text,P2Q50_33
Amul divided a whole number less than 250 by a whole number greater than 15. The result was a whole number. What is the largest possible result of Amul's division?,,16,19,14,17,15,15,50,Number Theory,Text,P2Q50_34
Amul divided a whole number less than 250 by a whole number greater than 12. The result was a whole number. What is the largest possible result of Amul's division?,,17,20,19,18,23,19,50,Number Theory,Text,P2Q50_35
Cindy divided a whole number less than 200 by a whole number greater than 20. The result was a whole number. What is the largest possible result of Cindy's division?,,8,10,12,11,9,9,50,Number Theory,Text,P2Q50_36
Ben divided a whole number less than 250 by a whole number greater than 20. The result was a whole number. What is the largest possible result of Ben's division?,,11,10,15,12,14,11,50,Number Theory,Text,P2Q50_37
Ben divided a whole number less than 300 by a whole number greater than 12. The result was a whole number. What is the largest possible result of Ben's division?,,21,27,22,24,23,23,50,Number Theory,Text,P2Q50_38
Amul divided a whole number less than 250 by a whole number greater than 15. The result was a whole number. What is the largest possible result of Amul's division?,,20,14,18,15,16,15,50,Number Theory,Text,P2Q50_39
Ben divided a whole number less than 200 by a whole number greater than 12. The result was a whole number. What is the largest possible result of Ben's division?,,16,17,15,14,17,15,50,Number Theory,Text,P2Q50_40
Dan divided a whole number less than 300 by a whole number greater than 20. The result was a whole number. What is the largest possible result of Dan's division?,,17,15,18,13,14,14,50,Number Theory,Text,P2Q50_41
Cindy divided a whole number less than 200 by a whole number greater than 12. The result was a whole number. What is the largest possible result of Cindy's division?,,16,15,18,14,17,15,50,Number Theory,Text,P2Q50_42
Dan divided a whole number less than 250 by a whole number greater than 10. The result was a whole number. What is the largest possible result of Dan's division?,,21,22,24,20,23,22,50,Number Theory,Text,P2Q50_43
Amul divided a whole number less than 200 by a whole number greater than 20. The result was a whole number. What is the largest possible result of Amul's division?,,11,9,8,14,10,9,50,Number Theory,Text,P2Q50_44
Dan divided a whole number less than 150 by a whole number greater than 20. The result was a whole number. What is the largest possible result of Dan's division?,,12,12,7,8,6,7,50,Number Theory,Text,P2Q50_45
Dan divided a whole number less than 200 by a whole number greater than 10. The result was a whole number. What is the largest possible result of Dan's division?,,17,18,20,16,19,18,50,Number Theory,Text,P2Q50_46
Cindy divided a whole number less than 150 by a whole number greater than 15. The result was a whole number. What is the largest possible result of Cindy's division?,,13,8,11,9,10,9,50,Number Theory,Text,P2Q50_47
Dan divided a whole number less than 300 by a whole number greater than 10. The result was a whole number. What is the largest possible result of Dan's division?,,26,28,24,29,27,27,50,Number Theory,Text,P2Q50_48
Ben divided a whole number less than 250 by a whole number greater than 15. The result was a whole number. What is the largest possible result of Ben's division?,,16,15,18,14,18,15,50,Number Theory,Text,P2Q50_49
Cindy divided a whole number less than 200 by a whole number greater than 12. The result was a whole number. What is the largest possible result of Cindy's division?,,17,20,16,15,14,15,50,Number Theory,Text,P2Q50_50
"Ben and Lucy each start to grow a plant on the same day. After one week, both plants are 8 centimetres tall. During the next few weeks, Ben's plant grows 4 centimetres per week and Lucy's grows 5.5 centimetres per week. When the plants are 5 weeks old, how much taller is Lucy's plant than Ben's, in centimetres?",,7.5 cm,6 cm,5 cm,5.9 cm,6.2 cm,6 cm,50,Word Problems (Arithmetic),Text,P3Q50_1
"Tom and Sarah each start to grow a plant on the same day. After one week, both plants are 3 centimetres tall. During the next few weeks, Tom's plant grows 3 centimetres per week and Sarah's grows 4.5 centimetres per week. When the plants are 6 weeks old, how much taller is Sarah's plant than Tom's, in centimetres?",,7.5 cm,7 cm,5.5 cm,7.4 cm,7.6 cm,7.5 cm,50,Word Problems (Arithmetic),Text,P3Q50_2
"Ben and Lucy each start to grow a plant on the same day. After one week, both plants are 9 centimetres tall. During the next few weeks, Ben's plant grows 6 centimetres per week and Lucy's grows 7.5 centimetres per week. When the plants are 4 weeks old, how much taller is Lucy's plant than Ben's, in centimetres?",,4.5 cm,5.5 cm,4.6 cm,6.5 cm,6 cm,4.5 cm,50,Word Problems (Arithmetic),Text,P3Q50_3
"Jack and Chloe each start to grow a plant on the same day. After one week, both plants are 6 centimetres tall. During the next few weeks, Jack's plant grows 3 centimetres per week and Chloe's grows 2.5 centimetres per week. When the plants are 4 weeks old, how much taller is Chloe's plant than Jack's, in centimetres?",,1.5 cm,2.5 cm,1 cm,3 cm,1.7 cm,1.5 cm,50,Word Problems (Arithmetic),Text,P3Q50_4
"Ben and Lucy each start to grow a plant on the same day. After one week, both plants are 7 centimetres tall. During the next few weeks, Ben's plant grows 5 centimetres per week and Lucy's grows 3.5 centimetres per week. When the plants are 3 weeks old, how much taller is Lucy's plant than Ben's, in centimetres?",,3.5 cm,3.2 cm,3 cm,4.5 cm,2.8 cm,3 cm,50,Word Problems (Arithmetic),Text,P3Q50_5
"Jack and Chloe each start to grow a plant on the same day. After one week, both plants are 7 centimetres tall. During the next few weeks, Jack's plant grows 3 centimetres per week and Chloe's grows 6.5 centimetres per week. When the plants are 6 weeks old, how much taller is Chloe's plant than Jack's, in centimetres?",,19 cm,17.7 cm,17.3 cm,17.5 cm,17.4 cm,17.5 cm,50,Word Problems (Arithmetic),Text,P3Q50_6
"Ravi and Mia each start to grow a plant on the same day. After one week, both plants are 8 centimetres tall. During the next few weeks, Ravi's plant grows 4 centimetres per week and Mia's grows 5.5 centimetres per week. When the plants are 3 weeks old, how much taller is Mia's plant than Ravi's, in centimetres?",,2.9 cm,3 cm,4 cm,2.5 cm,3.1 cm,3 cm,50,Word Problems (Arithmetic),Text,P3Q50_7
"Jack and Chloe each start to grow a plant on the same day. After one week, both plants are 3 centimetres tall. During the next few weeks, Jack's plant grows 5 centimetres per week and Chloe's grows 2.5 centimetres per week. When the plants are 6 weeks old, how much taller is Chloe's plant than Jack's, in centimetres?",,12.5 cm,13 cm,14 cm,12.3 cm,12.6 cm,12.5 cm,50,Word Problems (Arithmetic),Text,P3Q50_8
"Joshua and Emma each start to grow a plant on the same day. After one week, both plants are 6 centimetres tall. During the next few weeks, Joshua's plant grows 4 centimetres per week and Emma's grows 2.5 centimetres per week. When the plants are 4 weeks old, how much taller is Emma's plant than Joshua's, in centimetres?",,4.5 cm,3 cm,2.5 cm,4.4 cm,4.3 cm,4.5 cm,50,Word Problems (Arithmetic),Text,P3Q50_9
"Ravi and Mia each start to grow a plant on the same day. After one week, both plants are 10 centimetres tall. During the next few weeks, Ravi's plant grows 2 centimetres per week and Mia's grows 5.5 centimetres per week. When the plants are 6 weeks old, how much taller is Mia's plant than Ravi's, in centimetres?",,17.5 cm,17.4 cm,18 cm,15.5 cm,19.5 cm,17.5 cm,50,Word Problems (Arithmetic),Text,P3Q50_10
"Joshua and Emma each start to grow a plant on the same day. After one week, both plants are 5 centimetres tall. During the next few weeks, Joshua's plant grows 4 centimetres per week and Emma's grows 5.5 centimetres per week. When the plants are 4 weeks old, how much taller is Emma's plant than Joshua's, in centimetres?",,4.7 cm,6.5 cm,4 cm,4.5 cm,3.5 cm,4.5 cm,50,Word Problems (Arithmetic),Text,P3Q50_11
"Ravi and Mia each start to grow a plant on the same day. After one week, both plants are 6 centimetres tall. During the next few weeks, Ravi's plant grows 6 centimetres per week and Mia's grows 3.5 centimetres per week. When the plants are 5 weeks old, how much taller is Mia's plant than Ravi's, in centimetres?",,10.5 cm,9.5 cm,9.8 cm,9.9 cm,10 cm,10 cm,50,Word Problems (Arithmetic),Text,P3Q50_12
"Tom and Sarah each start to grow a plant on the same day. After one week, both plants are 7 centimetres tall. During the next few weeks, Tom's plant grows 2 centimetres per week and Sarah's grows 3.5 centimetres per week. When the plants are 3 weeks old, how much taller is Sarah's plant than Tom's, in centimetres?",,4 cm,2.5 cm,2.8 cm,3 cm,2.9 cm,3 cm,50,Word Problems (Arithmetic),Text,P3Q50_13
"Jack and Chloe each start to grow a plant on the same day. After one week, both plants are 10 centimetres tall. During the next few weeks, Jack's plant grows 6 centimetres per week and Chloe's grows 4.5 centimetres per week. When the plants are 6 weeks old, how much taller is Chloe's plant than Jack's, in centimetres?",,7.5 cm,9.5 cm,7.3 cm,7.6 cm,7.4 cm,7.5 cm,50,Word Problems (Arithmetic),Text,P3Q50_14
"Ravi and Mia each start to grow a plant on the same day. After one week, both plants are 7 centimetres tall. During the next few weeks, Ravi's plant grows 3 centimetres per week and Mia's grows 2.5 centimetres per week. When the plants are 3 weeks old, how much taller is Mia's plant than Ravi's, in centimetres?",,0.8 cm,1 cm,1.1 cm,1.2 cm,0.5 cm,1 cm,50,Word Problems (Arithmetic),Text,P3Q50_15
"Joshua and Emma each start to grow a plant on the same day. After one week, both plants are 5 centimetres tall. During the next few weeks, Joshua's plant grows 5 centimetres per week and Emma's grows 6.5 centimetres per week. When the plants are 3 weeks old, how much taller is Emma's plant than Joshua's, in centimetres?",,2.5 cm,3 cm,1.5 cm,2.8 cm,4 cm,3 cm,50,Word Problems (Arithmetic),Text,P3Q50_16
"Joshua and Emma each start to grow a plant on the same day. After one week, both plants are 10 centimetres tall. During the next few weeks, Joshua's plant grows 5 centimetres per week and Emma's grows 6.5 centimetres per week. When the plants are 5 weeks old, how much taller is Emma's plant than Joshua's, in centimetres?",,8 cm,4 cm,6.1 cm,5.9 cm,6 cm,6 cm,50,Word Problems (Arithmetic),Text,P3Q50_17
"Jack and Chloe each start to grow a plant on the same day. After one week, both plants are 9 centimetres tall. During the next few weeks, Jack's plant grows 2 centimetres per week and Chloe's grows 6.5 centimetres per week. When the plants are 4 weeks old, how much taller is Chloe's plant than Jack's, in centimetres?",,15 cm,14 cm,13.6 cm,13.5 cm,15.5 cm,13.5 cm,50,Word Problems (Arithmetic),Text,P3Q50_18
"Tom and Sarah each start to grow a plant on the same day. After one week, both plants are 7 centimetres tall. During the next few weeks, Tom's plant grows 3 centimetres per week and Sarah's grows 6.5 centimetres per week. When the plants are 3 weeks old, how much taller is Sarah's plant than Tom's, in centimetres?",,5 cm,8.5 cm,6 cm,7 cm,5.5 cm,7 cm,50,Word Problems (Arithmetic),Text,P3Q50_19
"Joshua and Emma each start to grow a plant on the same day. After one week, both plants are 4 centimetres tall. During the next few weeks, Joshua's plant grows 2 centimetres per week and Emma's grows 4.5 centimetres per week. When the plants are 5 weeks old, how much taller is Emma's plant than Joshua's, in centimetres?",,12 cm,10.1 cm,10 cm,8.5 cm,9.8 cm,10 cm,50,Word Problems (Arithmetic),Text,P3Q50_20
"Ben and Lucy each start to grow a plant on the same day. After one week, both plants are 6 centimetres tall. During the next few weeks, Ben's plant grows 2 centimetres per week and Lucy's grows 3.5 centimetres per week. When the plants are 3 weeks old, how much taller is Lucy's plant than Ben's, in centimetres?",,2.9 cm,4.5 cm,1.5 cm,3 cm,2 cm,3 cm,50,Word Problems (Arithmetic),Text,P3Q50_21
"Ben and Lucy each start to grow a plant on the same day. After one week, both plants are 5 centimetres tall. During the next few weeks, Ben's plant grows 4 centimetres per week and Lucy's grows 6.5 centimetres per week. When the plants are 5 weeks old, how much taller is Lucy's plant than Ben's, in centimetres?",,8.5 cm,11 cm,10 cm,9.9 cm,9 cm,10 cm,50,Word Problems (Arithmetic),Text,P3Q50_22
"Jack and Chloe each start to grow a plant on the same day. After one week, both plants are 5 centimetres tall. During the next few weeks, Jack's plant grows 3 centimetres per week and Chloe's grows 6.5 centimetres per week. When the plants are 3 weeks old, how much taller is Chloe's plant than Jack's, in centimetres?",,8 cm,5 cm,7 cm,6.8 cm,6 cm,7 cm,50,Word Problems (Arithmetic),Text,P3Q50_23
"Joshua and Emma each start to grow a plant on the same day. After one week, both plants are 10 centimetres tall. During the next few weeks, Joshua's plant grows 3 centimetres per week and Emma's grows 5.5 centimetres per week. When the plants are 5 weeks old, how much taller is Emma's plant than Joshua's, in centimetres?",,10.1 cm,9.5 cm,10 cm,10.2 cm,9 cm,10 cm,50,Word Problems (Arithmetic),Text,P3Q50_24
"Jack and Chloe each start to grow a plant on the same day. After one week, both plants are 4 centimetres tall. During the next few weeks, Jack's plant grows 2 centimetres per week and Chloe's grows 5.5 centimetres per week. When the plants are 3 weeks old, how much taller is Chloe's plant than Jack's, in centimetres?",,7 cm,6.5 cm,7.5 cm,5 cm,5.5 cm,7 cm,50,Word Problems (Arithmetic),Text,P3Q50_25
"Jack and Chloe each start to grow a plant on the same day. After one week, both plants are 8 centimetres tall. During the next few weeks, Jack's plant grows 5 centimetres per week and Chloe's grows 2.5 centimetres per week. When the plants are 4 weeks old, how much taller is Chloe's plant than Jack's, in centimetres?",,7.3 cm,6 cm,9 cm,5.5 cm,7.5 cm,7.5 cm,50,Word Problems (Arithmetic),Text,P3Q50_26
"Ben and Lucy each start to grow a plant on the same day. After one week, both plants are 7 centimetres tall. During the next few weeks, Ben's plant grows 3 centimetres per week and Lucy's grows 2.5 centimetres per week. When the plants are 5 weeks old, how much taller is Lucy's plant than Ben's, in centimetres?",,0.5 cm,2 cm,1 cm,1.8 cm,3.5 cm,2 cm,50,Word Problems (Arithmetic),Text,P3Q50_27
"Jack and Chloe each start to grow a plant on the same day. After one week, both plants are 4 centimetres tall. During the next few weeks, Jack's plant grows 2 centimetres per week and Chloe's grows 4.5 centimetres per week. When the plants are 4 weeks old, how much taller is Chloe's plant than Jack's, in centimetres?",,7 cm,7.7 cm,7.5 cm,7.4 cm,9 cm,7.5 cm,50,Word Problems (Arithmetic),Text,P3Q50_28
"Joshua and Emma each start to grow a plant on the same day. After one week, both plants are 8 centimetres tall. During the next few weeks, Joshua's plant grows 5 centimetres per week and Emma's grows 6.5 centimetres per week. When the plants are 3 weeks old, how much taller is Emma's plant than Joshua's, in centimetres?",,4.5 cm,5 cm,3 cm,2.5 cm,2.8 cm,3 cm,50,Word Problems (Arithmetic),Text,P3Q50_29
"Jack and Chloe each start to grow a plant on the same day. After one week, both plants are 9 centimetres tall. During the next few weeks, Jack's plant grows 4 centimetres per week and Chloe's grows 5.5 centimetres per week. When the plants are 5 weeks old, how much taller is Chloe's plant than Jack's, in centimetres?",,4 cm,6.2 cm,5.9 cm,6 cm,5.5 cm,6 cm,50,Word Problems (Arithmetic),Text,P3Q50_30
"Tom and Sarah each start to grow a plant on the same day. After one week, both plants are 4 centimetres tall. During the next few weeks, Tom's plant grows 4 centimetres per week and Sarah's grows 3.5 centimetres per week. When the plants are 5 weeks old, how much taller is Sarah's plant than Tom's, in centimetres?",,4 cm,2 cm,3 cm,2.2 cm,3.5 cm,2 cm,50,Word Problems (Arithmetic),Text,P3Q50_31
"Tom and Sarah each start to grow a plant on the same day. After one week, both plants are 4 centimetres tall. During the next few weeks, Tom's plant grows 4 centimetres per week and Sarah's grows 3.5 centimetres per week. When the plants are 5 weeks old, how much taller is Sarah's plant than Tom's, in centimetres?",,1.9 cm,3 cm,2.5 cm,2 cm,0.5 cm,2 cm,50,Word Problems (Arithmetic),Text,P3Q50_32
"Joshua and Emma each start to grow a plant on the same day. After one week, both plants are 3 centimetres tall. During the next few weeks, Joshua's plant grows 6 centimetres per week and Emma's grows 4.5 centimetres per week. When the plants are 4 weeks old, how much taller is Emma's plant than Joshua's, in centimetres?",,4.5 cm,5 cm,2.5 cm,4.3 cm,4.7 cm,4.5 cm,50,Word Problems (Arithmetic),Text,P3Q50_33
"Ravi and Mia each start to grow a plant on the same day. After one week, both plants are 3 centimetres tall. During the next few weeks, Ravi's plant grows 2 centimetres per week and Mia's grows 5.5 centimetres per week. When the plants are 4 weeks old, how much taller is Mia's plant than Ravi's, in centimetres?",,10 cm,11 cm,12.5 cm,10.5 cm,9.5 cm,10.5 cm,50,Word Problems (Arithmetic),Text,P3Q50_34
"Jack and Chloe each start to grow a plant on the same day. After one week, both plants are 8 centimetres tall. During the next few weeks, Jack's plant grows 2 centimetres per week and Chloe's grows 4.5 centimetres per week. When the plants are 3 weeks old, how much taller is Chloe's plant than Jack's, in centimetres?",,3.5 cm,5 cm,4 cm,5.1 cm,6.5 cm,5 cm,50,Word Problems (Arithmetic),Text,P3Q50_35
"Joshua and Emma each start to grow a plant on the same day. After one week, both plants are 7 centimetres tall. During the next few weeks, Joshua's plant grows 4 centimetres per week and Emma's grows 5.5 centimetres per week. When the plants are 6 weeks old, how much taller is Emma's plant than Joshua's, in centimetres?",,6.5 cm,7.3 cm,9 cm,7.5 cm,5.5 cm,7.5 cm,50,Word Problems (Arithmetic),Text,P3Q50_36
"Ravi and Mia each start to grow a plant on the same day. After one week, both plants are 10 centimetres tall. During the next few weeks, Ravi's plant grows 4 centimetres per week and Mia's grows 5.5 centimetres per week. When the plants are 4 weeks old, how much taller is Mia's plant than Ravi's, in centimetres?",,4.5 cm,4.3 cm,6.5 cm,3.5 cm,5 cm,4.5 cm,50,Word Problems (Arithmetic),Text,P3Q50_37
"Ben and Lucy each start to grow a plant on the same day. After one week, both plants are 8 centimetres tall. During the next few weeks, Ben's plant grows 6 centimetres per week and Lucy's grows 7.5 centimetres per week. When the plants are 3 weeks old, how much taller is Lucy's plant than Ben's, in centimetres?",,3.5 cm,4.5 cm,3 cm,2.5 cm,2 cm,3 cm,50,Word Problems (Arithmetic),Text,P3Q50_38
"Tom and Sarah each start to grow a plant on the same day. After one week, both plants are 10 centimetres tall. During the next few weeks, Tom's plant grows 2 centimetres per week and Sarah's grows 5.5 centimetres per week. When the plants are 3 weeks old, how much taller is Sarah's plant than Tom's, in centimetres?",,7.5 cm,7.2 cm,7 cm,5 cm,6.5 cm,7 cm,50,Word Problems (Arithmetic),Text,P3Q50_39
"Ravi and Mia each start to grow a plant on the same day. After one week, both plants are 10 centimetres tall. During the next few weeks, Ravi's plant grows 3 centimetres per week and Mia's grows 2.5 centimetres per week. When the plants are 6 weeks old, how much taller is Mia's plant than Ravi's, in centimetres?",,2.7 cm,0.5 cm,2.3 cm,2.5 cm,3.5 cm,2.5 cm,50,Word Problems (Arithmetic),Text,P3Q50_40
"Ben and Lucy each start to grow a plant on the same day. After one week, both plants are 8 centimetres tall. During the next few weeks, Ben's plant grows 6 centimetres per week and Lucy's grows 2.5 centimetres per week. When the plants are 5 weeks old, how much taller is Lucy's plant than Ben's, in centimetres?",,16 cm,14.5 cm,13.9 cm,15.5 cm,14 cm,14 cm,50,Word Problems (Arithmetic),Text,P3Q50_41
"Joshua and Emma each start to grow a plant on the same day. After one week, both plants are 5 centimetres tall. During the next few weeks, Joshua's plant grows 2 centimetres per week and Emma's grows 6.5 centimetres per week. When the plants are 4 weeks old, how much taller is Emma's plant than Joshua's, in centimetres?",,12 cm,13.5 cm,13 cm,14.5 cm,13.7 cm,13.5 cm,50,Word Problems (Arithmetic),Text,P3Q50_42
"Tom and Sarah each start to grow a plant on the same day. After one week, both plants are 9 centimetres tall. During the next few weeks, Tom's plant grows 6 centimetres per week and Sarah's grows 3.5 centimetres per week. When the plants are 6 weeks old, how much taller is Sarah's plant than Tom's, in centimetres?",,13 cm,12.6 cm,12.3 cm,10.5 cm,12.5 cm,12.5 cm,50,Word Problems (Arithmetic),Text,P3Q50_43
"Ben and Lucy each start to grow a plant on the same day. After one week, both plants are 7 centimetres tall. During the next few weeks, Ben's plant grows 4 centimetres per week and Lucy's grows 6.5 centimetres per week. When the plants are 4 weeks old, how much taller is Lucy's plant than Ben's, in centimetres?",,9.5 cm,7.5 cm,7.4 cm,7.6 cm,5.5 cm,7.5 cm,50,Word Problems (Arithmetic),Text,P3Q50_44
"Jack and Chloe each start to grow a plant on the same day. After one week, both plants are 7 centimetres tall. During the next few weeks, Jack's plant grows 5 centimetres per week and Chloe's grows 6.5 centimetres per week. When the plants are 4 weeks old, how much taller is Chloe's plant than Jack's, in centimetres?",,4 cm,4.5 cm,6 cm,4.4 cm,4.6 cm,4.5 cm,50,Word Problems (Arithmetic),Text,P3Q50_45
"Joshua and Emma each start to grow a plant on the same day. After one week, both plants are 7 centimetres tall. During the next few weeks, Joshua's plant grows 5 centimetres per week and Emma's grows 6.5 centimetres per week. When the plants are 4 weeks old, how much taller is Emma's plant than Joshua's, in centimetres?",,4.5 cm,4.7 cm,4.4 cm,3 cm,4 cm,4.5 cm,50,Word Problems (Arithmetic),Text,P3Q50_46
"Jack and Chloe each start to grow a plant on the same day. After one week, both plants are 4 centimetres tall. During the next few weeks, Jack's plant grows 5 centimetres per week and Chloe's grows 3.5 centimetres per week. When the plants are 4 weeks old, how much taller is Chloe's plant than Jack's, in centimetres?",,6.5 cm,2.5 cm,4.7 cm,5.5 cm,4.5 cm,4.5 cm,50,Word Problems (Arithmetic),Text,P3Q50_47
"Tom and Sarah each start to grow a plant on the same day. After one week, both plants are 8 centimetres tall. During the next few weeks, Tom's plant grows 5 centimetres per week and Sarah's grows 2.5 centimetres per week. When the plants are 5 weeks old, how much taller is Sarah's plant than Tom's, in centimetres?",,10.5 cm,9.9 cm,11 cm,10 cm,11.5 cm,10 cm,50,Word Problems (Arithmetic),Text,P3Q50_48
"Jack and Chloe each start to grow a plant on the same day. After one week, both plants are 7 centimetres tall. During the next few weeks, Jack's plant grows 2 centimetres per week and Chloe's grows 5.5 centimetres per week. When the plants are 3 weeks old, how much taller is Chloe's plant than Jack's, in centimetres?",,7 cm,6.9 cm,6.8 cm,5.5 cm,6 cm,7 cm,50,Word Problems (Arithmetic),Text,P3Q50_49
"Ravi and Mia each start to grow a plant on the same day. After one week, both plants are 8 centimetres tall. During the next few weeks, Ravi's plant grows 4 centimetres per week and Mia's grows 3.5 centimetres per week. When the plants are 5 weeks old, how much taller is Mia's plant than Ravi's, in centimetres?",,1.5 cm,3.5 cm,2.1 cm,0.5 cm,2 cm,2 cm,50,Word Problems (Arithmetic),Text,P3Q50_50
"The area of the shaded triangle is 150 cm².
What is the area of the large triangle?",P4Q50_1.png,150 cm²,450 cm²,600 cm²,1200 cm²,300 cm²,600 cm²,50,Geometry - Area,Multiple Choice,P4Q50_1
"The area of the shaded triangle is 200 mm².
What is the area of the large triangle?",P4Q50_1.png,600 mm²,892 mm²,400 mm²,800 mm²,200 mm²,800 mm²,50,Geometry - Area,Multiple Choice,P4Q50_2
"The area of the shaded triangle is 150 mm².
What is the area of the large triangle?",P4Q50_1.png,617 mm²,150 mm²,600 mm²,450 mm²,1200 mm²,600 mm²,50,Geometry - Area,Multiple Choice,P4Q50_3
"The area of the shaded triangle is 50 mm².
What is the area of the large triangle?",P4Q50_1.png,100 mm²,400 mm²,200 mm²,50 mm²,295 mm²,200 mm²,50,Geometry - Area,Multiple Choice,P4Q50_4
"The area of the shaded triangle is 100 cm².
What is the area of the large triangle?",P4Q50_1.png,400 cm²,800 cm²,200 cm²,100 cm²,495 cm²,400 cm²,50,Geometry - Area,Multiple Choice,P4Q50_5
"The area of the shaded triangle is 150 mm².
What is the area of the large triangle?",P4Q50_1.png,150 mm²,700 mm²,600 mm²,1200 mm²,300 mm²,600 mm²,50,Geometry - Area,Multiple Choice,P4Q50_6
"The area of the shaded triangle is 300 cm².
What is the area of the large triangle?",P4Q50_1.png,2400 cm²,1223 cm²,1200 cm²,300 cm²,600 cm²,1200 cm²,50,Geometry - Area,Multiple Choice,P4Q50_7
"The area of the shaded triangle is 200 cm².
What is the area of the large triangle?",P4Q50_1.png,200 cm²,400 cm²,800 cm²,600 cm²,854 cm²,800 cm²,50,Geometry - Area,Multiple Choice,P4Q50_8
"The area of the shaded triangle is 300 mm².
What is the area of the large triangle?",P4Q50_1.png,1200 mm²,300 mm²,2400 mm²,600 mm²,1243 mm²,1200 mm²,50,Geometry - Area,Multiple Choice,P4Q50_9
"The area of the shaded triangle is 50 cm².
What is the area of the large triangle?",P4Q50_1.png,249 cm²,50 cm²,200 cm²,400 cm²,150 cm²,200 cm²,50,Geometry - Area,Multiple Choice,P4Q50_10
"The area of the shaded triangle is 100 mm².
What is the area of the large triangle?",P4Q50_1.png,100 mm²,800 mm²,300 mm²,400 mm²,465 mm²,400 mm²,50,Geometry - Area,Multiple Choice,P4Q50_11
"The area of the shaded triangle is 300 cm².
What is the area of the large triangle?",P4Q50_1.png,600 cm²,900 cm²,2400 cm²,300 cm²,1200 cm²,1200 cm²,50,Geometry - Area,Multiple Choice,P4Q50_12
"The area of the shaded triangle is 100 cm².
What is the area of the large triangle?",P4Q50_1.png,400 cm²,300 cm²,100 cm²,200 cm²,800 cm²,400 cm²,50,Geometry - Area,Multiple Choice,P4Q50_13
"The area of the shaded triangle is 100 cm².
What is the area of the large triangle?",P4Q50_1.png,480 cm²,400 cm²,100 cm²,300 cm²,800 cm²,400 cm²,50,Geometry - Area,Multiple Choice,P4Q50_14
"The area of the shaded triangle is 100 cm².
What is the area of the large triangle?",P4Q50_1.png,100 cm²,447 cm²,300 cm²,800 cm²,400 cm²,400 cm²,50,Geometry - Area,Multiple Choice,P4Q50_15
"The area of the shaded triangle is 50 mm².
What is the area of the large triangle?",P4Q50_1.png,50 mm²,150 mm²,400 mm²,100 mm²,200 mm²,200 mm²,50,Geometry - Area,Multiple Choice,P4Q50_16
"The area of the shaded triangle is 200 mm².
What is the area of the large triangle?",P4Q50_1.png,600 mm²,800 mm²,1600 mm²,200 mm²,400 mm²,800 mm²,50,Geometry - Area,Multiple Choice,P4Q50_17
"The area of the shaded triangle is 50 mm².
What is the area of the large triangle?",P4Q50_1.png,400 mm²,200 mm²,100 mm²,294 mm²,50 mm²,200 mm²,50,Geometry - Area,Multiple Choice,P4Q50_18
"The area of the shaded triangle is 100 mm².
What is the area of the large triangle?",P4Q50_1.png,438 mm²,100 mm²,800 mm²,300 mm²,400 mm²,400 mm²,50,Geometry - Area,Multiple Choice,P4Q50_19
"The area of the shaded triangle is 100 cm².
What is the area of the large triangle?",P4Q50_1.png,100 cm²,300 cm²,465 cm²,800 cm²,400 cm²,400 cm²,50,Geometry - Area,Multiple Choice,P4Q50_20
